Frequency,M,Station,On,Off,Language,Site,TX Country,Days,Target,Power,Azimuth,Origin,Source
2485000,AM,Vanuatu Broadcasting and Television Corporation,1000,1900,Bislama,Port Vila,Vanuatu,1234567,,10,0,Vanuatu,HFCC
3195000,AM,"WNQM, Inc.",2100,0100,English,"Nashville, TN",United States,1234567,,100,46,United States,HFCC
3195000,AM,"WNQM, Inc.",2100,0100,English,"Nashville, TN",United States,1234567,,100,46,United States,HFCC
3195000,AM,"WNQM, Inc.",2100,0100,English,"Nashville, TN",United States,1234567,,100,46,United States,HFCC
3215000,AM,"WNQM, Inc.",0100,1200,English,"Nashville, TN",United States,1234567,,100,46,United States,HFCC
3215000,AM,"WNQM, Inc.",0100,1200,English,"Nashville, TN",United States,1234567,,100,46,United States,HFCC
3215000,AM,"WNQM, Inc.",0100,1200,English,"Nashville, TN",United States,1234567,,100,46,United States,HFCC
3215000,AM,"WNQM, Inc.",2100,1200,English,"Nashville, TN",United States,1234567,,100,46,United States,HFCC
3265000,AM,Allan H. Weiner,0000,2400,English,"Monticello, ME",United States,1234567,,50,245,United States,HFCC
3325000,AM,Radio Republic of Indonesia,1000,1100,English,Palangkaraya,Indonesia,1234567,,40,0,Indonesia,HFCC
3325000,AM,Radio Republic of Indonesia,1100,1200,Mandarin Chinese,Palangkaraya,Indonesia,1234567,,40,0,Indonesia,HFCC
3325000,AM,Radio Republic of Indonesia,1200,1300,Japanese,Palangkaraya,Indonesia,1234567,,40,0,Indonesia,HFCC
3325000,AM,Radio Republic of Indonesia,1300,1400,English,Palangkaraya,Indonesia,1234567,,40,0,Indonesia,HFCC
3325000,AM,Radio Republic of Indonesia,1400,1500,Indonesian,Palangkaraya,Indonesia,1234567,,40,0,Indonesia,HFCC
3325000,AM,Radio Republic of Indonesia,1500,1600,Mandarin Chinese,Palangkaraya,Indonesia,1234567,,40,0,Indonesia,HFCC
3325000,AM,Radio Republic of Indonesia,1600,1700,Arabic,Palangkaraya,Indonesia,1234567,,40,0,Indonesia,HFCC
3325000,AM,Radio Republic of Indonesia,1800,1900,Spanish,Palangkaraya,Indonesia,1234567,,40,0,Indonesia,HFCC
3325000,AM,Radio Republic of Indonesia,1900,2000,German,Palangkaraya,Indonesia,1234567,,40,0,Indonesia,HFCC
3325000,AM,Radio Republic of Indonesia,2000,2100,English,Palangkaraya,Indonesia,1234567,,40,0,Indonesia,HFCC
3325000,AM,Radio Republic of Indonesia,2100,2200,French,Palangkaraya,Indonesia,1234567,,40,0,Indonesia,HFCC
3325000,AM,Radio Republic of Indonesia,2200,2300,English,Palangkaraya,Indonesia,1234567,,40,0,Indonesia,HFCC
3325000,AM,Radio Republic of Indonesia,2300,2400,Japanese,Palangkaraya,Indonesia,1234567,,40,0,Indonesia,HFCC
3900000,AM,China National Radio,0900,1440,Chinese,Hailar,China,1234567,,10,242,China,HFCC
3900000,AM,China National Radio,2130,0700,Chinese,Hailar,China,1234567,,10,242,China,HFCC
3930000,AM,The Overcomer Ministry,0000,2400,English,Sofia,Bulgaria,1234567,,20,0,Bulgaria,HFCC
3945000,AM,Vanuatu Broadcasting and Television Corporation,0600,1100,Bislama,Port Vila,Vanuatu,1234567,,10,0,Vanuatu,HFCC
3945000,AM,Vanuatu Broadcasting and Television Corporation,1900,2000,Bislama,Port Vila,Vanuatu,1234567,,10,0,Vanuatu,HFCC
3950000,AM,China National Radio,1208,1800,Chinese,Urumqi,China,1234567,,100,0,China,HFCC
3950000,AM,China National Radio,2330,0300,Chinese,Urumqi,China,1234567,,100,0,China,HFCC
3955000,AM,BBC Worldservice,0459,0600,English,Woofferton,United Kingdom,1234567,,100,114,United Kingdom,HFCC
3955000,AM,Channel 292 (Germany),0700,2000,German,Rohrbach,Germany,1234567,,1,0,Germany,HFCC
3955000,AM,Korean Broadcasting System,2000,2100,German,Woofferton,United Kingdom,1234567,,250,114,United Kingdom,HFCC
3955000,AM,Channel 292 (Germany),2200,0459,German,Rohrbach,Germany,1234567,,1,0,Germany,HFCC
3965000,AM,World Music Radio,0000,2359,Multiple languages,Hvidovre,Denmark,1234567,,2,0,Denmark,HFCC
3965000,AM,Radio Delta International,0000,2400,Dutch,Elburg,Netherlands,1234567,,5,0,Netherlands,HFCC
3975000,AM,Shortwave Radio Services (Germany),0000,2400,Multiple languages,Winsen,Germany,1234567,,5,0,Germany,HFCC
3985000,AM,Radio Delta International,0000,2400,Dutch,Elburg,Netherlands,1234567,,5,0,Netherlands,HFCC
3985000,AM,China National Radio,1200,1605,Chinese,Geermu,China,1234567,,100,0,China,HFCC
3985000,AM,Radio Horizon,1600,2400,Dutch,Ankum,Netherlands,1234567,,5,0,Netherlands,HFCC
3990000,AM,China National Radio,0355,0620,Chinese,Lanzhou,China,1234567,,10,0,China,HFCC
3990000,AM,China National Radio,1025,1345,Chinese,Lanzhou,China,1234567,,10,0,China,HFCC
3990000,AM,China National Radio,1200,1800,Uighur,Urumqi,China,1234567,,100,0,China,HFCC
3990000,AM,China National Radio,2255,0120,Chinese,Lanzhou,China,1234567,,10,0,China,HFCC
3990000,AM,China National Radio,2330,0300,Uighur,Urumqi,China,1234567,,100,0,China,HFCC
3995000,AM,Voice of the Andes,0500,2400,Multiple languages,Weenermoor,Germany,1234567,,1,90,Germany,HFCC
4500000,AM,China National Radio,0000,0330,Mongolian,Urumqi,China,1234567,,50,0,China,HFCC
4500000,AM,China National Radio,1230,1800,Mongolian,Urumqi,China,1234567,,50,0,China,HFCC
4750000,AM,China National Radio,1958,1730,Chinese,Hailar,China,1234567,,10,192,China,HFCC
4755000,AM,Radio Republic of Indonesia,1000,1100,English,Djakarta,Indonesia,1234567,,3,345,Indonesia,HFCC
4755000,AM,Radio Republic of Indonesia,1100,1200,Mandarin Chinese,Djakarta,Indonesia,1234567,,3,345,Indonesia,HFCC
4755000,AM,Radio Republic of Indonesia,1200,1300,Japanese,Djakarta,Indonesia,1234567,,3,345,Indonesia,HFCC
4755000,AM,Radio Republic of Indonesia,1300,1400,English,Djakarta,Indonesia,1234567,,3,345,Indonesia,HFCC
4755000,AM,Radio Republic of Indonesia,1400,1500,Indonesian,Djakarta,Indonesia,1234567,,3,345,Indonesia,HFCC
4755000,AM,Radio Republic of Indonesia,1500,1600,Mandarin Chinese,Djakarta,Indonesia,1234567,,3,345,Indonesia,HFCC
4755000,AM,Radio Republic of Indonesia,1600,1700,Arabic,Djakarta,Indonesia,1234567,,3,345,Indonesia,HFCC
4755000,AM,Radio Republic of Indonesia,1800,1900,Spanish,Djakarta,Indonesia,1234567,,3,345,Indonesia,HFCC
4755000,AM,Radio Republic of Indonesia,1900,2000,German,Djakarta,Indonesia,1234567,,3,345,Indonesia,HFCC
4755000,AM,Radio Republic of Indonesia,2000,2100,English,Djakarta,Indonesia,1234567,,3,345,Indonesia,HFCC
4755000,AM,Radio Republic of Indonesia,2100,2200,French,Djakarta,Indonesia,1234567,,3,345,Indonesia,HFCC
4755000,AM,Radio Republic of Indonesia,2200,2300,English,Djakarta,Indonesia,1234567,,3,345,Indonesia,HFCC
4755000,AM,Radio Republic of Indonesia,2300,2400,Japanese,Djakarta,Indonesia,1234567,,3,345,Indonesia,HFCC
4760000,AM,All India Radio,0130,0410,Multiple languages,Leh,India,1234567,,10,130,India,HFCC
4760000,AM,All India Radio,1030,1700,Multiple languages,Leh,India,1234567,,10,130,India,HFCC
4760000,AM,All India Radio,1200,1630,Multiple languages,Leh,India,1234567,,10,130,India,HFCC
4800000,AM,China National Radio,2025,1805,Chinese,Geermu,China,1234567,,100,0,China,HFCC
4820000,AM,China National Radio,2000,1800,Chinese,Lhasa,China,1234567,,100,0,China,HFCC
4830000,AM,Mongol Radio & Television,2300,1600,Mongolian,Ulan Bator,Mongolia,1234567,,10,0,Mongolia,HFCC
4840000,AM,"WNQM, Inc.",0000,1200,English,"Nashville, TN",United States,1234567,,100,40,United States,HFCC
4840000,AM,"WNQM, Inc.",0000,1200,English,"Nashville, TN",United States,1234567,,100,40,United States,HFCC
4840000,AM,"WNQM, Inc.",0000,1200,English,"Nashville, TN",United States,1234567,,100,40,United States,HFCC
4850000,AM,China National Radio,0000,0328,Kazakh,Urumqi,China,1234567,,100,0,China,HFCC
4850000,AM,China National Radio,1158,1800,Kazakh,Urumqi,China,1234567,,100,0,China,HFCC
4895000,AM,Mongol Radio & Television,2300,1600,Mongolian,Ulan Bator,Mongolia,1234567,,10,0,Mongolia,HFCC
4905000,AM,China National Radio,2050,1805,Tibetan,Lhasa,China,1234567,,100,0,China,HFCC
4920000,AM,China National Radio,2050,1805,Tibetan,Lhasa,China,1234567,,100,0,China,HFCC
4930000,AM,United States Agency for Global Media (USAGM),0530,0700,English,Moepeng Hill,Botswana,36,,100,20,Botswana,HFCC
4930000,AM,United States Agency for Global Media (USAGM),1200,1400,English,Moepeng Hill,Botswana,36,,100,20,Botswana,HFCC
4980000,AM,China National Radio,1200,1800,Uighur,Urumqi,China,1234567,,50,230,China,HFCC
4980000,AM,China National Radio,2330,0300,Uighur,Urumqi,China,1234567,,50,230,China,HFCC
4990000,AM,China National Radio,0300,0500,Chinese,Wuhan,China,1234567,,2,0,China,HFCC
4990000,AM,China National Radio,0900,1700,Chinese,Wuhan,China,1234567,,2,0,China,HFCC
4990000,AM,China National Radio,2030,0100,Chinese,Wuhan,China,1234567,,2,0,China,HFCC
5010000,AM,Radio Miami International,2300,0500,English / Spanish,"Okeechobee, FL",United States,1234567,,100,181,United States,HFCC
5020000,AM,Solomon Islands Broadcasting,0800,1200,Bislama,Honiara,Solomon,1234567,,10,0,Solomon,HFCC
5020000,AM,Solomon Islands Broadcasting,1200,2000,Bislama,Honiara,Solomon,1234567,,10,0,Solomon,HFCC
5040000,AM,Vanuatu Broadcasting and Television Corporation,2100,0100,Bislama,Port Vila,Vanuatu,1234567,,10,0,Vanuatu,HFCC
5050000,AM,Radio Miami International,0000,0500,English / Spanish,"Okeechobee, FL",United States,1234567,,100,160,United States,HFCC
5050000,AM,China National Radio,1000,1600,Chinese,Nanning,China,1234567,,100,232,China,HFCC
5050000,AM,China National Radio,2300,0100,Chinese,Nanning,China,1234567,,100,232,China,HFCC
5060000,AM,China National Radio,1200,1800,Chinese,Urumqi,China,1234567,,50,230,China,HFCC
5060000,AM,China National Radio,2330,0300,Chinese,Urumqi,China,1234567,,50,230,China,HFCC
5085000,AM,"Leap of Faith, Inc.",0100,0500,English,"Lebanon, TN",United States,1234567,,100,40,United States,HFCC
5130000,AM,Allan H. Weiner,0000,2400,English,"Monticello, ME",United States,1234567,,50,245,United States,HFCC
5800000,AM,Radio Miami International,0100,0500,English / Spanish,"Okeechobee, FL",United States,1234567,,100,160,United States,HFCC
5850000,AM,Radio Miami International,2200,1300,English / Slovak / French,"Okeechobee, FL",United States,1234567,,100,315,United States,HFCC
5860000,AM,United States Agency for Global Media (USAGM),0000,2400,Persian,Kuwait,Kuwait,1234567,,250,50,Kuwait,HFCC
5875000,AM,For new organization,0400,0458,English,Sofia,Bulgaria,1234567,,70,306,Bulgaria,HFCC
5875000,AM,BBC Worldservice,0459,0600,English,Woofferton,United Kingdom,1234567,,100,78,United Kingdom,HFCC
5875000,AM,United States Agency for Global Media (USAGM),2200,2300,Mandarin Chinese,Tinang 1,Philippines,1234567,,250,315,Philippines,HFCC
5885000,AM,United States Agency for Global Media (USAGM),1300,1500,Mandarin Chinese,Tinang 1,Philippines,1234567,,250,332,Philippines,HFCC
5890000,AM,"WNQM, Inc.",0100,1200,English,"Nashville, TN",United States,1234567,,100,90,United States,HFCC
5890000,AM,"WNQM, Inc.",0100,1200,English,"Nashville, TN",United States,1234567,,100,90,United States,HFCC
5890000,AM,"WNQM, Inc.",0100,1200,English,"Nashville, TN",United States,1234567,,100,90,United States,HFCC
5895000,AM,For new organization,0000,2400,Norwegian,Sveio,Norway,1234567,,1,0,Norway,HFCC
5900000,AM,For new organization,0000,2359,English,Sofia,Bulgaria,1234567,,250,306,Bulgaria,HFCC
5900000,AM,Radio Horizon,0700,1700,Dutch,Ankum,Netherlands,1234567,,5,0,Netherlands,HFCC
5905000,AM,Deutscher Wetterdienst,0600,0630,German,Pinneberg,Germany,1234567,,10,0,Germany,HFCC
5905000,AM,Deutscher Wetterdienst,1200,1230,German,Pinneberg,Germany,1234567,,10,0,Germany,HFCC
5905000,AM,Deutscher Wetterdienst,1600,1630,German,Pinneberg,Germany,1234567,,10,0,Germany,HFCC
5905000,AM,Deutscher Wetterdienst,2000,2030,German,Pinneberg,Germany,1234567,,10,0,Germany,HFCC
5910000,AM,"HFCC, Intl. Radio for Disaster Relief project",0000,2400,Undetermined,S. Maria di Galeria,Vatican,1234567,,100,0,Vatican,HFCC
5910000,AM,Radio Romania International,1430,1500,Macedo Romanian,Tiganesti,Romania,1234567,,100,240,Romania,HFCC
5910000,AM,Radio Romania International,1500,1530,Ukrainian,Tiganesti,Romania,1234567,,100,30,Romania,HFCC
5910000,AM,Radio Romania International,1530,1600,Serbian,Tiganesti,Romania,1234567,,100,270,Romania,HFCC
5910000,AM,Radio Romania International,1600,1630,Italian,Tiganesti,Romania,1234567,,100,270,Romania,HFCC
5910000,AM,Radio Romania International,1630,1700,Macedo Romanian,Tiganesti,Romania,1234567,,100,240,Romania,HFCC
5910000,AM,Radio Romania International,1700,1730,Ukrainian,Tiganesti,Romania,1234567,,100,30,Romania,HFCC
5910000,AM,Radio Romania International,1730,1800,Serbian,Tiganesti,Romania,1234567,,100,270,Romania,HFCC
5910000,AM,Radio Romania International,1800,1830,Italian,Tiganesti,Romania,1234567,,30,270,Romania,HFCC
5910000,AM,Radio Romania International,1830,1900,Macedo Romanian,Tiganesti,Romania,1234567,,100,240,Romania,HFCC
5910000,AM,Radio Romania International,1900,1930,Ukrainian,Tiganesti,Romania,1234567,,100,30,Romania,HFCC
5910000,AM,Radio Romania International,1930,2000,Serbian,Tiganesti,Romania,1234567,,100,270,Romania,HFCC
5920000,AM,"Leap of Faith, Inc.",0000,1400,English,"Lebanon, TN",United States,1234567,,100,50,United States,HFCC
5920000,AM,Korean Broadcasting System,0000,2400,Korean,HwaSung,Korea (Rep. of),1234567,,10,0,Korea (Rep. of),HFCC
5920000,AM,Voice of the Andes,0700,2200,Multiple languages,Weenermoor,Germany,1234567,,1,145,Germany,HFCC
5920000,AM,Japan International Communications,1300,1500,Multiple languages,Tokyo Yamata,Japan,1234567,,300,290,Japan,HFCC
5920000,AM,Radio Russia,1400,2200,Russian,Moskva,Russia,1234567,,200,190,Russia,HFCC
5920000,AM,Japan International Communications,1555,1600,Multiple languages,Tokyo Yamata,Japan,1234567,,300,290,Japan,HFCC
5920000,AM,Japan International Communications,1600,1700,Multiple languages,Tokyo Yamata,Japan,1234567,,300,290,Japan,HFCC
5925000,AM,China National Radio,1000,1705,Chinese,Beijing,China,1234567,,100,163,China,HFCC
5925000,AM,China National Radio,2055,2400,Chinese,Beijing,China,1234567,,100,163,China,HFCC
5930000,AM,World Music Radio,0000,2359,Multiple languages,Bramming,Denmark,1234567,,4,0,Denmark,HFCC
5930000,AM,World Music Radio,0000,2359,Multiple languages,Ishoej,Denmark,1234567,,4,0,Denmark,HFCC
5930000,AM,Radio Russia,1500,2000,Russian,Armavir,Russia,1234567,,100,157,Russia,HFCC
5935000,AM,"WNQM, Inc.",0000,1200,English,"Nashville, TN",United States,1234567,,100,85,United States,HFCC
5935000,AM,"WNQM, Inc.",0000,1200,English,"Nashville, TN",United States,1234567,,100,85,United States,HFCC
5935000,AM,"WNQM, Inc.",0000,1200,English,"Nashville, TN",United States,1234567,,100,85,United States,HFCC
5935000,AM,Media Broadcast GmbH,1300,1400,Multiple languages,Nauen,Germany,1234567,,100,233,Germany,HFCC
5935000,AM,Japan International Communications,1300,1500,Multiple languages,Tokyo Yamata,Japan,1234567,,300,290,Japan,HFCC
5935000,AM,Japan International Communications,1500,1700,Multiple languages,Tokyo Yamata,Japan,1234567,,300,290,Japan,HFCC
5935000,AM,China National Radio,2000,1800,Chinese,Lhasa,China,1234567,,100,85,China,HFCC
5945000,AM,Radio Russia,0000,2400,Russian,Irkutsk,Russia,1234567,,5,0,Russia,HFCC
5945000,AM,Media Broadcast GmbH,0700,0730,Multiple languages,Nauen,Germany,1,,100,260,Germany,HFCC
5945000,AM,Media Broadcast GmbH,0700,0745,Multiple languages,Nauen,Germany,7,,100,260,Germany,HFCC
5945000,AM,Radio New Zealand,0700,1300,English,Rangitaiki,New Zealand,1234567,,50,325,New Zealand,HFCC
5945000,AM,Radio New Zealand,0700,1300,English,Rangitaiki,New Zealand,6,,50,35,New Zealand,HFCC
5945000,AM,China National Radio,1300,1805,Chinese,Beijing,China,1234567,,100,222,China,HFCC
5945000,AM,China National Radio,2025,2300,Chinese,Beijing,China,1234567,,100,222,China,HFCC
5950000,AM,Radio Miami International,0000,0500,English,"Okeechobee, FL",United States,1234567,,100,355,United States,HFCC
5955000,AM,H. Visser,0500,1800,English,Putten,Netherlands,1234567,,1,90,Netherlands,HFCC
5955000,AM,China Radio International,1100,1300,English,Beijing,China,1234567,,150,95,China,HFCC
5955000,AM,China Radio International,1300,1400,English,Beijing,China,1234567,,150,95,China,HFCC
5955000,AM,China Radio International,1400,1500,English,Beijing,China,1234567,,150,95,China,HFCC
5955000,AM,China Radio International,1500,1600,English,Beijing,China,1234567,,150,95,China,HFCC
5955000,AM,Japan International Communications,1555,1600,Multiple languages,Tokyo Yamata,Japan,1234567,,300,290,Japan,HFCC
5955000,AM,Japan International Communications,1600,1700,Multiple languages,Tokyo Yamata,Japan,1234567,,300,290,Japan,HFCC
5955000,AM,Japan International Communications,1700,1800,Multiple languages,Tokyo Yamata,Japan,1234567,,300,290,Japan,HFCC
5955000,AM,Japan International Communications,1800,1805,Multiple languages,Tokyo Yamata,Japan,1234567,,300,290,Japan,HFCC
5955000,AM,Abu Dhabi Media Company,2200,2300,English,Dhabayya,United Arab Emirates,1234567,,250,80,United Arab Emirates,HFCC
5960000,AM,Media Broadcast GmbH,0000,0200,Dutch / English,Nauen,Germany,1,,125,300,Germany,HFCC
5960000,AM,Ministry of Information - State of Kuwait,0200,0900,Arabic,KABD,Kuwait,1234567,,250,0,Kuwait,HFCC
5960000,AM,Media Broadcast GmbH,1300,1400,Multiple languages,Nauen,Germany,1234567,,100,233,Germany,HFCC
5960000,AM,Turkish Radio-TV Corp,1830,2100,Turkish,Emirler,Turkey,1234567,,250,150,Turkey,HFCC
5960000,AM,TDF (France),1900,1950,English,Issoudun,France,17,,250,333,France,HFCC
5960000,AM,TDF (France),2000,2035,English,Issoudun,France,1,,250,333,France,HFCC
5960000,AM,China National Radio,2330,1800,Chinese,Urumqi,China,1234567,,100,0,China,HFCC
5965000,AM,China National Radio,1000,1805,Chinese,Nanning,China,1234567,,100,142,China,HFCC
5965000,AM,Japan International Communications,1300,1400,Multiple languages,Tokyo Yamata,Japan,1234567,,300,290,Japan,HFCC
5965000,AM,China Radio International,1400,1500,Korean,Xian,China,1234567,,500,73,China,HFCC
5965000,AM,China Radio International,1500,1600,Russian,Beijing,China,1234567,,500,55,China,HFCC
5970000,AM,China National Radio,0355,0620,Chinese,Lanzhou,China,1234567,,50,0,China,HFCC
5970000,AM,China National Radio,1025,1345,Chinese,Lanzhou,China,1234567,,50,0,China,HFCC
5970000,AM,BBC Worldservice,1400,1500,Dari,A'Seela,Oman,1234567,,250,35,Oman,HFCC
5970000,AM,BBC Worldservice,1500,1600,Pushto,A'Seela,Oman,1234567,,250,35,Oman,HFCC
5970000,AM,BBC Worldservice,1600,1630,Dari,A'Seela,Oman,1234567,,250,63,Oman,HFCC
5970000,AM,BBC Worldservice,1630,1700,Dari,A'Seela,Oman,17,,250,63,Oman,HFCC
5970000,AM,BBC Worldservice,1630,1700,Pushto,A'Seela,Oman,23456,,250,63,Oman,HFCC
5970000,AM,BBC Worldservice,1800,1830,Persian,A'Seela,Oman,1234567,,250,345,Oman,HFCC
5970000,AM,BBC Worldservice,1830,1930,Persian,A'Seela,Oman,1234567,,250,345,Oman,HFCC
5970000,AM,China National Radio,2255,0120,Chinese,Lanzhou,China,1234567,,50,0,China,HFCC
5975000,AM,China National Radio,0600,1505,Korean,Beijing,China,1234567,,100,63,China,HFCC
5975000,AM,Korean Broadcasting System,0700,0200,Korean,HwaSung,Korea (Rep. of),1234567,,100,0,Korea (Rep. of),HFCC
5975000,AM,Radio New Zealand,1645,1900,English,Rangitaiki,New Zealand,123457,,35,35,New Zealand,HFCC
5975000,AM,China Radio International,2200,2300,Standard Chinese,Beijing,China,1234567,,500,257,China,HFCC
5980000,AM,Japan International Communications,1300,1500,Multiple languages,Tokyo Yamata,Japan,1234567,,300,290,Japan,HFCC
5980000,AM,Radio New Zealand,1300,1645,English,Rangitaiki,New Zealand,1234567,,50,325,New Zealand,HFCC
5980000,AM,Radio New Zealand,1300,1645,English,Rangitaiki,New Zealand,1234567,,50,35,New Zealand,HFCC
5980000,AM,Japan International Communications,1500,1505,Multiple languages,Tokyo Yamata,Japan,1234567,,300,290,Japan,HFCC
5980000,AM,Japan International Communications,1530,1800,Multiple languages,Tokyo Yamata,Japan,1234567,,300,290,Japan,HFCC
5980000,AM,Japan International Communications,1800,1805,Multiple languages,Tokyo Yamata,Japan,1234567,,300,290,Japan,HFCC
5985000,AM,Abu Dhabi Media Company,0230,0330,Persian,Dhabayya,United Arab Emirates,1234567,,250,35,United Arab Emirates,HFCC
5985000,AM,China Radio International,1130,1200,Filipino,Beijing,China,1234567,,500,165,China,HFCC
5985000,AM,Japan International Communications,1600,1700,Multiple languages,Tokyo Yamata,Japan,1234567,,300,290,Japan,HFCC
5985000,AM,China Radio International,1600,1700,Swahili (macrolanguage),Beijing,China,1234567,,500,257,China,HFCC
5985000,AM,Japan International Communications,1700,1800,Multiple languages,Tokyo Yamata,Japan,1234567,,300,290,Japan,HFCC
5985000,AM,China Radio International,1700,1800,Swahili (macrolanguage),Beijing,China,1234567,,500,257,China,HFCC
5985000,AM,Japan International Communications,1800,1805,Multiple languages,Tokyo Yamata,Japan,1234567,,300,290,Japan,HFCC
5985000,AM,China Radio International,1900,2000,Portuguese,Beijing,China,1234567,,500,257,China,HFCC
5985000,AM,China Radio International,2000,2100,English,Beijing,China,1234567,,500,257,China,HFCC
5985000,AM,China National Radio,2025,2400,Chinese,Nanning,China,1234567,,100,142,China,HFCC
5990000,AM,China Radio International,0000,0100,Spanish,La Habana,Cuba,1234567,,250,0,Cuba,HFCC
5990000,AM,China Radio International,0100,0200,Russian,Kashi,China,1234567,,100,0,China,HFCC
5990000,AM,Media Broadcast GmbH,1000,1600,Multiple languages,Nauen,Germany,1234567,,125,233,Germany,HFCC
5990000,AM,China Radio International,1200,1300,Mongolian,Huhhot,China,1234567,,100,345,China,HFCC
5990000,AM,China Radio International,1300,1400,Russian,Huhhot,China,1234567,,100,345,China,HFCC
5990000,AM,China Radio International,1400,1500,Mongolian,Huhhot,China,1234567,,100,345,China,HFCC
5990000,AM,China Radio International,1500,1600,Russian,Huhhot,China,1234567,,100,345,China,HFCC
5990000,AM,Islamic Republic of Iran Broadcasting,1820,1920,Albanian,Sirjan,Iran (Islamic Rep. of),1234567,,500,300,Iran (Islamic Rep. of),HFCC
5990000,AM,China National Radio,2250,1600,Tibetan,Xining,China,1234567,,50,206,China,HFCC
5990000,AM,China Radio International,2300,2400,English,La Habana,Cuba,1234567,,250,0,Cuba,HFCC
5995000,AM,China Radio International,1600,1700,Russian,Geermu,China,1234567,,100,287,China,HFCC
5995000,AM,China National Radio,2055,2400,Chinese,Nanning,China,1234567,,100,142,China,HFCC
6000000,AM,Islamic Republic of Iran Broadcasting,0050,0220,Tajik,Sirjan,Iran (Islamic Rep. of),1234567,,500,65,Iran (Islamic Rep. of),HFCC
6000000,AM,All India Radio,0700,1000,Multiple languages,Leh,India,1234567,,10,130,India,HFCC
6000000,AM,China National Radio,1100,1805,Chinese,Beijing,China,1234567,,100,0,China,HFCC
6000000,AM,For new organization,1500,2359,English,Sofia,Bulgaria,1234567,,25,306,Bulgaria,HFCC
6000000,AM,China National Radio,2025,2330,Chinese,Beijing,China,1234567,,100,0,China,HFCC
6005000,AM,Radio Europe Netherlands,0000,1700,Dutch,Alphen aan den Rijn,Netherlands,1234567,,6,0,Netherlands,HFCC
6005000,AM,For new organization,1900,2100,Multiple languages,Sofia,Bulgaria,1234567,,250,306,Bulgaria,HFCC
6010000,AM,China National Radio,1300,1605,Tibetan,Baoji,China,1234567,,100,255,China,HFCC
6010000,AM,For new organization,1700,2200,French,Sofia,Bulgaria,1234567,,250,110,Bulgaria,HFCC
6010000,AM,China National Radio,2155,2400,Tibetan,Baoji,China,1234567,,100,255,China,HFCC
6015000,AM,China National Radio,0000,0348,Kazakh,Urumqi,China,1234567,,100,0,China,HFCC
6015000,AM,Korean Broadcasting System,0400,2400,Korean,HwaSung,Korea (Rep. of),1234567,,100,0,Korea (Rep. of),HFCC
6015000,AM,China National Radio,1153,1800,Kazakh,Urumqi,China,1234567,,100,0,China,HFCC
6015000,AM,The Overcomer Ministry,1400,1600,English,Nauen,Germany,1234567,,125,115,Germany,HFCC
6020000,AM,Korean Broadcasting System,0000,2400,Korean,HwaSung,Korea (Rep. of),1234567,,10,0,Korea (Rep. of),HFCC
6020000,AM,Radio Casanova International,0600,1300,Dutch,Winterswijk,Netherlands,1234567,,1,0,Netherlands,HFCC
6020000,AM,China Radio International,1900,2000,Albanian,Shijiazhuang,China,1234567,,500,315,China,HFCC
6020000,AM,China Radio International,2000,2100,Polish,Shijiazhuang,China,1234567,,500,315,China,HFCC
6025000,AM,China National Radio,1000,1100,Tibetan,Lhasa,China,2,,100,268,China,HFCC
6025000,AM,China National Radio,2050,1805,Tibetan,Lhasa,China,1234567,,100,268,China,HFCC
6030000,AM,United States Agency for Global Media (USAGM),0100,1200,Spanish,"Greenville, NC (Site B)",United States,1234567,,250,205,United States,HFCC
6030000,AM,China National Radio,1100,1605,Chinese,Nanning,China,1234567,,100,142,China,HFCC
6030000,AM,China National Radio,2025,1805,Chinese,Beijing,China,1234567,,30,0,China,HFCC
6035000,AM,China National Radio,1000,1500,Chinese,Kunming,China,1234567,,50,225,China,HFCC
6035000,AM,Japan International Communications,1555,1700,Multiple languages,Tokyo Yamata,Japan,1234567,,300,290,Japan,HFCC
6035000,AM,Japan International Communications,1950,2050,Multiple languages,Tokyo Yamata,Japan,1234567,,300,290,Japan,HFCC
6040000,AM,Telediffusion d'Algerie,0000,0100,Standard Arabic,Ourgla,Algeria,1234567,,300,210,Algeria,HFCC
6040000,AM,Radio Delta International,0000,2400,Dutch,Elburg,Netherlands,1234567,,5,0,Netherlands,HFCC
6040000,AM,Telediffusion d'Algerie,0100,0200,Standard Arabic,Ourgla,Algeria,1234567,,300,210,Algeria,HFCC
6040000,AM,Telediffusion d'Algerie,0200,0300,Standard Arabic,Ourgla,Algeria,1234567,,300,210,Algeria,HFCC
6040000,AM,Telediffusion d'Algerie,0300,0400,Standard Arabic,Ourgla,Algeria,1234567,,300,210,Algeria,HFCC
6040000,AM,Telediffusion d'Algerie,0400,0500,Standard Arabic,Ourgla,Algeria,1234567,,300,210,Algeria,HFCC
6040000,AM,Turkish Radio-TV Corp,0400,0600,Turkish,Emirler,Turkey,1234567,,250,138,Turkey,HFCC
6040000,AM,Telediffusion d'Algerie,0500,0600,Standard Arabic,Ourgla,Algeria,1234567,,300,210,Algeria,HFCC
6040000,AM,Radio Horizon,0700,2400,Dutch,Ankum,Netherlands,1234567,,5,0,Netherlands,HFCC
6040000,AM,Japan International Communications,1300,1400,Multiple languages,Tokyo Yamata,Japan,1234567,,300,290,Japan,HFCC
6040000,AM,China Radio International,1400,1500,Standard Chinese,Xian,China,1234567,,500,190,China,HFCC
6040000,AM,Japan International Communications,1700,1800,Multiple languages,Tokyo Yamata,Japan,1234567,,300,290,Japan,HFCC
6040000,AM,Japan International Communications,1950,2050,Multiple languages,Tokyo Yamata,Japan,1234567,,300,290,Japan,HFCC
6040000,AM,China National Radio,2055,2300,Chinese,Beijing,China,1234567,,150,180,China,HFCC
6040000,AM,China National Radio,2150,1605,Mongolian,Huhhot,China,1234567,,50,263,China,HFCC
6045000,AM,Media Broadcast GmbH,0800,0900,Dutch / English,Nauen,Germany,1,,125,240,Germany,HFCC
6045000,AM,Media Broadcast GmbH,0800,0900,Multiple languages,Nauen,Germany,1,,100,233,Germany,HFCC
6045000,AM,Media Broadcast GmbH,1000,1400,Multiple languages,Nauen,Germany,1234567,,100,233,Germany,HFCC
6045000,AM,Media Broadcast GmbH,1100,1400,Multiple languages,Nauen,Germany,1234567,,100,233,Germany,HFCC
6045000,AM,Radio Russia,2000,2130,Russian,Moskva,Russia,1234567,,250,240,Russia,HFCC
6050000,AM,China Radio International,1200,1300,Mongolian,Huhhot,China,1234567,,100,345,China,HFCC
6050000,AM,China Radio International,1300,1400,Russian,Huhhot,China,1234567,,100,345,China,HFCC
6050000,AM,Ministry of Information - State of Kuwait,1600,2100,Arabic,KABD,Kuwait,1234567,,100,0,Kuwait,HFCC
6050000,AM,China National Radio,2000,1800,Chinese,Lhasa,China,1234567,,100,290,China,HFCC
6055000,AM,Nihon Short-wave Broadc. Co.,0000,2400,Japanese,Tokyo Nagara,Japan,1234567,,50,64,Japan,HFCC
6055000,AM,Nihon Short-wave Broadc. Co.,0000,2400,Japanese,Tokyo Nagara,Japan,1234567,,50,244,Japan,HFCC
6055000,AM,Media Broadcast GmbH,1030,1100,Multiple languages,Nauen,Germany,17,,125,222,Germany,HFCC
6055000,AM,China Radio International,1400,1500,Central Khmer,Nanning,China,1234567,,100,200,China,HFCC
6055000,AM,Korean Broadcasting System,1500,1530,Korean,Kimjae,Korea (Rep. of),1234567,,250,305,Korea (Rep. of),HFCC
6060000,AM,China National Radio,1000,1515,Chinese,Chengdu,China,1234567,,50,358,China,HFCC
6060000,AM,For new organization,1530,1900,English,Sofia,Bulgaria,1234567,,100,30,Bulgaria,HFCC
6060000,AM,China Radio International,1600,1700,English,Kunming,China,1234567,,150,163,China,HFCC
6060000,AM,Radio Casanova International,1645,1800,Dutch,Winterswijk,Netherlands,1234567,,1,0,Netherlands,HFCC
6060000,AM,China Radio International,1700,1800,English,Kunming,China,1234567,,150,163,China,HFCC
6060000,AM,China National Radio,2155,0135,Chinese,Chengdu,China,1234567,,50,358,China,HFCC
6065000,AM,Adventist World Radio,0300,0400,Malagasy,Madagascar,Madagascar,1234567,,125,20,Madagascar,HFCC
6065000,AM,Korean Broadcasting System,1100,1400,Korean,Kimjae,Korea (Rep. of),1234567,,250,290,Korea (Rep. of),HFCC
6065000,AM,China National Radio,1200,1605,Chinese,Beijing,China,1234567,,150,220,China,HFCC
6065000,AM,Adventist World Radio,1500,1600,Malagasy,Madagascar,Madagascar,1234567,,125,20,Madagascar,HFCC
6065000,AM,Japan International Communications,1950,2050,Multiple languages,Tokyo Yamata,Japan,1234567,,300,290,Japan,HFCC
6065000,AM,China National Radio,2055,2230,Chinese,Beijing,China,1234567,,150,220,China,HFCC
6070000,AM,Channel 292 (Germany),0000,2400,German,Rohrbach,Germany,1234567,,2,0,Germany,HFCC
6070000,AM,Abu Dhabi Media Company,0200,0230,Urdu,Dhabayya,United Arab Emirates,1234567,,250,60,United Arab Emirates,HFCC
6070000,AM,Abu Dhabi Media Company,0230,0300,Pushto,Dhabayya,United Arab Emirates,6,,250,60,United Arab Emirates,HFCC
6070000,AM,Japan International Communications,1300,1400,Multiple languages,Tokyo Yamata,Japan,1234567,,300,290,Japan,HFCC
6070000,AM,Japan International Communications,1400,1500,Multiple languages,Tokyo Yamata,Japan,1234567,,300,290,Japan,HFCC
6070000,AM,Japan International Communications,1500,1505,Multiple languages,Tokyo Yamata,Japan,1234567,,300,290,Japan,HFCC
6070000,AM,Japan International Communications,1555,1600,Multiple languages,Tokyo Yamata,Japan,1234567,,300,290,Japan,HFCC
6070000,AM,Japan International Communications,1600,1800,Multiple languages,Tokyo Yamata,Japan,1234567,,300,290,Japan,HFCC
6070000,AM,Japan International Communications,1800,1805,Multiple languages,Tokyo Yamata,Japan,1234567,,300,290,Japan,HFCC
6075000,AM,China Radio International,0000,0100,English,Kashi,China,1234567,,100,174,China,HFCC
6075000,AM,China National Radio,0000,1600,Tibetan,Xining,China,1234567,,50,0,China,HFCC
6075000,AM,Radio Russia,1000,1400,Russian,Khabarovsk,Russia,1234567,,100,218,Russia,HFCC
6075000,AM,China National Radio,1400,1700,Chinese,Qiqihar,China,1234567,,100,203,China,HFCC
6075000,AM,China National Radio,2200,2400,Chinese,Beijing,China,1234567,,100,175,China,HFCC
6080000,AM,China National Radio,0925,1430,Mongolian,Hailar,China,1234567,,10,247,China,HFCC
6080000,AM,China National Radio,1100,1805,Chinese,Geermu,China,1234567,,100,236,China,HFCC
6080000,AM,Media Broadcast GmbH,1900,2200,Multiple languages,Erevan,Armenia,7,,100,305,Armenia,HFCC
6080000,AM,China National Radio,2025,2400,Chinese,Geermu,China,1234567,,100,236,China,HFCC
6080000,AM,China National Radio,2150,0230,Mongolian,Hailar,China,1234567,,10,247,China,HFCC
6080000,AM,Media Broadcast GmbH,2300,0200,Dutch / English,Nauen,Germany,1,,125,300,Germany,HFCC
6085000,AM,Radio 700,0800,1800,Multiple languages,Kall,Germany,1234567,,1,0,Germany,HFCC
6085000,AM,China Radio International,1500,1600,Russian,Huhhot,China,1234567,,100,345,China,HFCC
6090000,AM,China National Radio,1100,1605,Chinese,Geermu,China,1234567,,100,172,China,HFCC
6090000,AM,Japan International Communications,1300,1500,Multiple languages,Tokyo Yamata,Japan,1234567,,300,290,Japan,HFCC
6090000,AM,Japan International Communications,1500,1505,Multiple languages,Tokyo Yamata,Japan,1234567,,300,290,Japan,HFCC
6090000,AM,Japan International Communications,1555,1600,Multiple languages,Tokyo Yamata,Japan,1234567,,300,290,Japan,HFCC
6090000,AM,Japan International Communications,1600,1700,Multiple languages,Tokyo Yamata,Japan,1234567,,300,290,Japan,HFCC
6090000,AM,Japan International Communications,1700,1800,Multiple languages,Tokyo Yamata,Japan,1234567,,300,290,Japan,HFCC
6090000,AM,Japan International Communications,1800,1805,Multiple languages,Tokyo Yamata,Japan,1234567,,300,290,Japan,HFCC
6090000,AM,China Radio International,1900,1930,Romanian,Urumqi,China,1234567,,500,308,China,HFCC
6090000,AM,China Radio International,1930,2000,Romanian,Urumqi,China,1234567,,500,308,China,HFCC
6090000,AM,Korean Broadcasting System,2000,2100,Arabic,Woofferton,United Kingdom,1234567,,250,172,United Kingdom,HFCC
6090000,AM,Abu Dhabi Media Company,2000,2100,Arabic,Dhabayya,United Arab Emirates,1234567,,250,255,United Arab Emirates,HFCC
6090000,AM,China National Radio,2055,0100,Chinese,Geermu,China,1234567,,100,172,China,HFCC
6090000,AM,"WNQM, Inc.",2100,1200,English,"Nashville, TN",United States,1234567,,100,46,United States,HFCC
6090000,AM,"WNQM, Inc.",2100,1200,English,"Nashville, TN",United States,1234567,,100,46,United States,HFCC
6090000,AM,"WNQM, Inc.",2100,1300,English,"Nashville, TN",United States,1234567,,100,46,United States,HFCC
6095000,AM,Media Broadcast GmbH,0800,0900,Multiple languages,Nauen,Germany,1,,100,233,Germany,HFCC
6095000,AM,Media Broadcast GmbH,0800,1000,German,Nauen,Germany,1234567,,100,233,Germany,HFCC
6095000,AM,Media Broadcast GmbH,0800,1600,Dutch / English,Nauen,Germany,1234567,,100,240,Germany,HFCC
6095000,AM,Media Broadcast GmbH,0900,1000,German,Nauen,Germany,7,,100,233,Germany,HFCC
6095000,AM,Korean Broadcasting System,1000,1100,Japanese,Kimjae,Korea (Rep. of),1234567,,100,81,Korea (Rep. of),HFCC
6095000,AM,Media Broadcast GmbH,1000,1100,German,Issoudun,France,1,,100,60,France,HFCC
6095000,AM,Media Broadcast GmbH,1000,1100,German,Nauen,Germany,7,,100,233,Germany,HFCC
6095000,AM,Media Broadcast GmbH,1000,1400,German,Nauen,Germany,1234567,,100,233,Germany,HFCC
6095000,AM,Korean Broadcasting System,1100,1200,Chinese,Kimjae,Korea (Rep. of),1234567,,100,290,Korea (Rep. of),HFCC
6095000,AM,Media Broadcast GmbH,1100,1200,German,Nauen,Germany,1,,100,233,Germany,HFCC
6095000,AM,Korean Broadcasting System,1200,1300,Chinese,Kimjae,Korea (Rep. of),1234567,,100,290,Korea (Rep. of),HFCC
6095000,AM,Media Broadcast GmbH,1200,1300,German,Nauen,Germany,1,,100,233,Germany,HFCC
6095000,AM,Media Broadcast GmbH,1200,1400,German,Nauen,Germany,1,,100,233,Germany,HFCC
6095000,AM,Media Broadcast GmbH,1300,1400,Multiple languages,Nauen,Germany,1234567,,100,233,Germany,HFCC
6095000,AM,Media Broadcast GmbH,1300,1400,German,Nauen,Germany,1,,100,233,Germany,HFCC
6095000,AM,Radio New Zealand,1645,1900,English,Rangitaiki,New Zealand,123457,,35,35,New Zealand,HFCC
6100000,AM,Korean Broadcasting System,0000,2400,Korean,HwaSung,Korea (Rep. of),1234567,,10,0,Korea (Rep. of),HFCC
6100000,AM,China Radio International,1200,1300,Russian,Beijing,China,1234567,,500,55,China,HFCC
6100000,AM,China Radio International,1300,1400,Mongolian,Urumqi,China,1234567,,100,90,China,HFCC
6100000,AM,Media Broadcast GmbH,1400,1430,Dari,Tashkent,Ouzbékistan,1234567,,100,150,Ouzbékistan,HFCC
6100000,AM,Media Broadcast GmbH,1430,1500,Pushto,Tashkent,Ouzbékistan,1234567,,100,150,Ouzbékistan,HFCC
6100000,AM,China Radio International,1500,1600,Russian,Geermu,China,1234567,,100,287,China,HFCC
6100000,AM,China Radio International,1600,1700,Hindi,Kashi,China,1234567,,100,209,China,HFCC
6100000,AM,Trans World Radio,1700,1730,Yao,Manzini,Swaziland,1234567,,100,5,Swaziland,HFCC
6100000,AM,Media Broadcast GmbH,1800,2000,Multiple languages,Nauen,Germany,7,,100,73,Germany,HFCC
6100000,AM,Broadcasting Serv. of the Kingdom of Saudi Arabia,1800,2300,Arabic,Jeddah,Saudi Arabia,1234567,,250,340,Saudi Arabia,HFCC
6100000,AM,China Radio International,2000,2200,Arabic,Xian,China,1234567,,500,292,China,HFCC
6105000,AM,China National Radio,1000,1230,Chinese,Qiqihar,China,1234567,,500,206,China,HFCC
6105000,AM,China National Radio,1300,1400,Chinese,Qiqihar,China,1234567,,500,206,China,HFCC
6105000,AM,China Radio International,1400,1500,Mongolian,Huhhot,China,1234567,,100,345,China,HFCC
6105000,AM,China National Radio,2200,2400,Chinese,Qiqihar,China,1234567,,500,206,China,HFCC
6110000,AM,China National Radio,1100,1805,Tibetan,Lhasa,China,1234567,,100,220,China,HFCC
6110000,AM,Encompass Digital Media Services,1500,1530,Korean,Taipei,China,1234567,,300,352,China,HFCC
6110000,AM,Encompass Digital Media Services,1530,1600,Korean,Taipei,China,1234567,,300,352,China,HFCC
6110000,AM,Encompass Digital Media Services,1600,1630,Japanese,Taipei,China,1234567,,300,352,China,HFCC
6110000,AM,Encompass Digital Media Services,1630,1700,Korean,Taipei,China,1234567,,300,352,China,HFCC
6110000,AM,China Radio International,1900,2000,Russian,Xian,China,1234567,,500,292,China,HFCC
6110000,AM,China National Radio,2050,0330,Tibetan,Lhasa,China,1234567,,100,220,China,HFCC
6115000,AM,"WNQM, Inc.",0100,0200,English,"Nashville, TN",United States,1234567,,100,90,United States,HFCC
6115000,AM,"WNQM, Inc.",0100,0200,English,"Nashville, TN",United States,1234567,,100,90,United States,HFCC
6115000,AM,"WNQM, Inc.",0100,0200,English,"Nashville, TN",United States,1234567,,100,90,United States,HFCC
6115000,AM,"WNQM, Inc.",0200,2100,English,"Nashville, TN",United States,1234567,,100,40,United States,HFCC
6115000,AM,"WNQM, Inc.",0200,2100,English,"Nashville, TN",United States,1234567,,100,40,United States,HFCC
6115000,AM,"WNQM, Inc.",0200,2100,English,"Nashville, TN",United States,1234567,,100,40,United States,HFCC
6115000,AM,SE-TA 2 (Germany),1000,1200,German,Hartenstein Saxony,Germany,17,,1,0,Germany,HFCC
6115000,AM,"WNQM, Inc.",2100,0100,English,"Nashville, TN",United States,1234567,,100,46,United States,HFCC
6115000,AM,"WNQM, Inc.",2100,0100,English,"Nashville, TN",United States,1234567,,100,46,United States,HFCC
6115000,AM,"WNQM, Inc.",2100,0100,English,"Nashville, TN",United States,1234567,,100,46,United States,HFCC
6115000,AM,Nihon Short-wave Broadc. Co.,2300,1000,Japanese,Tokyo Nagara,Japan,1234567,,50,50,Japan,HFCC
6115000,AM,Nihon Short-wave Broadc. Co.,2300,1000,Japanese,Tokyo Nagara,Japan,1234567,,50,230,Japan,HFCC
6120000,AM,China National Radio,1203,1800,Uighur,Urumqi,China,1234567,,100,0,China,HFCC
6120000,AM,China National Radio,2330,0303,Uighur,Urumqi,China,1234567,,100,0,China,HFCC
6125000,AM,China National Radio,1000,1805,Chinese,Beijing,China,1234567,,100,37,China,HFCC
6125000,AM,China National Radio,1100,1805,Chinese,Shijiazhuang,China,1234567,,100,217,China,HFCC
6125000,AM,China National Radio,2025,2300,Chinese,Shijiazhuang,China,1234567,,100,217,China,HFCC
6125000,AM,China National Radio,2025,2300,Chinese,Beijing,China,1234567,,100,37,China,HFCC
6130000,AM,Radio Europe Netherlands,0000,2400,Dutch,Alphen aan den Rijn,Netherlands,1234567,,2,0,Netherlands,HFCC
6130000,AM,Broadcasting Serv. of the Kingdom of Saudi Arabia,1500,1800,Arabic,Jeddah,Saudi Arabia,1234567,,250,50,Saudi Arabia,HFCC
6130000,AM,Media Broadcast GmbH,1700,1900,Multiple languages,Nauen,Germany,1,,100,100,Germany,HFCC
6130000,AM,China National Radio,2050,1805,Tibetan,Lhasa,China,1234567,,100,290,China,HFCC
6135000,AM,Korean Broadcasting System,0000,2400,Korean,HwaSung,Korea (Rep. of),1234567,,10,0,Korea (Rep. of),HFCC
6135000,AM,BBC Worldservice,0529,0600,Hausa,Ascension,United Kingdom,1234567,,125,65,United Kingdom,HFCC
6135000,AM,Radio New Zealand,1645,1900,English,Rangitaiki,New Zealand,123457,,35,35,New Zealand,HFCC
6140000,AM,Radio Onda ASBL,0000,2400,Portuguese,Junglinster,Luxembourg,1234567,,1,0,Luxembourg,HFCC
6140000,AM,Media Broadcast GmbH,0800,0900,Multiple languages,Nauen,Germany,1,,100,240,Germany,HFCC
6140000,AM,Media Broadcast GmbH,0800,0900,German,Nauen,Germany,1,,100,240,Germany,HFCC
6140000,AM,Radio Russia,1600,2100,Russian,Irkutsk,Russia,1234567,,250,272,Russia,HFCC
6140000,AM,China Radio International,1700,1800,English,Kashi,China,1234567,,100,173,China,HFCC
6140000,AM,For new organization,1800,1830,Multiple languages,Sofia,Bulgaria,1234567,,250,100,Bulgaria,HFCC
6140000,AM,China Radio International,2200,2300,Standard Chinese,Kunming,China,1234567,,100,225,China,HFCC
6140000,AM,China Radio International,2300,2400,Cantonese,Kunming,China,1234567,,100,225,China,HFCC
6145000,AM,Media Broadcast GmbH,0000,0200,Dutch / English,Nauen,Germany,1,,125,300,Germany,HFCC
6145000,AM,Japan International Communications,1300,1400,Multiple languages,Tokyo Yamata,Japan,1234567,,300,290,Japan,HFCC
6145000,AM,Japan International Communications,1400,1500,Multiple languages,Tokyo Yamata,Japan,1234567,,300,290,Japan,HFCC
6145000,AM,China National Radio,1400,1700,Chinese,Baoji,China,1234567,,100,150,China,HFCC
6145000,AM,Japan International Communications,1500,1505,Multiple languages,Tokyo Yamata,Japan,1234567,,300,290,Japan,HFCC
6145000,AM,Japan International Communications,1555,1600,Multiple languages,Tokyo Yamata,Japan,1234567,,300,290,Japan,HFCC
6145000,AM,Japan International Communications,1600,1700,Multiple languages,Tokyo Yamata,Japan,1234567,,300,290,Japan,HFCC
6145000,AM,Korean Broadcasting System,1900,2000,French,Woofferton,United Kingdom,1234567,,250,114,United Kingdom,HFCC
6145000,AM,Abu Dhabi Media Company,2000,2100,Arabic,Dhabayya,United Arab Emirates,1234567,,250,285,United Arab Emirates,HFCC
6145000,AM,China National Radio,2200,1600,Chinese,Xining,China,1234567,,50,270,China,HFCC
6150000,AM,Korean Broadcasting System,0700,0800,Korean,Kimjae,Korea (Rep. of),1234567,,250,304,Korea (Rep. of),HFCC
6150000,AM,Europa 24 (Germany),0700,1500,Multiple languages,Datteln,Germany,1234567,,15,0,Germany,HFCC
6150000,AM,China National Radio,1100,1200,Chinese,Baoji,China,1234567,,100,150,China,HFCC
6150000,AM,Korean Broadcasting System,1600,1700,Korean,Kimjae,Korea (Rep. of),1234567,,250,304,Korea (Rep. of),HFCC
6150000,AM,BBC Worldservice,1700,1800,Dari,A'Seela,Oman,1234567,,250,63,Oman,HFCC
6150000,AM,Abu Dhabi Media Company,1800,1830,Tigrinya,Dhabayya,United Arab Emirates,1,,250,215,United Arab Emirates,HFCC
6150000,AM,BBC Worldservice,1800,1900,Pushto,A'Seela,Oman,1234567,,250,63,Oman,HFCC
6150000,AM,Japan International Communications,1950,2050,Multiple languages,Tokyo Yamata,Japan,1234567,,300,290,Japan,HFCC
6155000,AM,Korean Broadcasting System,0800,1100,Japanese,Kimjae,Korea (Rep. of),1234567,,100,0,Korea (Rep. of),HFCC
6155000,AM,Radio Russia,1200,1400,Russian,Irkutsk,Russia,1234567,,100,110,Russia,HFCC
6155000,AM,China Radio International,1400,1500,Russian,Geermu,China,1234567,,100,287,China,HFCC
6155000,AM,China Radio International,1500,1600,Standard Chinese,Beijing,China,1234567,,500,215,China,HFCC
6155000,AM,Abu Dhabi Media Company,1900,2000,English,Dhabayya,United Arab Emirates,1234567,,250,220,United Arab Emirates,HFCC
6160000,AM,Shortwave Radio Services (Germany),0000,2400,Multiple languages,Winsen,Germany,1234567,,5,0,Germany,HFCC
6160000,AM,Allan H. Weiner,0000,2400,English,"Monticello, ME",United States,1234567,,50,245,United States,HFCC
6160000,AM,China Radio International,2300,2400,English,Kashi,China,1234567,,100,174,China,HFCC
6165000,AM,Turkish Radio-TV Corp,0300,0400,English,Emirler,Turkey,1234567,,250,150,Turkey,HFCC
6165000,AM,Nippon Hoso Kyokai,0430,0450,Russian,Nauen,Germany,1234567,,125,85,Germany,HFCC
6165000,AM,China National Radio,0900,1605,Chinese,Beijing,China,1234567,,100,163,China,HFCC
6165000,AM,Japan International Communications,1300,1500,Multiple languages,Tokyo Yamata,Japan,1234567,,300,290,Japan,HFCC
6165000,AM,Japan International Communications,1500,1505,Multiple languages,Tokyo Yamata,Japan,1234567,,300,290,Japan,HFCC
6165000,AM,Japan International Communications,1555,1600,Multiple languages,Tokyo Yamata,Japan,1234567,,300,290,Japan,HFCC
6165000,AM,Japan International Communications,1600,1700,Multiple languages,Tokyo Yamata,Japan,1234567,,300,290,Japan,HFCC
6165000,AM,China Radio International,1600,1700,Turkish,Urumqi,China,1234567,,500,270,China,HFCC
6165000,AM,China Radio International,1700,1800,English,Beijing,China,1234567,,500,288,China,HFCC
6165000,AM,Japan International Communications,1950,2050,Multiple languages,Tokyo Yamata,Japan,1234567,,300,290,Japan,HFCC
6165000,AM,China National Radio,2155,0100,Chinese,Beijing,China,1234567,,100,163,China,HFCC
6170000,AM,Radio New Zealand,1300,1645,English,Rangitaiki,New Zealand,1234567,,50,325,New Zealand,HFCC
6170000,AM,Radio New Zealand,1300,1645,English,Rangitaiki,New Zealand,1234567,,50,35,New Zealand,HFCC
6170000,AM,Radio Delta International,1800,2100,Dutch,Elburg,Netherlands,1234567,,5,0,Netherlands,HFCC
6170000,AM,Korean Broadcasting System,2100,2200,Korean,Kimjae,Korea (Rep. of),1234567,,250,285,Korea (Rep. of),HFCC
6170000,AM,Korean Broadcasting System,2200,0100,Korean,Kimjae,Korea (Rep. of),1234567,,250,285,Korea (Rep. of),HFCC
6175000,AM,Radio Russia,1300,1700,Russian,Armavir,Russia,1234567,,100,188,Russia,HFCC
6175000,AM,Trans World Radio,1420,1450,Tsonga,Manzini,Swaziland,1,,50,3,Swaziland,HFCC
6175000,AM,China Radio International,1600,1700,English,Nanning,China,1234567,,100,200,China,HFCC
6175000,AM,China Radio International,1700,1800,English,Nanning,China,1234567,,100,200,China,HFCC
6175000,AM,Japan International Communications,1950,2050,Multiple languages,Tokyo Yamata,Japan,1234567,,300,290,Japan,HFCC
6180000,AM,China Radio International,0000,0100,English,Kashi,China,1234567,,100,173,China,HFCC
6180000,AM,China Radio International,0100,0200,English,Kashi,China,1234567,,100,173,China,HFCC
6180000,AM,China Radio International,0200,0300,Russian,Kashi,China,1234567,,100,0,China,HFCC
6180000,AM,China Radio International,0300,0400,Russian,Kashi,China,1234567,,100,0,China,HFCC
6180000,AM,China Radio International,0400,0500,Russian,Kashi,China,1234567,,100,0,China,HFCC
6180000,AM,Encompass Digital Media Services,0500,0529,Hausa,Ascension,United Kingdom,234567,,125,65,United Kingdom,HFCC
6180000,AM,Deutscher Wetterdienst,0600,0630,German,Pinneberg,Germany,1234567,,10,0,Germany,HFCC
6180000,AM,China National Radio,1000,1600,Chinese,Fuzhou,China,1234567,,150,358,China,HFCC
6180000,AM,Deutscher Wetterdienst,1200,1230,German,Pinneberg,Germany,1234567,,10,0,Germany,HFCC
6180000,AM,Deutscher Wetterdienst,1600,1630,German,Pinneberg,Germany,1234567,,10,0,Germany,HFCC
6180000,AM,Abu Dhabi Media Company,1700,1730,Somali,Dhabayya,United Arab Emirates,1234567,,250,215,United Arab Emirates,HFCC
6180000,AM,Abu Dhabi Media Company,1730,1800,Somali,Dhabayya,United Arab Emirates,1234567,,250,215,United Arab Emirates,HFCC
6180000,AM,Deutscher Wetterdienst,2000,2030,German,Pinneberg,Germany,1234567,,10,0,Germany,HFCC
6180000,AM,China Radio International,2300,2400,English,Kashi,China,1234567,,100,173,China,HFCC
6185000,AM,Japan International Communications,1000,1200,Multiple languages,Tokyo Yamata,Japan,1234567,,300,290,Japan,HFCC
6185000,AM,Media Broadcast GmbH,1800,1830,Multiple languages,Nauen,Germany,7,,100,73,Germany,HFCC
6190000,AM,China National Radio,0000,0330,Mongolian,Urumqi,China,1234567,,50,0,China,HFCC
6190000,AM,China National Radio,1230,1800,Mongolian,Urumqi,China,1234567,,50,0,China,HFCC
6190000,AM,Nippon Hoso Kyokai,1400,1500,Japanese,Tokyo Yamata,Japan,1234567,,300,290,Japan,HFCC
6190000,AM,Radio Delta International,1600,2055,Dutch,Elburg,Netherlands,1234567,,5,0,Netherlands,HFCC
6190000,AM,China National Radio,2055,2400,Chinese,Geermu,China,1234567,,100,0,China,HFCC
6195000,AM,BBC Worldservice,0030,0100,Dari,A'Seela,Oman,1234567,,250,35,Oman,HFCC
6195000,AM,BBC Worldservice,0100,0130,Pushto,A'Seela,Oman,1234567,,250,35,Oman,HFCC
6195000,AM,BBC Worldservice,0130,0200,Dari,A'Seela,Oman,1234567,,250,35,Oman,HFCC
6195000,AM,SE-TA 2 (Germany),0900,1400,German,Waldheim,Germany,1234567,,2,0,Germany,HFCC
6200000,AM,China National Radio,1300,1500,Chinese,Nanjing,China,1234567,,100,159,China,HFCC
6200000,AM,China National Radio,2050,1805,Tibetan,Lhasa,China,1234567,,100,85,China,HFCC
7205000,AM,Sudan National Broadcasting Corporation,0300,1900,Standard Arabic,Al-Fatihab,Sudan,1234567,,100,210,Sudan,HFCC
7205000,AM,Radio Republic of Indonesia,1000,2300,Indonesian,Djakarta,Indonesia,1234567,,1,90,Indonesia,HFCC
7205000,AM,China National Radio,1230,1800,Uighur,Urumqi,China,1234567,,50,230,China,HFCC
7205000,AM,China Radio International,1900,2000,Portuguese,Xian,China,1234567,,500,252,China,HFCC
7205000,AM,China Radio International,2000,2100,Standard Chinese,Xian,China,1234567,,500,252,China,HFCC
7205000,AM,Media Broadcast GmbH,2000,2100,Multiple languages,Nauen,Germany,135,,100,200,Germany,HFCC
7205000,AM,China Radio International,2100,2200,English,Xian,China,1234567,,500,252,China,HFCC
7205000,AM,China National Radio,2330,0300,Uighur,Urumqi,China,1234567,,50,230,China,HFCC
7210000,AM,Turkish Radio-TV Corp,1100,1130,Bulgarian,Emirler,Turkey,1234567,,250,300,Turkey,HFCC
7210000,AM,China National Radio,1100,1400,Chinese,Kunming,China,1234567,,50,225,China,HFCC
7210000,AM,China Radio International,1800,1900,Russian,Urumqi,China,1234567,,500,308,China,HFCC
7210000,AM,China National Radio,2300,0200,Chinese,Kunming,China,1234567,,50,225,China,HFCC
7215000,AM,SunDance,0000,2400,Dutch,Nijmegen,Netherlands,1234567,,15,0,Netherlands,HFCC
7215000,AM,Japan International Communications,1200,1300,Multiple languages,Tokyo Yamata,Japan,1234567,,300,290,Japan,HFCC
7215000,AM,Japan International Communications,1300,1400,Multiple languages,Tokyo Yamata,Japan,1234567,,300,290,Japan,HFCC
7215000,AM,Korean Broadcasting System,1300,1400,Russian,Kimjae,Korea (Rep. of),1234567,,100,0,Korea (Rep. of),HFCC
7215000,AM,China Radio International,1300,1400,Standard Chinese,Xian,China,1234567,,500,190,China,HFCC
7215000,AM,Japan International Communications,1400,1500,Multiple languages,Tokyo Yamata,Japan,1234567,,300,290,Japan,HFCC
7215000,AM,Korean Broadcasting System,1400,1600,English,Kimjae,Korea (Rep. of),1234567,,250,264,Korea (Rep. of),HFCC
7215000,AM,Japan International Communications,1500,1505,Multiple languages,Tokyo Yamata,Japan,1234567,,300,290,Japan,HFCC
7215000,AM,Japan International Communications,1555,1600,Multiple languages,Tokyo Yamata,Japan,1234567,,300,290,Japan,HFCC
7215000,AM,Japan International Communications,1600,1700,Multiple languages,Tokyo Yamata,Japan,1234567,,300,290,Japan,HFCC
7215000,AM,Japan International Communications,1700,1800,Multiple languages,Tokyo Yamata,Japan,1234567,,300,290,Japan,HFCC
7215000,AM,China Radio International,1700,1800,Swahili (macrolanguage),Xian,China,1234567,,500,252,China,HFCC
7215000,AM,Japan International Communications,1800,1805,Multiple languages,Tokyo Yamata,Japan,1234567,,300,290,Japan,HFCC
7215000,AM,China National Radio,2025,2400,Chinese,Shijiazhuang,China,1234567,,100,37,China,HFCC
7215000,AM,China Radio International,2200,2300,Standard Chinese,Kunming,China,1234567,,100,184,China,HFCC
7215000,AM,Korean Broadcasting System,2300,2400,Chinese,Kimjae,Korea (Rep. of),1234567,,100,290,Korea (Rep. of),HFCC
7220000,AM,China National Radio,0000,1200,Chinese,Geermu,China,1234567,,100,0,China,HFCC
7220000,AM,SunDance,0000,2400,Dutch,Nijmegen,Netherlands,1234567,,15,0,Netherlands,HFCC
7220000,AM,Media Broadcast GmbH,0700,0745,Multiple languages,Nauen,Germany,17,,100,260,Germany,HFCC
7220000,AM,Japan International Communications,1400,1500,Multiple languages,Tokyo Yamata,Japan,1234567,,300,290,Japan,HFCC
7220000,AM,Radio Romania International,2200,2300,English,Galbeni,Romania,1234567,,300,300,Romania,HFCC
7225000,AM,SunDance,0000,2400,Dutch,Nijmegen,Netherlands,1234567,,15,0,Netherlands,HFCC
7225000,AM,China National Radio,0955,1515,Chinese,Chengdu,China,1234567,,50,0,China,HFCC
7225000,AM,Media Broadcast GmbH,1200,1600,Multiple languages,Nauen,Germany,1234567,,100,242,Germany,HFCC
7225000,AM,China Radio International,1500,1600,Hindi,Urumqi,China,1234567,,500,212,China,HFCC
7225000,AM,Abu Dhabi Media Company,1600,1830,Somali,Dhabayya,United Arab Emirates,7,,250,215,United Arab Emirates,HFCC
7225000,AM,China National Radio,2155,0135,Chinese,Chengdu,China,1234567,,50,0,China,HFCC
7230000,AM,Radio Russia,0000,0500,Russian / Yakut,Iakutsk,Russia,1234567,,100,0,Russia,HFCC
7230000,AM,China National Radio,0530,1030,Mongolian,Urumqi,China,1234567,,50,0,China,HFCC
7230000,AM,China Radio International,1200,1300,Russian,Geermu,China,1234567,,100,287,China,HFCC
7230000,AM,China Radio International,1300,1400,Russian,Geermu,China,1234567,,100,287,China,HFCC
7230000,AM,China National Radio,2025,1805,Chinese,Xian,China,1234567,,150,0,China,HFCC
7235000,AM,Korean Broadcasting System,1300,1400,Russian,Kimjae,Korea (Rep. of),1234567,,100,0,Korea (Rep. of),HFCC
7235000,AM,Korean Broadcasting System,1400,1500,Russian,Kimjae,Korea (Rep. of),1234567,,100,0,Korea (Rep. of),HFCC
7235000,AM,China Radio International,1400,1500,Standard Chinese,Kashi,China,1234567,,100,173,China,HFCC
7235000,AM,China Radio International,1500,1600,Standard Chinese,Kashi,China,1234567,,100,173,China,HFCC
7235000,AM,China Radio International,1600,1700,English,Kashi,China,1234567,,100,173,China,HFCC
7235000,AM,China Radio International,1700,1800,English,Kashi,China,1234567,,100,173,China,HFCC
7240000,AM,China Radio International,0100,0200,Urdu,Kashi,China,1234567,,100,209,China,HFCC
7240000,AM,China National Radio,0900,1800,Chinese,Lhasa,China,1234567,,100,290,China,HFCC
7240000,AM,Broadcasting Serv. of the Kingdom of Saudi Arabia,1500,1800,Persian,Riyadh,Saudi Arabia,1234567,,500,40,Saudi Arabia,HFCC
7240000,AM,China National Radio,2000,0300,Chinese,Lhasa,China,1234567,,100,290,China,HFCC
7240000,AM,Broadcasting Serv. of the Kingdom of Saudi Arabia,2100,2300,Arabic,Jeddah,Saudi Arabia,1234567,,250,340,Saudi Arabia,HFCC
7240000,AM,Korean Broadcasting System,2300,0200,Korean,Kimjae,Korea (Rep. of),1234567,,250,0,Korea (Rep. of),HFCC
7245000,AM,For new organization,0400,0600,Multiple languages,Sofia,Bulgaria,1234567,,250,110,Bulgaria,HFCC
7245000,AM,Radio New Zealand,0700,1100,English,Rangitaiki,New Zealand,1234567,,50,35,New Zealand,HFCC
7245000,AM,Radio New Zealand,0700,1100,English,Rangitaiki,New Zealand,1234567,,50,325,New Zealand,HFCC
7245000,AM,Radio New Zealand,1100,1300,English,Rangitaiki,New Zealand,1234567,,100,325,New Zealand,HFCC
7245000,AM,China National Radio,1300,1605,Chinese,Beijing,China,1234567,,150,0,China,HFCC
7245000,AM,China Radio International,1600,1700,Swahili (macrolanguage),Xian,China,1234567,,500,252,China,HFCC
7245000,AM,BBC Worldservice,1800,1830,Persian,A'Seela,Oman,1234567,,250,335,Oman,HFCC
7245000,AM,China Radio International,1900,2000,Russian,Baoji,China,1234567,,150,317,China,HFCC
7245000,AM,China Radio International,2000,2100,Russian,Baoji,China,1234567,,150,317,China,HFCC
7245000,AM,China National Radio,2055,2300,Chinese,Beijing,China,1234567,,150,0,China,HFCC
7250000,AM,Japan International Communications,0200,0600,Multiple languages,Tokyo Yamata,Japan,1234567,,300,290,Japan,HFCC
7250000,AM,Korean Broadcasting System,0700,1200,Korean,Kimjae,Korea (Rep. of),1234567,,100,81,Korea (Rep. of),HFCC
7250000,AM,Vatican Radio,0710,0820,Romanian,S. Maria di Galeria,Vatican,1,,250,48,Vatican,HFCC
7250000,AM,Ministry of Information - State of Kuwait,0800,1000,Persian,KABD,Kuwait,1234567,,250,0,Kuwait,HFCC
7250000,AM,China Radio International,1400,1500,Nepali,Xian,China,1234567,,500,252,China,HFCC
7250000,AM,China Radio International,1500,1600,Nepali,Xian,China,1234567,,500,252,China,HFCC
7255000,AM,China National Radio,1000,1805,Tibetan,Lhasa,China,1234567,,100,85,China,HFCC
7255000,AM,Korean Broadcasting System,1600,1700,Korean,Kimjae,Korea (Rep. of),1234567,,250,285,Korea (Rep. of),HFCC
7255000,AM,Islamic Republic of Iran Broadcasting,1620,1720,Middle Armenian,Sirjan,Iran (Islamic Rep. of),1234567,,500,328,Iran (Islamic Rep. of),HFCC
7255000,AM,Islamic Republic of Iran Broadcasting,1720,1820,Tajik,Sirjan,Iran (Islamic Rep. of),1234567,,500,53,Iran (Islamic Rep. of),HFCC
7255000,AM,Islamic Republic of Iran Broadcasting,1820,1920,Albanian,Sirjan,Iran (Islamic Rep. of),1234567,,500,298,Iran (Islamic Rep. of),HFCC
7255000,AM,China Radio International,2000,2100,Standard Chinese,Kashi,China,1234567,,500,269,China,HFCC
7255000,AM,China National Radio,2050,0200,Tibetan,Lhasa,China,1234567,,100,85,China,HFCC
7260000,AM,Turkish Radio-TV Corp,0100,0200,Spanish,Emirler,Turkey,1234567,,250,290,Turkey,HFCC
7260000,AM,China National Radio,0300,1208,Chinese,Urumqi,China,1234567,,100,0,China,HFCC
7260000,AM,Vanuatu Broadcasting and Television Corporation,2000,0700,Bislama,Port Vila,Vanuatu,1234567,,10,0,Vanuatu,HFCC
7260000,AM,China Radio International,2200,2300,Portuguese,Urumqi,China,1234567,,500,308,China,HFCC
7260000,AM,Mongol Radio & Television,2300,1600,Mongolian,Ulan Bator,Mongolia,1234567,,50,0,Mongolia,HFCC
7260000,AM,China Radio International,2330,0030,Sinhala,Kashi,China,1234567,,100,173,China,HFCC
7265000,AM,Radio Europe Netherlands,0000,2400,Dutch,Alphen aan den Rijn,Netherlands,1234567,,2,0,Netherlands,HFCC
7265000,AM,China National Radio,1230,1605,Chinese,Baoji,China,1234567,,100,135,China,HFCC
7265000,AM,China Radio International,1400,1500,Sinhala,Kashi,China,1234567,,100,174,China,HFCC
7265000,AM,China Radio International,1500,1600,Hindi,Kashi,China,1234567,,100,174,China,HFCC
7265000,AM,China Radio International,1600,1700,Hindi,Kunming,China,1234567,,500,283,China,HFCC
7265000,AM,China Radio International,1700,1800,Russian,Urumqi,China,1234567,,500,308,China,HFCC
7265000,AM,China Radio International,1830,1900,Bulgarian,Urumqi,China,1234567,,500,308,China,HFCC
7265000,AM,China Radio International,1930,2030,Esperanto,Urumqi,China,1234567,,500,308,China,HFCC
7265000,AM,China Radio International,2030,2130,Italian,Urumqi,China,1234567,,500,308,China,HFCC
7265000,AM,China National Radio,2055,0100,Chinese,Baoji,China,1234567,,100,135,China,HFCC
7265000,AM,China Radio International,2200,2300,Standard Chinese,Kunming,China,1234567,,500,283,China,HFCC
7270000,AM,China National Radio,2150,1605,Chinese,Huhhot,China,1234567,,50,52,China,HFCC
7275000,AM,China National Radio,0150,0600,Chinese,Guiyang,China,1234567,,10,0,China,HFCC
7275000,AM,Turkish Radio-TV Corp,0300,0400,English,Emirler,Turkey,1234567,,300,325,Turkey,HFCC
7275000,AM,China National Radio,0303,1203,Uighur,Urumqi,China,1234567,,100,0,China,HFCC
7275000,AM,Korean Broadcasting System,0700,0900,Japanese,Kimjae,Korea (Rep. of),1234567,,250,0,Korea (Rep. of),HFCC
7275000,AM,Korean Broadcasting System,0900,1100,Korean,Kimjae,Korea (Rep. of),1234567,,250,0,Korea (Rep. of),HFCC
7275000,AM,Korean Broadcasting System,1100,1300,Korean,Kimjae,Korea (Rep. of),1234567,,250,0,Korea (Rep. of),HFCC
7275000,AM,China National Radio,1100,1805,Chinese,Beijing,China,1234567,,100,251,China,HFCC
7275000,AM,Korean Broadcasting System,1300,1600,Chinese,Kimjae,Korea (Rep. of),1234567,,250,0,Korea (Rep. of),HFCC
7275000,AM,Korean Broadcasting System,1600,1800,Korean,Kimjae,Korea (Rep. of),1234567,,100,305,Korea (Rep. of),HFCC
7275000,AM,China Radio International,1730,1830,Standard Chinese,Urumqi,China,1234567,,500,270,China,HFCC
7275000,AM,Korean Broadcasting System,1800,2300,English,Kimjae,Korea (Rep. of),1234567,,250,305,Korea (Rep. of),HFCC
7275000,AM,China National Radio,2025,2300,Chinese,Beijing,China,1234567,,100,251,China,HFCC
7275000,AM,Korean Broadcasting System,2200,2400,Korean,Kimjae,Korea (Rep. of),1234567,,250,275,Korea (Rep. of),HFCC
7275000,AM,Korean Broadcasting System,2300,2400,Vietnamese,Kimjae,Korea (Rep. of),1234567,,100,225,Korea (Rep. of),HFCC
7280000,AM,Islamic Republic of Iran Broadcasting,0050,0220,Tajik,Sirjan,Iran (Islamic Rep. of),1234567,,500,65,Iran (Islamic Rep. of),HFCC
7280000,AM,Radio Russia,1400,1600,Russian,Moskva,Russia,1234567,,200,190,Russia,HFCC
7285000,AM,China Radio International,1300,1400,Mongolian,Beijing,China,1234567,,500,318,China,HFCC
7285000,AM,China Radio International,1500,1600,Urdu,Kashi,China,1234567,,100,209,China,HFCC
7285000,AM,Radio New Zealand,1645,1845,English,Rangitaiki,New Zealand,123457,,35,35,New Zealand,HFCC
7285000,AM,China Radio International,2200,2300,Standard Chinese,Urumqi,China,1234567,,500,270,China,HFCC
7290000,AM,Abu Dhabi Media Company,0100,0130,Hindi,Dhabayya,United Arab Emirates,1234567,,250,75,United Arab Emirates,HFCC
7290000,AM,China National Radio,1000,1805,Chinese,Beijing,China,1234567,,100,222,China,HFCC
7290000,AM,"ANTI, Milano",1800,1900,English,"Milano, Italy",Italy,1234567,,150,0,Italy,HFCC
7290000,AM,China National Radio,2025,0100,Chinese,Beijing,China,1234567,,100,222,China,HFCC
7290000,AM,China Radio International,2100,2200,Korean,Xian,China,1234567,,500,73,China,HFCC
7290000,AM,China Radio International,2200,2300,Korean,Xian,China,1234567,,500,73,China,HFCC
7290000,AM,Radio Republic of Indonesia,2300,0800,Indonesian,Nabire,Indonesia,1234567,,1,0,Indonesia,HFCC
7295000,AM,Radio Russia,0300,0500,Russian / Yakut,Iakutsk,Russia,23456,,250,50,Russia,HFCC
7295000,AM,China National Radio,0330,0530,Kirghiz,Urumqi,China,1234567,,50,230,China,HFCC
7295000,AM,Radio Russia,0900,1200,Russian / Yakut,Iakutsk,Russia,17,,250,50,Russia,HFCC
7295000,AM,Radio Russia,0900,1400,Russian / Yakut,Iakutsk,Russia,23456,,250,50,Russia,HFCC
7295000,AM,China National Radio,1030,1230,Kirghiz,Urumqi,China,1234567,,50,230,China,HFCC
7295000,AM,Japan International Communications,1300,1500,Multiple languages,Tokyo Yamata,Japan,1234567,,300,290,Japan,HFCC
7295000,AM,Radio Russia,1400,1800,Russian,Moskva,Russia,1234567,,100,190,Russia,HFCC
7295000,AM,Japan International Communications,1500,1505,Multiple languages,Tokyo Yamata,Japan,1234567,,300,290,Japan,HFCC
7295000,AM,China Radio International,1900,2000,English,Urumqi,China,1234567,,500,270,China,HFCC
7295000,AM,China Radio International,2000,2100,English,Urumqi,China,1234567,,500,270,China,HFCC
7295000,AM,Radio Russia,2100,2400,Russian / Yakut,Iakutsk,Russia,23456,,250,50,Russia,HFCC
7295000,AM,Radio Russia,2200,0500,Russian / Yakut,Iakutsk,Russia,17,,250,50,Russia,HFCC
7300000,AM,China National Radio,1500,1600,Chinese,Baoji,China,1234567,,150,150,China,HFCC
7300000,AM,HCJB Australia,2100,2115,Arabic,Woofferton,United Kingdom,234567,,300,170,United Kingdom,HFCC
7300000,AM,HCJB Australia,2100,2145,Arabic,Woofferton,United Kingdom,1,,300,170,United Kingdom,HFCC
7300000,AM,China Radio International,2200,2300,Esperanto,Kashi,China,1234567,,500,294,China,HFCC
7305000,AM,Vatican Radio,0100,0130,Portuguese,S. Maria di Galeria,Vatican,1234567,,250,250,Vatican,HFCC
7305000,AM,Vatican Radio,0130,0200,Spanish,S. Maria di Galeria,Vatican,1234567,,250,285,Vatican,HFCC
7305000,AM,Abu Dhabi Media Company,0330,0430,Persian,Dhabayya,United Arab Emirates,1234567,,250,35,United Arab Emirates,HFCC
7305000,AM,BBC Worldservice,0529,0600,Hausa,Ascension,United Kingdom,1234567,,125,55,United Kingdom,HFCC
7305000,AM,BBC Worldservice,0600,0629,French,Ascension,United Kingdom,1234567,,125,27,United Kingdom,HFCC
7305000,AM,Radio Russia,1000,1400,Russian,Khabarovsk,Russia,1234567,,100,218,Russia,HFCC
7305000,AM,China National Radio,1000,1805,Chinese,Shijiazhuang,China,1234567,,100,37,China,HFCC
7305000,AM,Korean Broadcasting System,1400,1500,Vietnamese,Kimjae,Korea (Rep. of),1234567,,100,205,Korea (Rep. of),HFCC
7305000,AM,Islamic Republic of Iran Broadcasting,1620,1720,Middle Armenian,Sirjan,Iran (Islamic Rep. of),1234567,,500,328,Iran (Islamic Rep. of),HFCC
7305000,AM,China Radio International,2000,2100,Polish,Urumqi,China,1234567,,500,308,China,HFCC
7305000,AM,China National Radio,2025,2200,Chinese,Shijiazhuang,China,1234567,,100,37,China,HFCC
7310000,AM,China National Radio,1200,1800,Chinese,Urumqi,China,1234567,,50,230,China,HFCC
7310000,AM,Islamic Republic of Iran Broadcasting,1820,1920,Albanian,Sirjan,Iran (Islamic Rep. of),1234567,,500,298,Iran (Islamic Rep. of),HFCC
7310000,AM,China National Radio,2330,0308,Chinese,Urumqi,China,1234567,,50,230,China,HFCC
7315000,AM,Joode Radiocommunications Consultancy (The Netherl,0330,0400,Sudanese Arabic,Madagascar,Madagascar,3456,,250,335,Madagascar,HFCC
7315000,AM,Joode Radiocommunications Consultancy (The Netherl,0400,0430,Sudanese Arabic,S. Maria di Galeria,Vatican,3456,,100,146,Madagascar,HFCC
7315000,AM,For new organization,0530,0900,English,Sofia,Bulgaria,1234567,,100,30,Bulgaria,HFCC
7315000,AM,Radio Russia,1000,1400,Russian,Khabarovsk,Russia,1234567,,100,218,Russia,HFCC
7315000,AM,China National Radio,1100,1605,Chinese,Xian,China,1234567,,150,0,China,HFCC
7315000,AM,China Radio International,1600,1700,Vietnamese,Kunming,China,1234567,,100,184,China,HFCC
7315000,AM,Sudan National Broadcasting Corporation,1730,2100,Standard Arabic,Al-Fatihab,Sudan,1234567,,100,220,Sudan,HFCC
7315000,AM,Radio Russia,2000,2200,Russian,Moskva,Russia,1234567,,40,261,Russia,HFCC
7315000,AM,China National Radio,2055,0100,Chinese,Xian,China,1234567,,150,0,China,HFCC
7320000,AM,Japan International Communications,1700,1805,Multiple languages,Tokyo Yamata,Japan,1234567,,300,290,Japan,HFCC
7325000,AM,Islamic Republic of Iran Broadcasting,0050,0220,Tajik,Sirjan,Iran (Islamic Rep. of),1234567,,500,65,Iran (Islamic Rep. of),HFCC
7325000,AM,China Radio International,1000,1100,Japanese,Jinhua,China,1234567,,500,59,China,HFCC
7325000,AM,China Radio International,1100,1200,Japanese,Jinhua,China,1234567,,500,59,China,HFCC
7325000,AM,China Radio International,1200,1300,Japanese,Jinhua,China,1234567,,500,59,China,HFCC
7325000,AM,China Radio International,1300,1400,Japanese,Xian,China,1234567,,500,73,China,HFCC
7325000,AM,Japan International Communications,1400,1500,Multiple languages,Tokyo Yamata,Japan,1234567,,300,290,Japan,HFCC
7325000,AM,China Radio International,1430,1500,Filipino,Nanning,China,1234567,,100,130,China,HFCC
7325000,AM,Japan International Communications,1500,1505,Multiple languages,Tokyo Yamata,Japan,1234567,,300,290,Japan,HFCC
7325000,AM,China Radio International,1500,1600,English,Beijing,China,1234567,,500,193,China,HFCC
7325000,AM,Japan International Communications,1600,1700,Multiple languages,Tokyo Yamata,Japan,1234567,,300,290,Japan,HFCC
7325000,AM,Japan International Communications,1700,1805,Multiple languages,Tokyo Yamata,Japan,1234567,,300,290,Japan,HFCC
7325000,AM,Islamic Republic of Iran Broadcasting,1820,1920,Albanian,Sirjan,Iran (Islamic Rep. of),1234567,,500,298,Iran (Islamic Rep. of),HFCC
7325000,AM,China Radio International,2000,2030,Serbian,Urumqi,China,1234567,,500,308,China,HFCC
7325000,AM,China Radio International,2100,2130,Serbian,Xian,China,1234567,,500,317,China,HFCC
7325000,AM,China Radio International,2100,2200,English,Beijing,China,1234567,,500,257,China,HFCC
7325000,AM,China Radio International,2200,2300,Standard Chinese,Kunming,China,1234567,,150,191,China,HFCC
7325000,AM,China Radio International,2300,2400,Cantonese,Kunming,China,1234567,,150,191,China,HFCC
7330000,AM,Islamic Republic of Iran Broadcasting,0050,0220,Tajik,Sirjan,Iran (Islamic Rep. of),1234567,,500,65,Iran (Islamic Rep. of),HFCC
7330000,AM,Radio New Zealand,0555,1900,English,Rangitaiki,New Zealand,1234567,,50,35,New Zealand,HFCC
7330000,AM,Radio New Zealand,0555,1900,English,Rangitaiki,New Zealand,1234567,,50,325,New Zealand,HFCC
7330000,AM,Radio New Zealand,1645,1845,English,Rangitaiki,New Zealand,1234567,,35,35,New Zealand,HFCC
7330000,AM,China Radio International,1700,1800,English,Jinhua,China,1234567,,500,255,China,HFCC
7335000,AM,United States Agency for Global Media (USAGM),0000,1000,Spanish,"Greenville, NC (Site B)",United States,1234567,,250,183,United States,HFCC
7335000,AM,United States Agency for Global Media (USAGM),1000,1400,Spanish,"Greenville, NC (Site B)",United States,1234567,,250,184,United States,HFCC
7335000,AM,China National Radio,1300,1605,Chinese,Baoji,China,1234567,,100,255,China,HFCC
7335000,AM,China National Radio,2055,0030,Chinese,Baoji,China,1234567,,100,255,China,HFCC
7335000,AM,United States Agency for Global Media (USAGM),2200,2400,Spanish,"Greenville, NC (Site B)",United States,1234567,,250,205,United States,HFCC
7340000,AM,Radio Europe Netherlands,0000,2400,Dutch,Alphen aan den Rijn,Netherlands,1234567,,2,0,Netherlands,HFCC
7340000,AM,China National Radio,0328,1158,Kazakh,Urumqi,China,1234567,,100,0,China,HFCC
7340000,AM,Media Broadcast GmbH,1030,1130,Multiple languages,Nauen,Germany,17,,125,222,Germany,HFCC
7340000,AM,TDF (France),1500,1600,French,Issoudun,France,1234567,,250,257,France,HFCC
7340000,AM,China Radio International,1800,1900,Italian,Kashi,China,1234567,,500,294,China,HFCC
7345000,AM,Radio Russia,0300,0500,Russian / Yakut,Iakutsk,Russia,23456,,100,300,Russia,HFCC
7345000,AM,Radio Russia,0900,1200,Russian / Yakut,Iakutsk,Russia,17,,100,300,Russia,HFCC
7345000,AM,Radio Russia,0900,1400,Russian / Yakut,Iakutsk,Russia,23456,,100,300,Russia,HFCC
7345000,AM,China National Radio,1100,1805,Chinese,Huhhot,China,1234567,,100,175,China,HFCC
7345000,AM,China Radio International,2030,2130,Italian,Kashi,China,1234567,,500,294,China,HFCC
7345000,AM,China National Radio,2055,2400,Chinese,Huhhot,China,1234567,,100,175,China,HFCC
7345000,AM,Radio Russia,2100,2400,Russian / Yakut,Iakutsk,Russia,23456,,100,300,Russia,HFCC
7345000,AM,Radio Russia,2200,0500,Russian / Yakut,Iakutsk,Russia,17,,100,300,Russia,HFCC
7350000,AM,China Radio International,0000,0100,English,Kashi,China,1234567,,500,308,China,HFCC
7350000,AM,Radio Russia,0600,0900,Russian,Khabarovsk,Russia,1234567,,100,218,Russia,HFCC
7350000,AM,Media Broadcast GmbH,0800,0900,Multiple languages,Nauen,Germany,1,,100,233,Germany,HFCC
7350000,AM,Media Broadcast GmbH,0800,0900,Dutch / English,Nauen,Germany,1,,125,240,Germany,HFCC
7350000,AM,Nippon Hoso Kyokai,0930,0950,Russian,Tokyo Yamata,Japan,1234567,,300,330,Japan,HFCC
7350000,AM,China National Radio,1300,1605,Tibetan,Baoji,China,1234567,,100,255,China,HFCC
7350000,AM,China National Radio,2155,2400,Tibetan,Baoji,China,1234567,,100,255,China,HFCC
7350000,AM,China Radio International,2300,2400,English,Kashi,China,1234567,,500,308,China,HFCC
7355000,AM,World Christian Broadcasting Corporation,1200,1300,English,"Anchor Pt, Alaska",United States,1234567,,100,270,United States,HFCC
7355000,AM,Radio Russia,1500,2200,Russian,Moskva,Russia,1234567,,250,285,Russia,HFCC
7355000,AM,BBC Worldservice,1630,1700,Korean,Tashkent,Ouzbékistan,23456,,100,68,Ouzbékistan,HFCC
7355000,AM,BBC Worldservice,1730,1800,Korean,Tashkent,Ouzbékistan,23456,,100,68,Ouzbékistan,HFCC
7355000,AM,Japan International Communications,1950,2050,Multiple languages,Tokyo Yamata,Japan,1234567,,300,290,Japan,HFCC
7360000,AM,Turkish Radio-TV Corp,0000,0200,Turkish,Emirler,Turkey,1234567,,250,72,Turkey,HFCC
7360000,AM,China Radio International,1130,1230,Thai,Kunming,China,1234567,,100,184,China,HFCC
7360000,AM,China Radio International,1230,1330,Lao,Kunming,China,1234567,,100,184,China,HFCC
7360000,AM,China Radio International,1330,1430,Thai,Kunming,China,1234567,,100,184,China,HFCC
7360000,AM,China Radio International,1400,1500,Japanese,Xian,China,1234567,,500,73,China,HFCC
7360000,AM,China Radio International,1430,1530,Lao,Kunming,China,1234567,,100,184,China,HFCC
7360000,AM,Turkish Radio-TV Corp,1730,1830,French,Emirler,Turkey,1234567,,250,210,Turkey,HFCC
7360000,AM,Sudan National Broadcasting Corporation,1900,2100,Standard Arabic,Al-Fatihab,Sudan,1234567,,100,210,Sudan,HFCC
7360000,AM,China National Radio,2055,2400,Chinese,Xian,China,1234567,,150,257,China,HFCC
7365000,AM,United States Agency for Global Media (USAGM),0100,0500,Spanish,"Greenville, NC (Site B)",United States,1234567,,250,184,United States,HFCC
7365000,AM,United States Agency for Global Media (USAGM),0500,0600,Spanish,"Greenville, NC (Site B)",United States,1234567,,250,184,United States,HFCC
7365000,AM,Voice of the Andes,0800,2000,Multiple languages,Weenermoor,Germany,1234567,,1,145,Germany,HFCC
7365000,AM,United States Agency for Global Media (USAGM),1200,1400,Spanish,"Greenville, NC (Site B)",United States,1234567,,250,205,United States,HFCC
7365000,AM,China National Radio,1200,1805,Chinese,Shijiazhuang,China,1234567,,100,37,China,HFCC
7370000,AM,China Radio International,1100,1200,Cantonese,Nanning,China,1234567,,100,200,China,HFCC
7370000,AM,China National Radio,1300,1605,Chinese,Beijing,China,1234567,,150,270,China,HFCC
7370000,AM,China National Radio,2055,2300,Chinese,Beijing,China,1234567,,150,270,China,HFCC
7370000,AM,Japan International Communications,2300,0200,Multiple languages,Tokyo Yamata,Japan,1234567,,300,290,Japan,HFCC
7375000,AM,China National Radio,1200,1605,Chinese,Beijing,China,1234567,,150,180,China,HFCC
7375000,AM,Nippon Hoso Kyokai,1700,1900,Japanese,Tokyo Yamata,Japan,1234567,,300,290,Japan,HFCC
7375000,AM,"Adventist Broadcasting Service, Inc.",1900,2000,Korean,"Agat, Guam",United States,1234567,,100,330,United States,HFCC
7380000,AM,Media Broadcast GmbH,0200,0230,Multiple languages,Nauen,Germany,7,,100,73,Germany,HFCC
7380000,AM,Encompass Digital Media Services,0859,0900,Undetermined,Woofferton,United Kingdom,1,,250,105,United Kingdom,HFCC
7380000,AM,Encompass Digital Media Services,0900,1000,German,Woofferton,United Kingdom,1,,250,105,United Kingdom,HFCC
7380000,AM,Encompass Digital Media Services,2000,2030,Arabic,Woofferton,United Kingdom,1,,300,140,United Kingdom,HFCC
7385000,AM,China National Radio,0900,1705,Chinese,Beijing,China,1234567,,100,163,China,HFCC
7385000,AM,China National Radio,0930,1805,Tibetan,Lhasa,China,1234567,,100,290,China,HFCC
7385000,AM,China National Radio,1000,1100,Tibetan,Lhasa,China,2,,100,285,China,HFCC
7385000,AM,China Radio International,1900,2000,Albanian,Kashi,China,1234567,,500,294,China,HFCC
7385000,AM,China National Radio,2050,0200,Tibetan,Lhasa,China,1234567,,100,290,China,HFCC
7385000,AM,China National Radio,2055,2300,Chinese,Beijing,China,1234567,,100,163,China,HFCC
7390000,AM,China Radio International,1000,1100,Russian,Huhhot,China,1234567,,100,345,China,HFCC
7390000,AM,China Radio International,1100,1200,Mongolian,Huhhot,China,1234567,,100,345,China,HFCC
7390000,AM,"WNQM, Inc.",1200,2000,English,"Nashville, TN",United States,1234567,,100,90,United States,HFCC
7390000,AM,"WNQM, Inc.",1200,2000,English,"Nashville, TN",United States,1234567,,100,90,United States,HFCC
7390000,AM,"WNQM, Inc.",1200,2000,English,"Nashville, TN",United States,1234567,,100,90,United States,HFCC
7390000,AM,China Radio International,2000,2030,Serbian,Xian,China,1234567,,500,317,China,HFCC
7390000,AM,China Radio International,2030,2100,Hungarian,Jinhua,China,1234567,,500,314,China,HFCC
7400000,AM,"HFCC, Intl. Radio for Disaster Relief project",0000,2400,Undetermined,S. Maria di Galeria,Vatican,1234567,,100,0,Vatican,HFCC
7400000,AM,Radio Piepzender,0000,2400,Dutch,Zwolle,Netherlands,1234567,,9,0,Netherlands,HFCC
7405000,AM,Radio Piepzender,0000,2400,Dutch,Zwolle,Netherlands,1234567,,9,0,Netherlands,HFCC
7410000,AM,Broadcasting Serv. of the Kingdom of Saudi Arabia,0200,1200,Arabic,Riyadh,Saudi Arabia,1234567,,100,0,Saudi Arabia,HFCC
7410000,AM,Japan International Communications,1100,1300,Multiple languages,Tokyo Yamata,Japan,1234567,,300,290,Japan,HFCC
7410000,AM,China Radio International,1130,1200,Filipino,Nanning,China,1234567,,100,130,China,HFCC
7410000,AM,China Radio International,1300,1400,Japanese,Jinhua,China,1234567,,500,59,China,HFCC
7410000,AM,China Radio International,1400,1500,Japanese,Jinhua,China,1234567,,500,59,China,HFCC
7410000,AM,China Radio International,1400,1500,Standard Chinese,Beijing,China,1234567,,500,215,China,HFCC
7410000,AM,China Radio International,1500,1600,Japanese,Jinhua,China,1234567,,500,59,China,HFCC
7410000,AM,China Radio International,1700,1800,English,Kashi,China,1234567,,100,174,China,HFCC
7410000,AM,Trans World Radio,1820,2001,Umbundu / Portuguese,Manzini,Swaziland,23456,,100,312,Swaziland,HFCC
7410000,AM,Trans World Radio,1850,2005,Umbundu / Portuguese,Manzini,Swaziland,17,,100,312,Swaziland,HFCC
7410000,AM,Vatican Radio,2200,2230,Chinese,S. Maria di Galeria,Vatican,1234567,,250,68,Vatican,HFCC
7415000,AM,SPW Radio Warsaw - Transatlantic Radio Station Cul,0800,1430,Polish / Esan,Babice,Poland,1234567,,10,0,Poland,HFCC
7415000,AM,China Radio International,1800,1830,Persian,Xian,China,1234567,,500,292,China,HFCC
7415000,AM,China Radio International,1830,1900,Persian,Xian,China,1234567,,500,292,China,HFCC
7415000,AM,China Radio International,1900,1930,Czech,Urumqi,China,1234567,,500,308,China,HFCC
7415000,AM,China Radio International,1930,2000,Czech,Urumqi,China,1234567,,500,308,China,HFCC
7415000,AM,China Radio International,2000,2100,English,Kashi,China,1234567,,500,308,China,HFCC
7415000,AM,China Radio International,2100,2200,English,Kashi,China,1234567,,500,308,China,HFCC
7420000,AM,China Radio International,1700,1800,English,Kunming,China,1234567,,150,191,China,HFCC
7420000,AM,Media Broadcast GmbH,1730,1800,Multiple languages,Erevan,Armenia,1,,100,330,Armenia,HFCC
7420000,AM,Japan International Communications,1950,2050,Multiple languages,Tokyo Yamata,Japan,1234567,,300,290,Japan,HFCC
7420000,AM,China National Radio,2150,1605,Chinese,Huhhot,China,1234567,,50,263,China,HFCC
7420000,AM,China National Radio,2150,1605,Chinese,Huhhot,China,1234567,,50,52,China,HFCC
7425000,AM,Radio New Zealand,0700,1300,English,Rangitaiki,New Zealand,1234567,,50,325,New Zealand,HFCC
7425000,AM,Radio New Zealand,0700,1300,English,Rangitaiki,New Zealand,1234567,,50,35,New Zealand,HFCC
7425000,AM,Radio New Zealand,1100,1300,English,Rangitaiki,New Zealand,1234567,,100,325,New Zealand,HFCC
7425000,AM,China National Radio,1300,1605,Chinese,Xian,China,1234567,,150,257,China,HFCC
7425000,AM,Media Broadcast GmbH,1630,1730,Multiple languages,Tashkent,Ouzbékistan,1,,100,90,Ouzbékistan,HFCC
7425000,AM,Radio New Zealand,1645,1900,English,Rangitaiki,New Zealand,123457,,35,35,New Zealand,HFCC
7425000,AM,Radio Russia,1800,1900,Russian,Armavir,Russia,1234567,,200,132,Russia,HFCC
7425000,AM,Broadcasting Serv. of the Kingdom of Saudi Arabia,1900,2300,Arabic,Riyadh,Saudi Arabia,1234567,,100,0,Saudi Arabia,HFCC
7430000,AM,China Radio International,0000,0100,Russian,Huhhot,China,1234567,,100,345,China,HFCC
7430000,AM,SPW Radio Warsaw - Transatlantic Radio Station Cul,0800,1100,Polish / Esan,Babice,Poland,1234567,,10,0,Poland,HFCC
7430000,AM,China Radio International,0900,1000,Standard Chinese,Jinhua,China,1234567,,500,59,China,HFCC
7430000,AM,China National Radio,1300,1400,Chinese,Baoji,China,1234567,,150,150,China,HFCC
7430000,AM,China Radio International,2200,2300,Standard Chinese,Jinhua,China,1234567,,500,255,China,HFCC
7430000,AM,China Radio International,2300,2400,Russian,Huhhot,China,1234567,,100,345,China,HFCC
7430000,AM,China Radio International,2300,2400,Central Khmer,Nanning,China,1234567,,100,200,China,HFCC
7435000,AM,United States Agency for Global Media (USAGM),0100,1000,Spanish,"Greenville, NC (Site B)",United States,1234567,,250,184,United States,HFCC
7435000,AM,China Radio International,1100,1200,Standard Chinese,Beijing,China,1234567,,150,95,China,HFCC
7435000,AM,United States Agency for Global Media (USAGM),1100,1400,Persian,Kuwait,Kuwait,1234567,,250,30,Kuwait,HFCC
7435000,AM,Radio Russia,1100,1400,Russian,Sanct-Peterburg,Russia,1234567,,200,217,Russia,HFCC
7435000,AM,China Radio International,1200,1300,Standard Chinese,Beijing,China,1234567,,150,95,China,HFCC
7435000,AM,China Radio International,1300,1400,Standard Chinese,Beijing,China,1234567,,150,95,China,HFCC
7435000,AM,China Radio International,1400,1500,Standard Chinese,Beijing,China,1234567,,150,95,China,HFCC
7435000,AM,China Radio International,1400,1500,Nepali,Kunming,China,1234567,,500,283,China,HFCC
7435000,AM,Radio Russia,1400,1900,Russian,Moskva,Russia,1234567,,200,190,Russia,HFCC
7435000,AM,China Radio International,1500,1600,Nepali,Kunming,China,1234567,,500,283,China,HFCC
7435000,AM,China Radio International,1500,1600,Standard Chinese,Beijing,China,1234567,,150,95,China,HFCC
7435000,AM,Japan International Communications,1700,2100,Multiple languages,Tokyo Yamata,Japan,1234567,,300,290,Japan,HFCC
7435000,AM,China Radio International,1800,1900,Italian,Jinhua,China,1234567,,500,314,China,HFCC
7435000,AM,China Radio International,1900,1930,Hungarian,Xian,China,1234567,,500,306,China,HFCC
7435000,AM,China Radio International,1930,2000,Romanian,Xian,China,1234567,,500,306,China,HFCC
7440000,AM,China Radio International,1200,1400,Standard Chinese,Nanning,China,1234567,,100,200,China,HFCC
7440000,AM,Radio New Zealand,1300,1700,English,Rangitaiki,New Zealand,1234567,,50,35,New Zealand,HFCC
7440000,AM,Radio New Zealand,1300,1700,English,Rangitaiki,New Zealand,1234567,,50,325,New Zealand,HFCC
7440000,AM,Japan International Communications,1950,2050,Multiple languages,Tokyo Yamata,Japan,1234567,,300,290,Japan,HFCC
7445000,AM,Radio Russia,0000,0500,Russian,Sanct-Peterburg,Russia,1234567,,800,268,Russia,HFCC
7445000,AM,BBC Worldservice,0030,0100,Dari,S. Maria di Galeria,Vatican,1234567,,250,95,Vatican,HFCC
7445000,AM,BBC Worldservice,0100,0130,Pushto,A'Seela,Oman,1234567,,250,35,Oman,HFCC
7445000,AM,BBC Worldservice,0130,0200,Dari,A'Seela,Oman,1234567,,250,35,Oman,HFCC
7445000,AM,China Radio International,1500,1600,English,Urumqi,China,1234567,,500,212,China,HFCC
7445000,AM,Radio Russia,1500,2000,Russian,Sanct-Peterburg,Russia,1234567,,200,147,Russia,HFCC
7445000,AM,China Radio International,2100,2130,Serbian,Kunming,China,1234567,,500,300,China,HFCC
7445000,AM,China Radio International,2130,2200,Hungarian,Urumqi,China,1234567,,500,308,China,HFCC
7450000,AM,China National Radio,0900,1800,Chinese,Lhasa,China,1234567,,100,85,China,HFCC
7450000,AM,China National Radio,2000,0300,Chinese,Lhasa,China,1234567,,100,85,China,HFCC
7460000,AM,United States Agency for Global Media (USAGM),0000,2400,Persian,Kuwait,Kuwait,1234567,,250,50,Kuwait,HFCC
7470000,AM,United States Agency for Global Media (USAGM),1100,1300,Mandarin Chinese,Tinang 1,Philippines,1234567,,250,332,Philippines,HFCC
7480000,AM,Trans World Radio,1445,1500,Kazakh,Tashkent,Ouzbékistan,1234567,,100,76,Ouzbékistan,HFCC
7490000,AM,"WNQM, Inc.",1200,1500,English,"Nashville, TN",United States,1234567,,100,85,United States,HFCC
7490000,AM,"WNQM, Inc.",1200,1500,English,"Nashville, TN",United States,1234567,,100,85,United States,HFCC
7490000,AM,"WNQM, Inc.",1200,1500,English,"Nashville, TN",United States,1234567,,100,85,United States,HFCC
7490000,AM,Allan H. Weiner,1500,1200,English,"Monticello, ME",United States,1234567,,50,245,United States,HFCC
7495000,AM,United States Agency for Global Media (USAGM),0030,0100,Central Pashto,Kuwait,Kuwait,1234567,,250,70,Kuwait,HFCC
7495000,AM,United States Agency for Global Media (USAGM),1630,1700,Central Pashto,Kuwait,Kuwait,1234567,,250,70,Kuwait,HFCC
7495000,AM,United States Agency for Global Media (USAGM),1700,1730,Dari,Kuwait,Kuwait,1234567,,250,70,Kuwait,HFCC
7505000,AM,"WRNO Worldwide, Inc.",2200,1600,English,"New Orleans, LA",United States,1234567,,50,20,United States,HFCC
7520000,AM,"WNQM, Inc.",0000,0400,English,"Nashville, TN",United States,1234567,,100,90,United States,HFCC
7520000,AM,"WNQM, Inc.",0000,0400,English,"Nashville, TN",United States,1234567,,100,90,United States,HFCC
7520000,AM,"WNQM, Inc.",0000,0400,English,"Nashville, TN",United States,1234567,,100,90,United States,HFCC
7520000,AM,"WNQM, Inc.",0400,1200,English,"Nashville, TN",United States,1234567,,100,46,United States,HFCC
7520000,AM,"WNQM, Inc.",0400,1200,English,"Nashville, TN",United States,1234567,,100,46,United States,HFCC
7520000,AM,"WNQM, Inc.",0400,1200,English,"Nashville, TN",United States,1234567,,100,46,United States,HFCC
7520000,AM,"WNQM, Inc.",1200,1600,English,"Nashville, TN",United States,1234567,,100,85,United States,HFCC
7520000,AM,"WNQM, Inc.",1200,1600,English,"Nashville, TN",United States,1234567,,100,85,United States,HFCC
7520000,AM,"WNQM, Inc.",1200,1600,English,"Nashville, TN",United States,1234567,,100,85,United States,HFCC
7555000,AM,For new organization,0000,2359,Multiple languages,Sofia,Bulgaria,1234567,,250,110,Bulgaria,HFCC
7570000,AM,Radio Miami International,0100,1200,English / Spanish,"Okeechobee, FL",United States,1234567,,100,285,United States,HFCC
7730000,AM,Radio Miami International,0000,2400,English,"Okeechobee, FL",United States,1234567,,100,44,United States,HFCC
7780000,AM,Radio Miami International,0000,1200,English,"Okeechobee, FL",United States,1234567,,100,222,United States,HFCC
9265000,AM,"World International Broadcasters, Inc.",0000,0700,English,"Red Lion, PA",United States,1234567,,50,242,United States,HFCC
9265000,AM,"World International Broadcasters, Inc.",1000,2400,English,"Red Lion, PA",United States,17,,50,242,United States,HFCC
9265000,AM,"World International Broadcasters, Inc.",1700,2400,English,"Red Lion, PA",United States,23456,,50,242,United States,HFCC
9275000,AM,Assemblies of Yahweh,2300,0400,English,"Bethel, PA",United States,123456,,300,53,United States,HFCC
9320000,AM,United States Agency for Global Media (USAGM),0000,0030,Tibetan,Kuwait,Kuwait,17,,250,78,Kuwait,HFCC
9320000,AM,United States Agency for Global Media (USAGM),0100,0130,Tibetan,Kuwait,Kuwait,23456,,250,78,Kuwait,HFCC
9320000,AM,Trans World Radio,1900,2000,Korean,Duchanbe,Tajikistan,1234567,,250,71,Tajikistan,HFCC
9330000,AM,Allan H. Weiner,0000,0100,Portuguese,"Monticello, ME",United States,1234567,,500,175,United States,HFCC
9330000,AM,Allan H. Weiner,0100,0400,English,"Monticello, ME",United States,1234567,,250,270,United States,HFCC
9330000,AM,Allan H. Weiner,0400,0500,Arabic,"Monticello, ME",United States,1234567,,500,70,United States,HFCC
9330000,AM,Allan H. Weiner,0500,0900,English,"Monticello, ME",United States,1234567,,250,270,United States,HFCC
9330000,AM,Allan H. Weiner,0900,1000,Portuguese,"Monticello, ME",United States,1234567,,500,76,United States,HFCC
9330000,AM,Allan H. Weiner,1000,1100,Spanish,"Monticello, ME",United States,1234567,,500,76,United States,HFCC
9330000,AM,Allan H. Weiner,1100,1300,Spanish,"Monticello, ME",United States,1234567,,500,180,United States,HFCC
9330000,AM,Allan H. Weiner,1300,1400,Spanish,"Monticello, ME",United States,1234567,,250,220,United States,HFCC
9330000,AM,Allan H. Weiner,1400,1600,English,"Monticello, ME",United States,1234567,,250,300,United States,HFCC
9330000,AM,Allan H. Weiner,1600,1800,English,"Monticello, ME",United States,1234567,,500,57,United States,HFCC
9330000,AM,Allan H. Weiner,1800,1900,German,"Monticello, ME",United States,1234567,,500,54,United States,HFCC
9330000,AM,Allan H. Weiner,1900,2300,Arabic,"Monticello, ME",United States,1234567,,500,81,United States,HFCC
9330000,AM,Allan H. Weiner,2300,2400,Portuguese,"Monticello, ME",United States,1234567,,500,175,United States,HFCC
9345000,AM,United States Agency for Global Media (USAGM),1600,1700,Tibetan,Kuwait,Kuwait,1234567,,250,78,Kuwait,HFCC
9350000,AM,United States Agency for Global Media (USAGM),0000,0100,Mandarin Chinese,Tinang 1,Philippines,1234567,,250,332,Philippines,HFCC
9350000,AM,"WNQM, Inc.",1900,2400,English,"Nashville, TN",United States,1234567,,100,85,United States,HFCC
9350000,AM,"WNQM, Inc.",1900,2400,English,"Nashville, TN",United States,1234567,,100,85,United States,HFCC
9350000,AM,"WNQM, Inc.",1900,2400,English,"Nashville, TN",United States,1234567,,100,85,United States,HFCC
9360000,AM,United States Agency for Global Media (USAGM),0000,1400,Persian,Kuwait,Kuwait,1234567,,250,50,Kuwait,HFCC
9360000,AM,United States Agency for Global Media (USAGM),1400,2400,Persian,Kuwait,Kuwait,1234567,,250,58,Kuwait,HFCC
9370000,AM,United States Agency for Global Media (USAGM),0000,0030,Tibetan,Kuwait,Kuwait,17,,250,78,Kuwait,HFCC
9370000,AM,United States Agency for Global Media (USAGM),0100,0130,Tibetan,Kuwait,Kuwait,23456,,250,78,Kuwait,HFCC
9370000,AM,United States Agency for Global Media (USAGM),0300,1230,Persian,Kuwait,Kuwait,1234567,,250,58,Kuwait,HFCC
9370000,AM,United States Agency for Global Media (USAGM),1500,1530,Dari,Kuwait,Kuwait,1234567,,250,70,Kuwait,HFCC
9370000,AM,United States Agency for Global Media (USAGM),1530,1600,Central Pashto,Kuwait,Kuwait,1234567,,250,70,Kuwait,HFCC
9370000,AM,United States Agency for Global Media (USAGM),1600,1630,Dari,Kuwait,Kuwait,1234567,,250,70,Kuwait,HFCC
9370000,AM,United States Agency for Global Media (USAGM),1630,1700,Central Pashto,Kuwait,Kuwait,1234567,,250,70,Kuwait,HFCC
9370000,AM,United States Agency for Global Media (USAGM),1630,2000,Persian,Kuwait,Kuwait,1234567,,250,58,Kuwait,HFCC
9370000,AM,United States Agency for Global Media (USAGM),1700,1730,Dari,Kuwait,Kuwait,1234567,,250,70,Kuwait,HFCC
9370000,AM,United States Agency for Global Media (USAGM),1730,1800,Central Pashto,Kuwait,Kuwait,1234567,,250,70,Kuwait,HFCC
9380000,AM,Trans World Radio,1745,1800,Turkana,Manzini,Swaziland,7,,100,5,Swaziland,HFCC
9390000,AM,BBC Worldservice,1430,1500,Korean,Duchanbe,Tajikistan,23456,,250,72,Tajikistan,HFCC
9390000,AM,BBC Worldservice,1530,1600,Korean,Duchanbe,Tajikistan,23456,,250,72,Tajikistan,HFCC
9390000,AM,BBC Worldservice,1630,1700,Korean,Duchanbe,Tajikistan,23456,,250,72,Tajikistan,HFCC
9390000,AM,BBC Worldservice,1730,1800,Korean,Duchanbe,Tajikistan,23456,,250,72,Tajikistan,HFCC
9395000,AM,Radio Miami International,0000,2400,English / Spanish / Mandarin Chinese,"Okeechobee, FL",United States,1234567,,100,355,United States,HFCC
9400000,AM,For new organization,0000,2359,English,Sofia,Bulgaria,1234567,,250,126,Bulgaria,HFCC
9400000,AM,Far East Broadcasting Company,1000,1400,Multiple languages,Iba,Philippines,1234567,,100,330,Philippines,HFCC
9405000,AM,Radio Russia,1500,1800,Russian,Irkutsk,Russia,1234567,,250,180,Russia,HFCC
9405000,AM,Far East Broadcasting Company,2230,0030,Mandarin Chinese,Bocaue,Philippines,1234567,,100,345,Philippines,HFCC
9410000,AM,Abu Dhabi Media Company,0100,0130,Hindi,Dhabayya,United Arab Emirates,1234567,,250,70,United Arab Emirates,HFCC
9410000,AM,BBC Worldservice,0200,0230,Pushto,A'Seela,Oman,1234567,,250,35,Oman,HFCC
9410000,AM,Abu Dhabi Media Company,0200,0230,Urdu,Dhabayya,United Arab Emirates,1234567,,250,60,United Arab Emirates,HFCC
9410000,AM,BBC Worldservice,0230,0300,Dari,A'Seela,Oman,1234567,,250,35,Oman,HFCC
9410000,AM,Abu Dhabi Media Company,0300,0500,Arabic,Dhabayya,United Arab Emirates,1234567,,250,255,United Arab Emirates,HFCC
9410000,AM,BBC Worldservice,0500,0600,English,Ascension,United Kingdom,1234567,,125,27,United Kingdom,HFCC
9410000,AM,BBC Worldservice,0600,0700,English,Woofferton,United Kingdom,1234567,,250,180,United Kingdom,HFCC
9410000,AM,United States Agency for Global Media (USAGM),1100,1500,Spanish,"Greenville, NC (Site B)",United States,1234567,,250,205,United States,HFCC
9410000,AM,Radio Russia,1600,1800,Russian,Novosibirsk,Russia,1234567,,250,145,Russia,HFCC
9410000,AM,China Radio International,1700,1800,Croatian,Kashi,China,1234567,,500,294,China,HFCC
9410000,AM,Abu Dhabi Media Company,1800,1900,English,Dhabayya,United Arab Emirates,1234567,,250,220,United Arab Emirates,HFCC
9410000,AM,Egypt Radio & TV Union,1900,2000,German,Abis,Egypt,1234567,,125,325,Egypt,HFCC
9410000,AM,Encompass Digital Media Services,2000,2030,Arabic,Ascension,United Kingdom,1,,250,27,United Kingdom,HFCC
9410000,AM,China Radio International,2200,2300,Portuguese,Kashi,China,1234567,,500,294,China,HFCC
9420000,AM,China National Radio,0900,1605,Chinese,Beijing,China,1234567,,100,163,China,HFCC
9420000,AM,China National Radio,1100,1805,Uighur,Lingshi,China,1234567,,100,298,China,HFCC
9420000,AM,Radio Russia,1600,2100,Russian,Sanct-Peterburg,Russia,1234567,,200,217,Russia,HFCC
9420000,AM,China National Radio,2155,0100,Chinese,Beijing,China,1234567,,100,163,China,HFCC
9420000,AM,Radio Russia,2200,0600,Russian,Moskva,Russia,1234567,,500,267,Russia,HFCC
9430000,AM,"HFCC, Intl. Radio for Disaster Relief project",0000,2400,Undetermined,S. Maria di Galeria,Vatican,1234567,,100,0,Vatican,HFCC
9440000,AM,Nippon Hoso Kyokai,0100,0300,Japanese,Nauen,Germany,1234567,,125,117,Germany,HFCC
9440000,AM,BBC Worldservice,0600,0629,French,Ascension,United Kingdom,1234567,,125,65,United Kingdom,HFCC
9440000,AM,BBC Worldservice,0629,0700,Hausa,Ascension,United Kingdom,1234567,,125,65,United Kingdom,HFCC
9440000,AM,China Radio International,1100,1200,Min Nan Chinese,Kunming,China,1234567,,150,163,China,HFCC
9440000,AM,China Radio International,1200,1300,Central Khmer,Kunming,China,1234567,,150,163,China,HFCC
9440000,AM,China Radio International,1300,1400,Esperanto,Nanning,China,1234567,,100,200,China,HFCC
9440000,AM,Nippon Hoso Kyokai,1600,1620,Urdu,Tokyo Yamata,Japan,1234567,,300,290,Japan,HFCC
9440000,AM,China Radio International,1900,2000,English,Kunming,China,1234567,,500,283,China,HFCC
9440000,AM,China Radio International,2000,2100,English,Kunming,China,1234567,,500,300,China,HFCC
9445000,AM,China Radio International,0000,0100,Russian,Huhhot,China,1234567,,100,345,China,HFCC
9445000,AM,Japan International Communications,1700,1805,Multiple languages,Tokyo Yamata,Japan,1234567,,300,290,Japan,HFCC
9445000,AM,China Radio International,2300,2400,Russian,Huhhot,China,1234567,,100,345,China,HFCC
9450000,AM,Radio Russia,0000,0200,Russian,Armavir,Russia,1234567,,500,110,Russia,HFCC
9450000,AM,China Radio International,0200,0300,Urdu,Kashi,China,1234567,,100,209,China,HFCC
9450000,AM,China Radio International,0300,0400,Standard Chinese,Kashi,China,1234567,,100,209,China,HFCC
9450000,AM,Radio Russia,1000,1400,Russian,Khabarovsk,Russia,1234567,,100,218,Russia,HFCC
9450000,AM,China Radio International,1300,1400,Hindi,Kashi,China,1234567,,100,174,China,HFCC
9450000,AM,Radio Russia,1400,2200,Russian,Moskva,Russia,1234567,,250,275,Russia,HFCC
9455000,AM,Broadcasting Serv. of the Kingdom of Saudi Arabia,0600,0900,Arabic,Riyadh,Saudi Arabia,1234567,,500,295,Saudi Arabia,HFCC
9455000,AM,Encompass Digital Media Services,1300,1330,Korean,Taipei,China,1234567,,300,2,China,HFCC
9455000,AM,Encompass Digital Media Services,1330,1357,Japanese,Taipei,China,1234567,,300,2,China,HFCC
9455000,AM,China Radio International,1500,1600,Standard Chinese,Kunming,China,1234567,,150,191,China,HFCC
9455000,AM,Japan International Communications,1700,2300,Multiple languages,Tokyo Yamata,Japan,1234567,,300,290,Japan,HFCC
9455000,AM,Radio Miami International,2300,0500,English / Portuguese,"Okeechobee, FL",United States,1234567,,100,315,United States,HFCC
9460000,AM,China Radio International,0000,0100,Hakka Chinese,Kunming,China,1234567,,150,163,China,HFCC
9460000,AM,China Radio International,0100,0200,Min Nan Chinese,Kunming,China,1234567,,150,163,China,HFCC
9460000,AM,China Radio International,0900,1100,Standard Chinese,Nanning,China,1234567,,100,200,China,HFCC
9460000,AM,United States Agency for Global Media (USAGM),1100,1200,Mandarin Chinese,Tinang 1,Philippines,1234567,,250,315,Philippines,HFCC
9460000,AM,China Radio International,1200,1300,English,Kashi,China,1234567,,100,174,China,HFCC
9460000,AM,Turkish Radio-TV Corp,1600,2100,Turkish,Emirler,Turkey,1234567,,250,310,Turkey,HFCC
9460000,AM,China Radio International,2300,2400,Cantonese,Kunming,China,1234567,,150,163,China,HFCC
9465000,AM,Turkish Radio-TV Corp,0200,0300,Uighur,Emirler,Turkey,1234567,,300,72,Turkey,HFCC
9465000,AM,World Christian Broadcasting Corporation,1300,1400,Korean,"Anchor Pt, Alaska",United States,1234567,,100,300,United States,HFCC
9465000,AM,For new organization,2100,2300,English,Sofia,Bulgaria,1234567,,250,306,Bulgaria,HFCC
9470000,AM,China Radio International,0000,0100,Mongolian,Xian,China,1234567,,500,354,China,HFCC
9470000,AM,China National Radio,0348,1153,Kazakh,Urumqi,China,1234567,,100,0,China,HFCC
9470000,AM,Nippon Hoso Kyokai,1300,1400,Japanese,Tokyo Yamata,Japan,1234567,,300,270,Japan,HFCC
9470000,AM,China Radio International,1700,1800,Russian,Xian,China,1234567,,500,292,China,HFCC
9470000,AM,Egypt Radio & TV Union,1800,1900,Italian,Abis,Egypt,1234567,,125,325,Egypt,HFCC
9470000,AM,China Radio International,2300,2400,Mongolian,Xian,China,1234567,,500,354,China,HFCC
9475000,AM,Media Broadcast GmbH,0700,0800,Dutch / English,Nauen,Germany,1,,125,230,Germany,HFCC
9475000,AM,"Leap of Faith, Inc.",1400,2400,English,"Lebanon, TN",United States,1234567,,100,50,United States,HFCC
9480000,AM,Abu Dhabi Media Company,0430,0530,Persian,Dhabayya,United Arab Emirates,1234567,,250,45,United Arab Emirates,HFCC
9480000,AM,China National Radio,1100,1605,Tibetan,Dongfang,China,1234567,,150,310,China,HFCC
9480000,AM,China Radio International,1800,2000,French,Xian,China,1234567,,500,317,China,HFCC
9480000,AM,Nippon Hoso Kyokai,2000,2100,Japanese,Tokyo Yamata,Japan,1234567,,300,175,Japan,HFCC
9480000,AM,China National Radio,2155,2400,Tibetan,Dongfang,China,1234567,,150,310,China,HFCC
9490000,AM,Radio Miami International,0100,0200,Spanish,Issoudun,France,1234567,,150,285,France,HFCC
9490000,AM,Radio Miami International,0200,0300,Spanish,Issoudun,France,1234567,,150,285,France,HFCC
9490000,AM,China National Radio,0200,1000,Tibetan,Lhasa,China,1234567,,100,85,China,HFCC
9490000,AM,China Radio International,1030,1130,Central Khmer,Kunming,China,1234567,,150,177,China,HFCC
9490000,AM,Radio Romania International,1200,1300,Romanian,Tiganesti,Romania,1234567,,100,300,Romania,HFCC
9490000,AM,China Radio International,1300,1400,Bengali,Kunming,China,1234567,,150,270,China,HFCC
9490000,AM,China Radio International,1400,1500,Bengali,Kunming,China,1234567,,150,270,China,HFCC
9490000,AM,China Radio International,1500,1600,Bengali,Kunming,China,1234567,,150,270,China,HFCC
9490000,AM,Media Broadcast GmbH,1700,1745,Multiple languages,Sofia,Bulgaria,13567,,100,141,Bulgaria,HFCC
9490000,AM,Media Broadcast GmbH,1710,1730,Multiple languages,Sofia,Bulgaria,24,,100,141,Bulgaria,HFCC
9490000,AM,For new organization,1745,2000,Multiple languages,Sofia,Bulgaria,1234567,,100,126,Bulgaria,HFCC
9490000,AM,Abu Dhabi Media Company,2100,2130,French,Dhabayya,United Arab Emirates,23456,,250,240,United Arab Emirates,HFCC
9490000,AM,China Radio International,2200,2300,Standard Chinese,Beijing,China,1234567,,500,257,China,HFCC
9490000,AM,China Radio International,2330,0030,Sinhala,Kunming,China,1234567,,150,234,China,HFCC
9500000,AM,Telediffusion d'Algerie,0300,0400,Standard Arabic,Bechar,Algeria,1234567,,300,131,Algeria,HFCC
9500000,AM,Radio Romania International,0400,0500,Romanian,Galbeni,Romania,1234567,,300,285,Romania,HFCC
9500000,AM,Telediffusion d'Algerie,0400,0500,Standard Arabic,Bechar,Algeria,1234567,,300,131,Algeria,HFCC
9500000,AM,Telediffusion d'Algerie,0500,0600,Standard Arabic,Bechar,Algeria,1234567,,300,131,Algeria,HFCC
9500000,AM,Telediffusion d'Algerie,0600,0700,Standard Arabic,Bechar,Algeria,1234567,,300,131,Algeria,HFCC
9500000,AM,China Radio International,1100,1300,English,Kashi,China,1234567,,100,209,China,HFCC
9500000,AM,China Radio International,1300,1400,English,Kashi,China,1234567,,100,209,China,HFCC
9500000,AM,Trans World Radio,1630,1730,Amharic / Orokolo,Manzini,Swaziland,1234567,,100,13,Swaziland,HFCC
9500000,AM,Trans World Radio,1730,1745,Sidamo,Manzini,Swaziland,1,,100,13,Swaziland,HFCC
9500000,AM,Trans World Radio,1730,1800,Orokolo,Manzini,Swaziland,23456,,100,13,Swaziland,HFCC
9500000,AM,Radio Romania International,1800,1900,Romanian,Galbeni,Romania,1234567,,300,285,Romania,HFCC
9500000,AM,Trans World Radio,1802,1902,English,Manzini,Swaziland,1,,100,13,Swaziland,HFCC
9500000,AM,Radio Romania International,1900,2000,Romanian,Galbeni,Romania,1234567,,300,285,Romania,HFCC
9500000,AM,China National Radio,2025,1805,Chinese,Shijiazhuang,China,1234567,,100,165,China,HFCC
9505000,AM,Sudan National Broadcasting Corporation,0400,0800,English,Al-Fatihab,Sudan,1234567,,100,110,Sudan,HFCC
9505000,AM,Sudan National Broadcasting Corporation,1630,2100,French,Al-Fatihab,Sudan,1234567,,100,210,Sudan,HFCC
9510000,AM,China Radio International,0100,0130,Standard Chinese,Kunming,China,1234567,,150,135,China,HFCC
9510000,AM,China Radio International,0230,0300,Standard Chinese,Kunming,China,1234567,,150,135,China,HFCC
9510000,AM,Radio Romania International,0430,0500,Russian,Tiganesti,Romania,1234567,,300,37,Romania,HFCC
9510000,AM,China National Radio,0530,1030,Mongolian,Urumqi,China,1234567,,50,0,China,HFCC
9510000,AM,"ANTI, Milano",0800,0900,English,"Milano, Italy",Italy,7,,150,0,Italy,HFCC
9510000,AM,"ANTI, Milano",0930,1200,English,"Milano, Italy",Italy,1,,150,0,Italy,HFCC
9510000,AM,Japan International Communications,1700,1800,Multiple languages,Tokyo Yamata,Japan,1234567,,300,290,Japan,HFCC
9510000,AM,Japan International Communications,1800,1805,Multiple languages,Tokyo Yamata,Japan,1234567,,300,290,Japan,HFCC
9515000,AM,China National Radio,0900,1605,Chinese,Beijing,China,1234567,,100,163,China,HFCC
9515000,AM,Korean Broadcasting System,1500,1700,English,Kimjae,Korea (Rep. of),1234567,,250,304,Korea (Rep. of),HFCC
9515000,AM,Korean Broadcasting System,1700,1900,Korean,Kimjae,Korea (Rep. of),1234567,,250,304,Korea (Rep. of),HFCC
9515000,AM,China Radio International,1900,1930,Czech,Shijiazhuang,China,1234567,,500,315,China,HFCC
9515000,AM,Media Broadcast GmbH,1930,2000,Multiple languages,Nauen,Germany,1,,250,165,Germany,HFCC
9515000,AM,China National Radio,2055,2400,Chinese,Beijing,China,1234567,,100,163,China,HFCC
9520000,AM,Radio Romania International,1400,1430,Italian,Tiganesti,Romania,1234567,,100,270,Romania,HFCC
9520000,AM,China National Radio,2150,1605,Chinese,Huhhot,China,1234567,,50,36,China,HFCC
9525000,AM,BBC Worldservice,1600,1630,Dari,A'Seela,Oman,1234567,,250,35,Oman,HFCC
9525000,AM,BBC Worldservice,1630,1700,Pushto,A'Seela,Oman,23456,,250,35,Oman,HFCC
9525000,AM,BBC Worldservice,1630,1700,Dari,A'Seela,Oman,17,,250,35,Oman,HFCC
9525000,AM,BBC Worldservice,1700,1800,Dari,A'Seela,Oman,1234567,,250,35,Oman,HFCC
9525000,AM,BBC Worldservice,1800,1900,Pushto,A'Seela,Oman,1234567,,250,35,Oman,HFCC
9525000,AM,China Radio International,1900,2000,Russian,Beijing,China,1234567,,500,318,China,HFCC
9525000,AM,China Radio International,2000,2100,Russian,Beijing,China,1234567,,500,318,China,HFCC
9525000,AM,Korean Broadcasting System,2200,2400,Korean,Kimjae,Korea (Rep. of),1234567,,250,225,Korea (Rep. of),HFCC
9530000,AM,Radio Onda ASBL,0000,2400,Portuguese,Junglinster,Luxembourg,1234567,,1,0,Luxembourg,HFCC
9530000,AM,Sudan National Broadcasting Corporation,1600,2000,French,Al-Fatihab,Sudan,1234567,,100,240,Sudan,HFCC
9535000,AM,China Radio International,0100,0200,English,Kashi,China,1234567,,100,174,China,HFCC
9535000,AM,China Radio International,1330,1430,Indonesian,Kunming,China,1234567,,100,175,China,HFCC
9535000,AM,China Radio International,1500,1600,Urdu,Kashi,China,1234567,,100,209,China,HFCC
9535000,AM,China Radio International,1600,1800,German,Baoji,China,1234567,,150,317,China,HFCC
9535000,AM,China Radio International,1900,2000,Portuguese,Baoji,China,1234567,,150,255,China,HFCC
9535000,AM,United States Agency for Global Media (USAGM),2100,2400,Mandarin Chinese,Tinang 1,Philippines,1234567,,250,332,Philippines,HFCC
9540000,AM,Far East Broadcasting Company,0200,0230,Urdu,Dhabayya,United Arab Emirates,123457,,250,60,United Arab Emirates,HFCC
9540000,AM,Far East Broadcasting Company,0200,0300,Urdu,Dhabayya,United Arab Emirates,6,,250,60,United Arab Emirates,HFCC
9540000,AM,Encompass Digital Media Services,0500,0600,Kanuri,Woofferton,United Kingdom,1234567,,250,160,United Kingdom,HFCC
9540000,AM,China Radio International,1100,1200,Cantonese,Beijing,China,1234567,,500,142,China,HFCC
9540000,AM,China Radio International,1200,1400,Standard Chinese,Kunming,China,1234567,,500,283,China,HFCC
9540000,AM,Turkish Radio-TV Corp,1400,1500,Arabic,Emirler,Turkey,1234567,,250,150,Turkey,HFCC
9540000,AM,Far East Broadcasting Company,1430,1500,Hindi,Tashkent,Ouzbékistan,456,,100,131,Ouzbékistan,HFCC
9540000,AM,China National Radio,1500,1530,Chinese,Jinhua,China,1234567,,150,340,China,HFCC
9540000,AM,IBRA Radio,1600,1630,Amharic,Dhabayya,United Arab Emirates,1234567,,250,225,United Arab Emirates,HFCC
9540000,AM,IBRA Radio,1630,1700,Amharic,Dhabayya,United Arab Emirates,1234567,,250,225,United Arab Emirates,HFCC
9540000,AM,IBRA Radio,1700,1730,Oromo,Dhabayya,United Arab Emirates,1234567,,250,225,United Arab Emirates,HFCC
9540000,AM,IBRA Radio,1730,1800,Tigrinya,Dhabayya,United Arab Emirates,1234567,,250,225,United Arab Emirates,HFCC
9540000,AM,IBRA Radio,1800,1830,Tigrinya,Dhabayya,United Arab Emirates,1234567,,250,225,United Arab Emirates,HFCC
9545000,AM,Solomon Islands Broadcasting,0000,0800,Bislama,Honiara,Solomon,1234567,,10,0,Solomon,HFCC
9545000,AM,World Christian Broadcasting Corporation,0900,1000,Russian,"Anchor Pt, Alaska",United States,1234567,,100,300,United States,HFCC
9545000,AM,Radio Russia,1400,2100,Russian,Moskva,Russia,1234567,,200,270,Russia,HFCC
9545000,AM,Solomon Islands Broadcasting,2000,2400,Bislama,Honiara,Solomon,1234567,,10,0,Solomon,HFCC
9550000,AM,China Radio International,0000,0100,Hakka Chinese,Kunming,China,1234567,,150,191,China,HFCC
9550000,AM,Radio Romania International,0100,0200,French,Tiganesti,Romania,1234567,,300,307,Romania,HFCC
9550000,AM,China Radio International,0100,0200,Min Nan Chinese,Kunming,China,1234567,,150,191,China,HFCC
9550000,AM,BBC Worldservice,0330,0430,Persian,A'Seela,Oman,1234567,,250,345,Oman,HFCC
9550000,AM,Media Broadcast GmbH,0430,0515,Multiple languages,Nauen,Germany,1234567,,125,120,Germany,HFCC
9550000,AM,China Radio International,1100,1200,Vietnamese,Beijing,China,1234567,,500,193,China,HFCC
9550000,AM,China Radio International,1200,1300,Vietnamese,Beijing,China,1234567,,500,193,China,HFCC
9550000,AM,China Radio International,1300,1400,Vietnamese,Beijing,China,1234567,,500,193,China,HFCC
9550000,AM,China Radio International,1400,1500,Vietnamese,Beijing,China,1234567,,500,193,China,HFCC
9550000,AM,China Radio International,1500,1600,Vietnamese,Beijing,China,1234567,,500,193,China,HFCC
9550000,AM,China Radio International,1600,1700,Vietnamese,Beijing,China,1234567,,500,193,China,HFCC
9550000,AM,"Adventist Broadcasting Service, Inc.",1800,1900,Korean,"Agat, Guam",United States,1234567,,100,330,United States,HFCC
9555000,AM,China National Radio,1000,1300,Chinese,Qiqihar,China,1234567,,100,203,China,HFCC
9555000,AM,Broadcasting Serv. of the Kingdom of Saudi Arabia,1800,2300,Arabic,Riyadh,Saudi Arabia,1234567,,500,295,Saudi Arabia,HFCC
9555000,AM,Abu Dhabi Media Company,2300,2400,Tibetan,Dhabayya,United Arab Emirates,1234567,,500,75,United Arab Emirates,HFCC
9560000,AM,China Radio International,0100,0200,Standard Chinese,Kashi,China,1234567,,100,173,China,HFCC
9560000,AM,China National Radio,0300,1200,Uighur,Urumqi,China,1234567,,100,0,China,HFCC
9560000,AM,Radio Russia,1000,1400,Russian,Petropavlo Kam.,Russia,1234567,,200,263,Russia,HFCC
9560000,AM,Nippon Hoso Kyokai,1400,1500,Chinese,Tokyo Yamata,Japan,1234567,,300,290,Japan,HFCC
9560000,AM,China Radio International,1500,1600,Standard Chinese,Kashi,China,1234567,,100,174,China,HFCC
9560000,AM,Nippon Hoso Kyokai,1600,1700,Japanese,Tokyo Yamata,Japan,1234567,,300,290,Japan,HFCC
9560000,AM,For new organization,1700,1800,English,Sofia,Bulgaria,1234567,,250,30,Bulgaria,HFCC
9560000,AM,China Radio International,1800,1900,Russian,Beijing,China,1234567,,500,288,China,HFCC
9560000,AM,China Radio International,1900,1930,Hungarian,Urumqi,China,1234567,,500,308,China,HFCC
9560000,AM,Media Broadcast GmbH,2000,2100,Multiple languages,Nauen,Germany,35,,100,200,Germany,HFCC
9570000,AM,China National Radio,0100,1100,Chinese,Geermu,China,1234567,,100,172,China,HFCC
9570000,AM,Korean Broadcasting System,0700,0900,Korean,Kimjae,Korea (Rep. of),1234567,,100,205,Korea (Rep. of),HFCC
9570000,AM,Korean Broadcasting System,0900,1100,Korean,Kimjae,Korea (Rep. of),1234567,,100,205,Korea (Rep. of),HFCC
9570000,AM,China Radio International,1100,1200,Cantonese,Kunming,China,1234567,,500,135,China,HFCC
9570000,AM,China Radio International,1200,1250,Cantonese,La Habana,Cuba,1234567,,250,10,Cuba,HFCC
9570000,AM,Korean Broadcasting System,1200,1300,Indonesian,Kimjae,Korea (Rep. of),1234567,,100,205,Korea (Rep. of),HFCC
9570000,AM,Korean Broadcasting System,1300,1400,English,Kimjae,Korea (Rep. of),1234567,,100,205,Korea (Rep. of),HFCC
9570000,AM,Korean Broadcasting System,1400,1500,Indonesian,Kimjae,Korea (Rep. of),1234567,,100,205,Korea (Rep. of),HFCC
9570000,AM,China Radio International,1500,1530,Persian,Urumqi,China,1234567,,500,270,China,HFCC
9570000,AM,China Radio International,1530,1600,Pushto,Urumqi,China,1234567,,500,270,China,HFCC
9570000,AM,China Radio International,1600,1700,English,Beijing,China,1234567,,500,257,China,HFCC
9570000,AM,China Radio International,1700,1800,English,Beijing,China,1234567,,500,257,China,HFCC
9570000,AM,Radio Romania International,1800,1900,German,Tiganesti,Romania,1234567,,90,307,Romania,HFCC
9570000,AM,China National Radio,2055,0030,Chinese,Nanning,China,1234567,,100,142,China,HFCC
9575000,AM,China Radio International,1900,2000,Cantonese,Beijing,China,1234567,,500,322,China,HFCC
9575000,AM,Radio Romania International,2000,2030,French,Galbeni,Romania,1234567,,300,285,Romania,HFCC
9580000,AM,Korean Broadcasting System,0000,0200,Japanese,Kimjae,Korea (Rep. of),1234567,,250,81,Korea (Rep. of),HFCC
9580000,AM,China Radio International,0100,0200,English,La Habana,Cuba,1234567,,250,10,Cuba,HFCC
9580000,AM,Korean Broadcasting System,0200,0300,English,Kimjae,Korea (Rep. of),1234567,,250,81,Korea (Rep. of),HFCC
9580000,AM,China Radio International,0200,0300,Standard Chinese,La Habana,Cuba,1234567,,250,10,Cuba,HFCC
9580000,AM,China National Radio,0200,0930,Tibetan,Lhasa,China,1234567,,100,290,China,HFCC
9580000,AM,Korean Broadcasting System,0300,0400,English,Kimjae,Korea (Rep. of),1234567,,250,81,Korea (Rep. of),HFCC
9580000,AM,Broadcasting Serv. of the Kingdom of Saudi Arabia,0300,0600,Arabic,Jeddah,Saudi Arabia,1234567,,50,0,Saudi Arabia,HFCC
9580000,AM,World Christian Broadcasting Corporation,1000,1100,English,"Anchor Pt, Alaska",United States,1234567,,100,270,United States,HFCC
9580000,AM,World Christian Broadcasting Corporation,1100,1200,Russian,"Anchor Pt, Alaska",United States,1234567,,100,300,United States,HFCC
9580000,AM,World Christian Broadcasting Corporation,1400,1500,English,"Anchor Pt, Alaska",United States,1234567,,100,270,United States,HFCC
9580000,AM,World Christian Broadcasting Corporation,1600,1700,Russian,"Anchor Pt, Alaska",United States,1234567,,100,315,United States,HFCC
9580000,AM,World Christian Broadcasting Corporation,1700,1800,Russian,"Anchor Pt, Alaska",United States,1234567,,100,315,United States,HFCC
9580000,AM,Broadcasting Serv. of the Kingdom of Saudi Arabia,1700,2200,Arabic,Jeddah,Saudi Arabia,1234567,,50,0,Saudi Arabia,HFCC
9580000,AM,Vatican Radio,2200,2230,Chinese,S. Maria di Galeria,Vatican,1234567,,250,54,Vatican,HFCC
9580000,AM,Vatican Radio,2315,2350,Vietnamese,S. Maria di Galeria,Vatican,1234567,,250,75,Vatican,HFCC
9585000,AM,Radio Russia,1200,1400,Russian,Petropavlo Kam.,Russia,1234567,,250,241,Russia,HFCC
9585000,AM,Trans World Radio,1400,1443,Portuguese / Makhuwa,Manzini,Swaziland,23456,,100,5,Swaziland,HFCC
9585000,AM,Trans World Radio,1420,1450,Makhuwa,Manzini,Swaziland,7,,100,5,Swaziland,HFCC
9585000,AM,Trans World Radio,1455,1525,Malayalam / French,Manzini,Swaziland,23456,,100,64,Swaziland,HFCC
9585000,AM,China Radio International,1500,1600,Japanese,Xian,China,1234567,,500,73,China,HFCC
9585000,AM,For new organization,1500,1800,English,Sofia,Bulgaria,1234567,,250,30,Bulgaria,HFCC
9585000,AM,Abu Dhabi Media Company,1700,2000,Arabic,Dhabayya,United Arab Emirates,1234567,,250,255,United Arab Emirates,HFCC
9585000,AM,Encompass Digital Media Services,1830,1900,Arabic,S. Maria di Galeria,Vatican,1,,250,114,Vatican,HFCC
9585000,AM,Encompass Digital Media Services,1900,1930,English,Ascension,United Kingdom,1,,250,115,United Kingdom,HFCC
9585000,AM,China Radio International,2000,2030,Serbian,Kashi,China,1234567,,500,298,China,HFCC
9585000,AM,China Radio International,2030,2100,Hungarian,Kashi,China,1234567,,500,298,China,HFCC
9590000,AM,BBC Worldservice,0000,0200,English,Tashkent,Ouzbékistan,1234567,,100,131,Ouzbékistan,HFCC
9590000,AM,China Radio International,1100,1200,Cantonese,Kunming,China,1234567,,150,191,China,HFCC
9590000,AM,China Radio International,2200,2300,English,Beijing,China,1234567,,150,95,China,HFCC
9595000,AM,Nihon Short-wave Broadc. Co.,0000,2400,Japanese,Tokyo Nagara,Japan,1234567,,50,64,Japan,HFCC
9595000,AM,Nihon Short-wave Broadc. Co.,0000,2400,Japanese,Tokyo Nagara,Japan,1234567,,50,244,Japan,HFCC
9595000,AM,China National Radio,0900,1100,Chinese,Kunming,China,1234567,,500,20,China,HFCC
9600000,AM,United States Agency for Global Media (USAGM),0000,0030,Tibetan,Kuwait,Kuwait,17,,250,78,Kuwait,HFCC
9600000,AM,United States Agency for Global Media (USAGM),0100,0130,Tibetan,Kuwait,Kuwait,23456,,250,78,Kuwait,HFCC
9600000,AM,China National Radio,0308,1200,Chinese,Urumqi,China,1234567,,50,230,China,HFCC
9600000,AM,China Radio International,1200,1300,English,Kunming,China,1234567,,150,163,China,HFCC
9600000,AM,China Radio International,1300,1400,Bengali,Baoji,China,1234567,,150,255,China,HFCC
9600000,AM,China Radio International,1500,1530,Persian,Kashi,China,1234567,,500,269,China,HFCC
9600000,AM,China Radio International,1800,1900,English,Beijing,China,1234567,,500,318,China,HFCC
9600000,AM,China Radio International,2000,2100,English,Kashi,China,1234567,,500,308,China,HFCC
9600000,AM,China Radio International,2100,2200,English,Kashi,China,1234567,,500,308,China,HFCC
9605000,AM,China Radio International,1600,1700,Russian,Beijing,China,1234567,,500,318,China,HFCC
9605000,AM,China Radio International,1700,1800,Russian,Shijiazhuang,China,1234567,,500,315,China,HFCC
9610000,AM,China Radio International,0000,0100,Hakka Chinese,Kunming,China,1234567,,100,225,China,HFCC
9610000,AM,China Radio International,0100,0200,Min Nan Chinese,Kunming,China,1234567,,100,225,China,HFCC
9610000,AM,Japan International Communications,0600,1130,Multiple languages,Tokyo Yamata,Japan,1234567,,300,290,Japan,HFCC
9610000,AM,China Radio International,1100,1200,Standard Chinese,Kunming,China,1234567,,500,135,China,HFCC
9610000,AM,"Adventist Broadcasting Service, Inc.",1200,1230,Mandarin Chinese,"Agat, Guam",United States,67,,100,315,United States,HFCC
9610000,AM,"Adventist Broadcasting Service, Inc.",1200,1230,Min Nan Chinese,"Agat, Guam",United States,12345,,100,315,United States,HFCC
9610000,AM,"Adventist Broadcasting Service, Inc.",1230,1300,Cantonese,"Agat, Guam",United States,123457,,100,315,United States,HFCC
9610000,AM,"Adventist Broadcasting Service, Inc.",1230,1300,Mandarin Chinese,"Agat, Guam",United States,6,,100,315,United States,HFCC
9610000,AM,China Radio International,1500,1600,Bengali,Kunming,China,1234567,,150,270,China,HFCC
9610000,AM,Media Broadcast GmbH,1800,1830,Multiple languages,Nauen,Germany,6,,100,105,Germany,HFCC
9610000,AM,Media Broadcast GmbH,1800,1900,Multiple languages,Nauen,Germany,5,,100,105,Germany,HFCC
9610000,AM,Media Broadcast GmbH,1830,1900,Multiple languages,Nauen,Germany,13,,100,105,Germany,HFCC
9610000,AM,China National Radio,2055,0600,Mongolian,Beijing,China,1234567,,100,286,China,HFCC
9615000,AM,Abu Dhabi Media Company,0300,0330,Pushto,Dhabayya,United Arab Emirates,1234567,,250,45,United Arab Emirates,HFCC
9615000,AM,World Christian Broadcasting Corporation,1300,1400,Mandarin Chinese,"Anchor Pt, Alaska",United States,1234567,,100,315,United States,HFCC
9615000,AM,World Christian Broadcasting Corporation,1400,1500,Mandarin Chinese,"Anchor Pt, Alaska",United States,1234567,,100,315,United States,HFCC
9615000,AM,Radio New Zealand,1645,1900,English,Rangitaiki,New Zealand,1234567,,35,35,New Zealand,HFCC
9620000,AM,All India Radio,1600,1730,Persian,Bangalore,India,1234567,,250,300,India,HFCC
9620000,AM,All India Radio,1730,1930,Arabic,Bangalore,India,1234567,,250,300,India,HFCC
9620000,AM,All India Radio,1930,2030,French,Bangalore,India,1234567,,250,300,India,HFCC
9620000,AM,China National Radio,2300,1300,Chinese,Beijing,China,1234567,,150,0,China,HFCC
9625000,AM,United States Agency for Global Media (USAGM),2200,2300,Mandarin Chinese,Tinang 1,Philippines,1234567,,250,332,Philippines,HFCC
9630000,AM,China National Radio,0000,1100,Chinese,Geermu,China,1234567,,100,236,China,HFCC
9630000,AM,China National Radio,1200,1805,Kazakh,Lingshi,China,1234567,,100,298,China,HFCC
9630000,AM,Korean Broadcasting System,1400,1700,English,Kimjae,Korea (Rep. of),1234567,,250,264,Korea (Rep. of),HFCC
9630000,AM,Abu Dhabi Media Company,1700,1730,Oromo,Dhabayya,United Arab Emirates,1234567,,250,225,United Arab Emirates,HFCC
9630000,AM,Abu Dhabi Media Company,1730,1800,Tigrinya,Dhabayya,United Arab Emirates,1234567,,250,225,United Arab Emirates,HFCC
9630000,AM,Korean Broadcasting System,1800,2100,English,Kimjae,Korea (Rep. of),1234567,,250,264,Korea (Rep. of),HFCC
9635000,AM,Media Broadcast GmbH,1815,1830,Multiple languages,Sofia,Bulgaria,1,,250,126,Bulgaria,HFCC
9635000,AM,Media Broadcast GmbH,1815,1830,Multiple languages,Nauen,Germany,1,,250,130,Germany,HFCC
9635000,AM,Media Broadcast GmbH,1830,1915,Multiple languages,Nauen,Germany,1,,125,130,Germany,HFCC
9640000,AM,Korean Broadcasting System,0700,1100,Korean,Kimjae,Korea (Rep. of),1234567,,250,319,Korea (Rep. of),HFCC
9640000,AM,Korean Broadcasting System,1400,1500,English,Kimjae,Korea (Rep. of),1234567,,100,225,Korea (Rep. of),HFCC
9640000,AM,Radio Russia,1400,1700,Russian,Irkutsk,Russia,1234567,,100,263,Russia,HFCC
9640000,AM,Korean Broadcasting System,1500,1600,Vietnamese,Kimjae,Korea (Rep. of),1234567,,100,225,Korea (Rep. of),HFCC
9640000,AM,Broadcasting Serv. of the Kingdom of Saudi Arabia,1500,1800,Turkish,Riyadh,Saudi Arabia,1234567,,500,40,Saudi Arabia,HFCC
9640000,AM,Korean Broadcasting System,1600,1700,English,Kimjae,Korea (Rep. of),1234567,,100,225,Korea (Rep. of),HFCC
9640000,AM,Korean Broadcasting System,2100,2300,Korean,Kimjae,Korea (Rep. of),1234567,,250,205,Korea (Rep. of),HFCC
9640000,AM,China Radio International,2100,2300,Spanish,Kashi,China,1234567,,500,298,China,HFCC
9645000,AM,China Radio International,1100,1200,Cantonese,Beijing,China,1234567,,500,215,China,HFCC
9645000,AM,China Radio International,1200,1300,English,Beijing,China,1234567,,500,215,China,HFCC
9645000,AM,Korean Broadcasting System,1300,1400,Russian,Kimjae,Korea (Rep. of),1234567,,100,319,Korea (Rep. of),HFCC
9645000,AM,China Radio International,1830,2030,French,Kunming,China,1234567,,500,283,China,HFCC
9645000,AM,China National Radio,2330,1100,Chinese,Beijing,China,1234567,,100,0,China,HFCC
9650000,AM,Radio Romania International,0600,0630,German,Tiganesti,Romania,1234567,,300,307,Romania,HFCC
9650000,AM,Broadcasting Serv. of the Kingdom of Saudi Arabia,1400,1800,Arabic,Riyadh,Saudi Arabia,1234567,,100,0,Saudi Arabia,HFCC
9655000,AM,China Radio International,0100,0200,Standard Chinese,Nanning,China,1234567,,100,200,China,HFCC
9655000,AM,China Radio International,0200,0300,Bengali,Kunming,China,1234567,,150,270,China,HFCC
9655000,AM,Abu Dhabi Media Company,0330,0345,Oromo,Dhabayya,United Arab Emirates,3,,250,225,United Arab Emirates,HFCC
9655000,AM,Abu Dhabi Media Company,0330,0345,Sidamo,Dhabayya,United Arab Emirates,45,,250,225,United Arab Emirates,HFCC
9655000,AM,Abu Dhabi Media Company,0330,0345,Amharic,Dhabayya,United Arab Emirates,126,,250,225,United Arab Emirates,HFCC
9655000,AM,Trans World Radio,0330,0345,Amharic,Dhabayya,United Arab Emirates,12,,250,225,United Arab Emirates,HFCC
9655000,AM,Trans World Radio,0330,0345,Sidamo,Dhabayya,United Arab Emirates,5,,250,225,United Arab Emirates,HFCC
9655000,AM,Trans World Radio,0330,0345,Oromo,Dhabayya,United Arab Emirates,3,,250,225,United Arab Emirates,HFCC
9655000,AM,Turkish Radio-TV Corp,0800,0830,Georgian,Emirler,Turkey,1234567,,250,72,Turkey,HFCC
9655000,AM,China National Radio,0800,1200,Chinese,Urumqi,China,1234567,,30,98,China,HFCC
9655000,AM,China Radio International,1400,1500,Min Nan Chinese,Kunming,China,1234567,,100,225,China,HFCC
9655000,AM,Broadcasting Serv. of the Kingdom of Saudi Arabia,1430,1730,Arabic,Riyadh,Saudi Arabia,1234567,,100,0,Saudi Arabia,HFCC
9655000,AM,Radio New Zealand,1645,1900,English,Rangitaiki,New Zealand,1234567,,35,35,New Zealand,HFCC
9655000,AM,China Radio International,1900,2000,Turkish,Kunming,China,1234567,,500,300,China,HFCC
9655000,AM,Korean Broadcasting System,2000,2100,French,Ascension,United Kingdom,1234567,,125,27,United Kingdom,HFCC
9655000,AM,China National Radio,2200,0100,Chinese,Urumqi,China,1234567,,30,98,China,HFCC
9660000,AM,China National Radio,1000,1600,Chinese,Kunming,China,1234567,,500,20,China,HFCC
9665000,AM,China National Radio,1000,1705,Chinese,Beijing,China,1234567,,100,163,China,HFCC
9665000,AM,China Radio International,1500,1530,Pushto,Kashi,China,1234567,,100,239,China,HFCC
9665000,AM,China Radio International,1530,1600,Pushto,Kashi,China,1234567,,100,239,China,HFCC
9665000,AM,China National Radio,2055,2400,Chinese,Beijing,China,1234567,,100,163,China,HFCC
9670000,AM,Channel 292 (Germany),0000,2400,German,Rohrbach,Germany,1234567,,2,0,Germany,HFCC
9670000,AM,Sudan National Broadcasting Corporation,1600,1800,French,Al-Fatihab,Sudan,1234567,,100,210,Sudan,HFCC
9670000,AM,China Radio International,1800,1830,Persian,Beijing,China,1234567,,500,288,China,HFCC
9670000,AM,China Radio International,1830,1900,Persian,Beijing,China,1234567,,500,288,China,HFCC
9675000,AM,Broadcasting Serv. of the Kingdom of Saudi Arabia,0300,0900,Arabic,Riyadh,Saudi Arabia,1234567,,500,0,Saudi Arabia,HFCC
9675000,AM,Broadcasting Serv. of the Kingdom of Saudi Arabia,0900,1500,Arabic,Riyadh,Saudi Arabia,1234567,,500,0,Saudi Arabia,HFCC
9675000,AM,China Radio International,1300,1400,Russian,Shijiazhuang,China,1234567,,500,37,China,HFCC
9675000,AM,China Radio International,1400,1500,Russian,Shijiazhuang,China,1234567,,500,37,China,HFCC
9675000,AM,China Radio International,1500,1600,English,Jinhua,China,1234567,,500,280,China,HFCC
9675000,AM,Broadcasting Serv. of the Kingdom of Saudi Arabia,1800,2100,Turkish,Riyadh,Saudi Arabia,1234567,,500,340,Saudi Arabia,HFCC
9675000,AM,China Radio International,2200,2300,Standard Chinese,Beijing,China,1234567,,150,95,China,HFCC
9675000,AM,China National Radio,2300,1000,Chinese,Beijing,China,1234567,,100,37,China,HFCC
9680000,AM,China National Radio,1100,1400,Chinese,Baoji,China,1234567,,100,150,China,HFCC
9680000,AM,"Adventist Broadcasting Service, Inc.",1630,1730,Korean,"Agat, Guam",United States,1234567,,100,330,United States,HFCC
9680000,AM,"Adventist Broadcasting Service, Inc.",1830,1930,Korean,"Agat, Guam",United States,1234567,,100,330,United States,HFCC
9680000,AM,Media Broadcast GmbH,1830,1930,Multiple languages,Nauen,Germany,135,,100,107,Germany,HFCC
9685000,AM,China National Radio,0000,1000,Chinese,Beijing,China,1234567,,100,163,China,HFCC
9685000,AM,Abu Dhabi Media Company,0330,0430,Kinyarwanda,Dhabayya,United Arab Emirates,1234567,,250,15,United Arab Emirates,HFCC
9685000,AM,World Christian Broadcasting Corporation,1000,1100,Mandarin Chinese,"Anchor Pt, Alaska",United States,1234567,,100,285,United States,HFCC
9685000,AM,China Radio International,1300,1400,Vietnamese,Xian,China,1234567,,500,190,China,HFCC
9685000,AM,Encompass Digital Media Services,1430,1500,Japanese,Taipei,China,1234567,,300,2,China,HFCC
9685000,AM,Encompass Digital Media Services,1500,1530,Korean,Taipei,China,1234567,,300,2,China,HFCC
9685000,AM,China Radio International,1730,1830,Standard Chinese,Urumqi,China,1234567,,500,308,China,HFCC
9685000,AM,China Radio International,2200,2300,Portuguese,Kashi,China,1234567,,500,269,China,HFCC
9690000,AM,Korean Broadcasting System,0000,0200,Vietnamese,Kimjae,Korea (Rep. of),1234567,,100,225,Korea (Rep. of),HFCC
9690000,AM,Korean Broadcasting System,0200,0300,English,Kimjae,Korea (Rep. of),1234567,,100,225,Korea (Rep. of),HFCC
9690000,AM,Radio Exterior de Espana,1400,2200,Spanish,Noblejas,Spain,17,,200,290,Spain,HFCC
9690000,AM,China Radio International,1500,1600,Tamil,Kashi,China,1234567,,100,174,China,HFCC
9690000,AM,Radio Exterior de Espana,1800,0200,Spanish,Noblejas,Spain,23456,,200,290,Spain,HFCC
9690000,AM,TDF (France),2000,2015,Multiple languages,Issoudun,France,16,,500,75,France,HFCC
9690000,AM,TDF (France),2030,2100,Multiple languages,Issoudun,France,1,,500,75,France,HFCC
9695000,AM,China Radio International,0100,0200,Urdu,Kashi,China,1234567,,100,209,China,HFCC
9695000,AM,Media Broadcast GmbH,0430,0515,Multiple languages,Nauen,Germany,1234567,,125,120,Germany,HFCC
9695000,AM,World Christian Broadcasting Corporation,0800,0900,English,"Anchor Pt, Alaska",United States,1234567,,100,270,United States,HFCC
9695000,AM,All India Radio,1045,1215,Tibetan,Delhi,India,1234567,,100,102,India,HFCC
9695000,AM,Broadcasting Serv. of the Kingdom of Saudi Arabia,1400,1600,Pushto,Riyadh,Saudi Arabia,1234567,,500,55,Saudi Arabia,HFCC
9695000,AM,Media Broadcast GmbH,1600,1630,Multiple languages,Nauen,Germany,7,,250,80,Germany,HFCC
9695000,AM,China Radio International,1730,1830,Standard Chinese,Kunming,China,1234567,,500,283,China,HFCC
9695000,AM,Japan International Communications,2100,2300,Multiple languages,Tokyo Yamata,Japan,1234567,,300,290,Japan,HFCC
9700000,AM,China Radio International,0000,0100,English,Kashi,China,1234567,,100,174,China,HFCC
9700000,AM,Telediffusion d'Algerie,0000,0100,Standard Arabic,Ourgla,Algeria,1234567,,300,210,Algeria,HFCC
9700000,AM,Telediffusion d'Algerie,0100,0200,Standard Arabic,Ourgla,Algeria,1234567,,300,210,Algeria,HFCC
9700000,AM,Telediffusion d'Algerie,0200,0300,Standard Arabic,Ourgla,Algeria,1234567,,300,210,Algeria,HFCC
9700000,AM,Telediffusion d'Algerie,0300,0400,Standard Arabic,Ourgla,Algeria,1234567,,300,210,Algeria,HFCC
9700000,AM,Telediffusion d'Algerie,0400,0500,Standard Arabic,Ourgla,Algeria,1234567,,300,210,Algeria,HFCC
9700000,AM,Telediffusion d'Algerie,0500,0600,Standard Arabic,Ourgla,Algeria,1234567,,300,210,Algeria,HFCC
9700000,AM,Radio Romania International,0600,0630,German,Tiganesti,Romania,1234567,,300,307,Romania,HFCC
9700000,AM,Telediffusion d'Algerie,0600,0700,Standard Arabic,Ourgla,Algeria,1234567,,300,210,Algeria,HFCC
9700000,AM,Radio New Zealand,0700,1300,English,Rangitaiki,New Zealand,1234567,,50,35,New Zealand,HFCC
9700000,AM,Radio New Zealand,0700,1300,English,Rangitaiki,New Zealand,1234567,,50,325,New Zealand,HFCC
9700000,AM,World Christian Broadcasting Corporation,1500,1600,Mandarin Chinese,"Anchor Pt, Alaska",United States,1234567,,100,315,United States,HFCC
9700000,AM,Radio New Zealand,1645,2000,English,Rangitaiki,New Zealand,1234567,,50,35,New Zealand,HFCC
9700000,AM,Radio New Zealand,1645,2000,English,Rangitaiki,New Zealand,1234567,,50,325,New Zealand,HFCC
9700000,AM,For new organization,1700,1730,English,Sofia,Bulgaria,1234567,,250,30,Bulgaria,HFCC
9700000,AM,Telediffusion d'Algerie,2200,2300,Standard Arabic,Ourgla,Algeria,1234567,,300,210,Algeria,HFCC
9700000,AM,Telediffusion d'Algerie,2300,2359,Standard Arabic,Ourgla,Algeria,1234567,,300,210,Algeria,HFCC
9705000,AM,China National Radio,0330,0530,Kirghiz,Urumqi,China,1234567,,50,230,China,HFCC
9705000,AM,China National Radio,1030,1230,Kirghiz,Urumqi,China,1234567,,50,230,China,HFCC
9705000,AM,Encompass Digital Media Services,1330,1357,Japanese,Taipei,China,1234567,,300,2,China,HFCC
9705000,AM,Encompass Digital Media Services,1430,1500,Japanese,Taipei,China,1234567,,300,2,China,HFCC
9705000,AM,Vatican Radio,2000,2030,English,S. Maria di Galeria,Vatican,1234567,,250,182,Vatican,HFCC
9705000,AM,Vatican Radio,2030,2100,French,S. Maria di Galeria,Vatican,1234567,,250,182,Vatican,HFCC
9710000,AM,China Radio International,0000,0100,Portuguese,Kashi,China,1234567,,500,269,China,HFCC
9710000,AM,Vatican Radio,0440,0500,Ukrainian,S. Maria di Galeria,Vatican,1234567,,250,50,Vatican,HFCC
9710000,AM,Vatican Radio,0500,0520,Russian,S. Maria di Galeria,Vatican,1234567,,250,50,Vatican,HFCC
9710000,AM,Vatican Radio,0605,0700,Ukrainian,S. Maria di Galeria,Vatican,1,,250,54,Vatican,HFCC
9710000,AM,Vatican Radio,0710,0820,Romanian,S. Maria di Galeria,Vatican,1,,250,60,Vatican,HFCC
9710000,AM,China National Radio,1100,1805,Chinese,Shijiazhuang,China,1234567,,100,217,China,HFCC
9710000,AM,Vatican Radio,1600,1620,Armenian,S. Maria di Galeria,Vatican,1234567,,250,75,Vatican,HFCC
9710000,AM,Vatican Radio,1620,1640,Russian,S. Maria di Galeria,Vatican,1234567,,250,55,Vatican,HFCC
9710000,AM,Vatican Radio,1640,1700,Ukrainian,S. Maria di Galeria,Vatican,1234567,,100,54,Vatican,HFCC
9710000,AM,Vatican Radio,1700,1720,Belarusian,S. Maria di Galeria,Vatican,1234567,,100,26,Vatican,HFCC
9710000,AM,Media Broadcast GmbH,1830,1930,Multiple languages,Nauen,Germany,135,,100,113,Germany,HFCC
9710000,AM,China National Radio,2025,2330,Chinese,Shijiazhuang,China,1234567,,100,217,China,HFCC
9715000,AM,Islamic Republic of Iran Broadcasting,1320,1420,Kurdish,Sirjan,Iran (Islamic Rep. of),1234567,,500,298,Iran (Islamic Rep. of),HFCC
9720000,AM,China National Radio,0000,1000,Chinese,Baoji,China,1234567,,150,0,China,HFCC
9720000,AM,Broadcasting Serv. of the Kingdom of Saudi Arabia,1200,1500,Arabic,Jeddah,Saudi Arabia,1234567,,250,150,Saudi Arabia,HFCC
9720000,AM,IBRA Radio,1500,1545,Pushto,Dhabayya,United Arab Emirates,1234567,,250,45,United Arab Emirates,HFCC
9720000,AM,Radio Russia,1500,1800,Russian,Petropavlo Kam.,Russia,1234567,,250,247,Russia,HFCC
9720000,AM,BBC Worldservice,1630,1700,Persian,A'Seela,Oman,1234567,,250,345,Oman,HFCC
9720000,AM,Encompass Digital Media Services,1800,1830,Japanese,Tashkent,Ouzbékistan,1234567,,100,76,Ouzbékistan,HFCC
9720000,AM,Abu Dhabi Media Company,1800,1830,Somali,Dhabayya,United Arab Emirates,1234567,,250,225,United Arab Emirates,HFCC
9720000,AM,Media Broadcast GmbH,1830,1900,Multiple languages,Nauen,Germany,7,,125,230,Germany,HFCC
9720000,AM,Media Broadcast GmbH,1830,1900,Multiple languages,Nauen,Germany,1,,125,230,Germany,HFCC
9720000,AM,China Radio International,2030,2100,Bulgarian,Urumqi,China,1234567,,500,308,China,HFCC
9720000,AM,China Radio International,2200,2300,Standard Chinese,Kunming,China,1234567,,150,163,China,HFCC
9725000,AM,China Radio International,1000,1100,Russian,Huhhot,China,1234567,,100,345,China,HFCC
9725000,AM,China Radio International,1100,1200,Russian,Huhhot,China,1234567,,100,345,China,HFCC
9730000,AM,Radio Romania International,0100,0200,Romanian,Galbeni,Romania,1234567,,300,310,Romania,HFCC
9730000,AM,China National Radio,0330,1100,Tibetan,Lhasa,China,1234567,,100,220,China,HFCC
9730000,AM,Ministry of Information - State of Kuwait,0700,1000,English,KABD,Kuwait,1234567,,250,0,Kuwait,HFCC
9730000,AM,China Radio International,1200,1300,English,Kunming,China,1234567,,100,225,China,HFCC
9730000,AM,China Radio International,1300,1400,English,Nanning,China,1234567,,100,142,China,HFCC
9730000,AM,China Radio International,1400,1500,Standard Chinese,Kashi,China,1234567,,100,174,China,HFCC
9730000,AM,China Radio International,1600,1700,Russian,Shijiazhuang,China,1234567,,500,315,China,HFCC
9730000,AM,For new organization,1700,1800,English,Sofia,Bulgaria,1234567,,250,30,Bulgaria,HFCC
9730000,AM,China Radio International,1900,2000,Portuguese,Kashi,China,1234567,,500,298,China,HFCC
9735000,AM,Media Broadcast GmbH,0500,0530,Multiple languages,Nauen,Germany,6,,250,120,Germany,HFCC
9735000,AM,China National Radio,1200,1230,Chinese,Qiqihar,China,1234567,,100,203,China,HFCC
9740000,AM,All India Radio,0300,0430,Baluchi,Delhi,India,1234567,,100,282,India,HFCC
9740000,AM,Radio Romania International,0400,0500,Romanian,Galbeni,Romania,1234567,,300,285,Romania,HFCC
9740000,AM,All India Radio,0430,0600,Pushto,Delhi,India,1234567,,100,282,India,HFCC
9740000,AM,China Radio International,1400,1500,Sinhala,Jinhua,China,1234567,,500,258,China,HFCC
9740000,AM,Korean Broadcasting System,1500,1700,Korean,Kimjae,Korea (Rep. of),1234567,,250,290,Korea (Rep. of),HFCC
9740000,AM,Radio Russia,1600,1800,Russian,Novosibirsk,Russia,1234567,,250,180,Russia,HFCC
9740000,AM,Korean Broadcasting System,1700,1900,Spanish,Kimjae,Korea (Rep. of),1234567,,250,290,Korea (Rep. of),HFCC
9740000,AM,Islamic Republic of Iran Broadcasting,1820,1920,Hausa,Sirjan,Iran (Islamic Rep. of),1234567,,500,257,Iran (Islamic Rep. of),HFCC
9740000,AM,Radio Romania International,2030,2100,English,Galbeni,Romania,1234567,,300,300,Romania,HFCC
9740000,AM,Radio Romania International,2200,2300,English,Galbeni,Romania,1234567,,300,300,Romania,HFCC
9745000,AM,China Radio International,1930,2030,Esperanto,Kashi,China,1234567,,500,294,China,HFCC
9745000,AM,China National Radio,2055,0100,Chinese,Kashi,China,1234567,,450,106,China,HFCC
9750000,AM,Abu Dhabi Media Company,0200,0230,Urdu,Dhabayya,United Arab Emirates,1234567,,250,60,United Arab Emirates,HFCC
9750000,AM,Abu Dhabi Media Company,0230,0300,Pushto,Dhabayya,United Arab Emirates,6,,250,60,United Arab Emirates,HFCC
9750000,AM,Nippon Hoso Kyokai,0800,0830,Korean,Tokyo Yamata,Japan,1234567,,300,290,Japan,HFCC
9750000,AM,Nippon Hoso Kyokai,1000,1350,Japanese,Tokyo Yamata,Japan,1234567,,300,290,Japan,HFCC
9750000,AM,Ministry of Information - State of Kuwait,1100,1600,Arabic,KABD,Kuwait,1234567,,250,0,Kuwait,HFCC
9750000,AM,Nippon Hoso Kyokai,1350,1400,Japanese,Tokyo Yamata,Japan,1234567,,300,290,Japan,HFCC
9750000,AM,For new organization,1700,1730,English,Sofia,Bulgaria,1234567,,250,30,Bulgaria,HFCC
9750000,AM,IBRA Radio,1730,1800,Silt'e,Dhabayya,United Arab Emirates,1234567,,250,225,United Arab Emirates,HFCC
9750000,AM,Turkish Radio-TV Corp,1830,1930,English,Emirler,Turkey,1234567,,250,310,Turkey,HFCC
9750000,AM,Korean Broadcasting System,2100,2400,Korean,Kimjae,Korea (Rep. of),1234567,,250,304,Korea (Rep. of),HFCC
9750000,AM,China National Radio,2150,1605,Mongolian,Huhhot,China,1234567,,50,36,China,HFCC
9755000,AM,Korean Broadcasting System,0000,0100,Korean,Kimjae,Korea (Rep. of),1234567,,250,225,Korea (Rep. of),HFCC
9755000,AM,World Christian Broadcasting (USA),0200,0300,Spanish,Madagascar World Voice,Madagascar,1234567,,100,265,Madagascar,HFCC
9755000,AM,World Christian Broadcasting (USA),0300,0400,Spanish,Madagascar World Voice,Madagascar,1234567,,100,250,Madagascar,HFCC
9755000,AM,China National Radio,1000,1605,Chinese,Baoji,China,1234567,,100,255,China,HFCC
9755000,AM,China National Radio,2055,2400,Chinese,Baoji,China,1234567,,100,255,China,HFCC
9755000,AM,Korean Broadcasting System,2100,2400,Korean,Kimjae,Korea (Rep. of),1234567,,250,225,Korea (Rep. of),HFCC
9760000,AM,China Radio International,1200,1300,English,Kunming,China,1234567,,500,135,China,HFCC
9760000,AM,BBC Worldservice,1630,1700,Persian,A'Seela,Oman,1234567,,250,345,Oman,HFCC
9760000,AM,Radio New Zealand,1745,1900,English,Rangitaiki,New Zealand,1234567,,35,35,New Zealand,HFCC
9760000,AM,Nihon Short-wave Broadc. Co.,2300,0800,Japanese,Tokyo Nagara,Japan,1234567,,50,50,Japan,HFCC
9760000,AM,Nihon Short-wave Broadc. Co.,2300,0800,Japanese,Tokyo Nagara,Japan,1234567,,50,230,Japan,HFCC
9765000,AM,China Radio International,0000,0100,Central Khmer,Nanning,China,1234567,,100,200,China,HFCC
9765000,AM,China Radio International,0200,0230,Pushto,Kashi,China,1234567,,100,239,China,HFCC
9765000,AM,China Radio International,1300,1400,English,Baoji,China,1234567,,150,288,China,HFCC
9765000,AM,China Radio International,1400,1500,English,Baoji,China,1234567,,150,288,China,HFCC
9765000,AM,Turkish Radio-TV Corp,1500,1600,Persian,Emirler,Turkey,1234567,,250,105,Turkey,HFCC
9765000,AM,Japan International Communications,1700,1805,Multiple languages,Tokyo Yamata,Japan,1234567,,300,290,Japan,HFCC
9765000,AM,China Radio International,1800,1900,Russian,Shijiazhuang,China,1234567,,500,315,China,HFCC
9765000,AM,For new organization,1900,2000,Multiple languages,Sofia,Bulgaria,1234567,,100,126,Bulgaria,HFCC
9765000,AM,Encompass Digital Media Services,1959,2000,Undetermined,Woofferton,United Kingdom,1,,250,170,United Kingdom,HFCC
9765000,AM,Encompass Digital Media Services,2000,2030,French,Woofferton,United Kingdom,1,,250,170,United Kingdom,HFCC
9765000,AM,Encompass Digital Media Services,2029,2030,Undetermined,Woofferton,United Kingdom,23457,,300,160,United Kingdom,HFCC
9765000,AM,Encompass Digital Media Services,2030,2100,Hausa,Woofferton,United Kingdom,234567,,300,160,United Kingdom,HFCC
9765000,AM,World Christian Broadcasting (USA),2100,2200,Portuguese,Madagascar World Voice,Madagascar,1234567,,100,265,Madagascar,HFCC
9765000,AM,World Christian Broadcasting (USA),2200,2300,Portuguese,Madagascar World Voice,Madagascar,1234567,,100,265,Madagascar,HFCC
9765000,AM,China Radio International,2300,2400,Central Khmer,Nanning,China,1234567,,100,200,China,HFCC
9770000,AM,Turkish Radio-TV Corp,0400,0600,Turkish,Emirler,Turkey,1234567,,300,310,Turkey,HFCC
9770000,AM,Korean Broadcasting System,0800,1030,English,Kimjae,Korea (Rep. of),1234567,,100,225,Korea (Rep. of),HFCC
9770000,AM,Korean Broadcasting System,1030,1130,Vietnamese,Kimjae,Korea (Rep. of),1234567,,100,225,Korea (Rep. of),HFCC
9770000,AM,Korean Broadcasting System,1130,1500,Chinese,Kimjae,Korea (Rep. of),1234567,,100,225,Korea (Rep. of),HFCC
9770000,AM,China Radio International,1600,1700,Hakka Chinese,Urumqi,China,1234567,,500,212,China,HFCC
9770000,AM,China Radio International,1700,1800,Cantonese,Xian,China,1234567,,500,252,China,HFCC
9775000,AM,China National Radio,1100,1605,Chinese,Beijing,China,1234567,,150,270,China,HFCC
9775000,AM,China National Radio,2055,2400,Chinese,Beijing,China,1234567,,150,270,China,HFCC
9780000,AM,China National Radio,1130,1605,Chinese,Nanning,China,1234567,,100,142,China,HFCC
9780000,AM,Radio New Zealand,1645,1900,English,Rangitaiki,New Zealand,1234567,,35,35,New Zealand,HFCC
9780000,AM,BBC Worldservice,1730,1750,Amharic,A'Seela,Oman,23456,,250,240,Oman,HFCC
9780000,AM,BBC Worldservice,1750,1810,Oromo,A'Seela,Oman,23456,,250,240,Oman,HFCC
9780000,AM,BBC Worldservice,1810,1830,Tigrinya,A'Seela,Oman,23456,,250,240,Oman,HFCC
9780000,AM,BBC Worldservice,1830,1850,Amharic,A'Seela,Oman,23456,,250,240,Oman,HFCC
9780000,AM,BBC Worldservice,1850,1910,Oromo,A'Seela,Oman,23456,,250,240,Oman,HFCC
9780000,AM,BBC Worldservice,1910,1930,Tigrinya,A'Seela,Oman,23456,,250,240,Oman,HFCC
9780000,AM,China National Radio,2200,1600,Chinese,Xining,China,1234567,,50,270,China,HFCC
9785000,AM,China National Radio,0600,1505,Korean,Beijing,China,1234567,,100,63,China,HFCC
9785000,AM,China Radio International,1130,1230,Thai,Kunming,China,1234567,,150,191,China,HFCC
9785000,AM,China Radio International,1230,1330,Lao,Kunming,China,1234567,,150,191,China,HFCC
9785000,AM,China Radio International,1330,1430,Thai,Kunming,China,1234567,,150,191,China,HFCC
9785000,AM,Korean Broadcasting System,1400,1700,English,Kimjae,Korea (Rep. of),1234567,,250,264,Korea (Rep. of),HFCC
9785000,AM,China Radio International,1430,1530,Lao,Kunming,China,1234567,,150,191,China,HFCC
9785000,AM,Korean Broadcasting System,2300,2400,Korean,Kimjae,Korea (Rep. of),1234567,,250,275,Korea (Rep. of),HFCC
9790000,AM,Islamic Republic of Iran Broadcasting,0050,0220,Tajik,Sirjan,Iran (Islamic Rep. of),1234567,,500,65,Iran (Islamic Rep. of),HFCC
9790000,AM,Islamic Republic of Iran Broadcasting,0050,0220,Tajik,Sirjan,Iran (Islamic Rep. of),1234567,,500,40,Iran (Islamic Rep. of),HFCC
9790000,AM,China Radio International,0300,0400,English,La Habana,Cuba,1234567,,250,305,Cuba,HFCC
9790000,AM,China Radio International,0400,0500,Cantonese,La Habana,Cuba,1234567,,250,305,Cuba,HFCC
9790000,AM,Islamic Republic of Iran Broadcasting,1220,1320,Pushto,Sirjan,Iran (Islamic Rep. of),1234567,,500,40,Iran (Islamic Rep. of),HFCC
9790000,AM,Islamic Republic of Iran Broadcasting,1320,1420,Kurdish,Sirjan,Iran (Islamic Rep. of),1234567,,500,298,Iran (Islamic Rep. of),HFCC
9790000,AM,Broadcasting Serv. of the Kingdom of Saudi Arabia,1400,1800,Arabic,Riyadh,Saudi Arabia,1234567,,100,0,Saudi Arabia,HFCC
9790000,AM,Radio Russia,1500,1900,Russian,Moskva,Russia,1234567,,250,240,Russia,HFCC
9790000,AM,For new organization,1700,1730,English,Sofia,Bulgaria,1234567,,250,30,Bulgaria,HFCC
9790000,AM,Radio France Internationale,2000,2100,French,Issoudun,France,1234567,,250,185,France,HFCC
9790000,AM,Radio France Internationale,2100,2200,French,Issoudun,France,1234567,,250,185,France,HFCC
9795000,AM,All India Radio,0430,0600,Dari,Delhi,India,1234567,,100,282,India,HFCC
9795000,AM,All India Radio,0900,1030,Nepali,Delhi,India,1234567,,100,102,India,HFCC
9795000,AM,Far East Broadcasting Company,1100,1200,Vietnamese,Iba,Philippines,1234567,,100,270,Philippines,HFCC
9795000,AM,World Christian Broadcasting Corporation,1200,1300,English,"Anchor Pt, Alaska",United States,1234567,,100,270,United States,HFCC
9795000,AM,Islamic Republic of Iran Broadcasting,1220,1320,Pushto,Sirjan,Iran (Islamic Rep. of),1234567,,500,40,Iran (Islamic Rep. of),HFCC
9795000,AM,Nippon Hoso Kyokai,1600,1700,Japanese,Tokyo Yamata,Japan,1234567,,300,235,Japan,HFCC
9795000,AM,Nippon Hoso Kyokai,1700,1800,Japanese,Tokyo Yamata,Japan,1234567,,300,235,Japan,HFCC
9795000,AM,Nippon Hoso Kyokai,1800,1900,Japanese,Tokyo Yamata,Japan,1234567,,300,240,Japan,HFCC
9795000,AM,Nippon Hoso Kyokai,1900,2100,Japanese,Tokyo Yamata,Japan,1234567,,300,235,Japan,HFCC
9795000,AM,Far East Broadcasting Company,2300,2400,Multiple languages,Iba,Philippines,1234567,,100,270,Philippines,HFCC
9800000,AM,Broadcasting Serv. of the Kingdom of Saudi Arabia,0230,0530,Arabic,Riyadh,Saudi Arabia,1234567,,100,0,Saudi Arabia,HFCC
9800000,AM,Radio Horizon,0700,2400,Dutch,Ankum,Netherlands,1234567,,5,0,Netherlands,HFCC
9800000,AM,China Radio International,1300,1400,English,Kunming,China,1234567,,500,135,China,HFCC
9800000,AM,China Radio International,1400,1500,Urdu,Kashi,China,1234567,,100,209,China,HFCC
9800000,AM,World Christian Broadcasting Corporation,1500,1600,Russian,"Anchor Pt, Alaska",United States,1234567,,100,300,United States,HFCC
9800000,AM,Radio Russia,1600,2000,Russian,Kaliningrad,Russia,1234567,,15,220,Russia,HFCC
9800000,AM,China Radio International,1700,1800,Cantonese,Urumqi,China,1234567,,500,212,China,HFCC
9805000,AM,Korean Broadcasting System,0900,1100,Japanese,Kimjae,Korea (Rep. of),1234567,,100,81,Korea (Rep. of),HFCC
9805000,AM,United States Agency for Global Media (USAGM),1000,1300,Spanish,"Greenville, NC (Site B)",United States,1234567,,250,183,United States,HFCC
9805000,AM,Korean Broadcasting System,1300,1400,Russian,Kimjae,Korea (Rep. of),1234567,,100,304,Korea (Rep. of),HFCC
9805000,AM,Korean Broadcasting System,1600,1700,Indonesian,Kimjae,Korea (Rep. of),1234567,,100,205,Korea (Rep. of),HFCC
9805000,AM,Korean Broadcasting System,2200,2300,Indonesian,Kimjae,Korea (Rep. of),1234567,,100,205,Korea (Rep. of),HFCC
9805000,AM,Korean Broadcasting System,2300,2400,Chinese,Kimjae,Korea (Rep. of),1234567,,100,205,Korea (Rep. of),HFCC
9810000,AM,China National Radio,0100,1230,Chinese,Baoji,China,1234567,,100,135,China,HFCC
9810000,AM,Korean Broadcasting System,1300,1330,Korean,Kimjae,Korea (Rep. of),1234567,,250,270,Korea (Rep. of),HFCC
9810000,AM,China National Radio,1300,1805,Chinese,Nanning,China,1234567,,150,155,China,HFCC
9810000,AM,Media Broadcast GmbH,1700,1715,Multiple languages,Nauen,Germany,6,,100,126,Germany,HFCC
9810000,AM,Media Broadcast GmbH,1700,1830,Multiple languages,Nauen,Germany,7,,100,126,Germany,HFCC
9810000,AM,Media Broadcast GmbH,1730,1830,Multiple languages,Nauen,Germany,1,,100,126,Germany,HFCC
9810000,AM,Media Broadcast GmbH,1830,1915,Multiple languages,Nauen,Germany,1,,100,126,Germany,HFCC
9810000,AM,Koode Radio International,1900,1930,Multiple languages,Issoudun,France,1234567,,100,175,France,HFCC
9810000,AM,China National Radio,2025,2300,Chinese,Nanning,China,1234567,,150,155,China,HFCC
9820000,AM,For new organization,0400,0700,Multiple languages,Sofia,Bulgaria,1234567,,100,126,Bulgaria,HFCC
9820000,AM,Voice of Russia,0700,1000,Russian,Komsomolsk Amur,Russia,1234567,,20,33,Russia,HFCC
9820000,AM,China Radio International,1000,1100,Standard Chinese,Beijing,China,1234567,,500,322,China,HFCC
9820000,AM,China National Radio,1000,1600,Chinese,Nanning,China,1234567,,100,191,China,HFCC
9820000,AM,China National Radio,1100,1605,Chinese,Xian,China,1234567,,150,290,China,HFCC
9820000,AM,Radio Russia,1700,2100,Russian,Moskva,Russia,1234567,,200,270,Russia,HFCC
9820000,AM,China National Radio,2055,2400,Chinese,Xian,China,1234567,,150,290,China,HFCC
9820000,AM,China National Radio,2300,0100,Chinese,Nanning,China,1234567,,100,191,China,HFCC
9825000,AM,China Radio International,0200,0300,Standard Chinese,Urumqi,China,1234567,,500,212,China,HFCC
9830000,AM,China National Radio,0730,1805,Chinese,Huhhot,China,1234567,,100,175,China,HFCC
9830000,AM,Radio Russia,1600,1800,Russian,Armavir,Russia,1234567,,300,188,Russia,HFCC
9830000,AM,Islamic Republic of Iran Broadcasting,1920,2020,English,Sirjan,Iran (Islamic Rep. of),1234567,,500,216,Iran (Islamic Rep. of),HFCC
9830000,AM,China National Radio,2025,0100,Chinese,Huhhot,China,1234567,,100,175,China,HFCC
9830000,AM,Egypt Radio & TV Union,2215,2330,Portuguese,Abis,Egypt,1234567,,100,252,Egypt,HFCC
9835000,AM,Broadcasting Serv. of the Kingdom of Saudi Arabia,0300,0600,Pushto,Jeddah,Saudi Arabia,1234567,,250,60,Saudi Arabia,HFCC
9835000,AM,Islamic Republic of Iran Broadcasting,1920,2020,English,Sirjan,Iran (Islamic Rep. of),1234567,,500,216,Iran (Islamic Rep. of),HFCC
9840000,AM,Abu Dhabi Media Company,0100,0300,Central Pashto,Dhabayya,United Arab Emirates,1234567,,250,45,United Arab Emirates,HFCC
9840000,AM,Islamic Republic of Iran Broadcasting,1430,1730,Arabic,Sirjan,Iran (Islamic Rep. of),1234567,,500,216,Iran (Islamic Rep. of),HFCC
9840000,AM,Broadcasting Serv. of the Kingdom of Saudi Arabia,1600,2100,English,Jeddah,Saudi Arabia,1234567,,250,220,Saudi Arabia,HFCC
9840000,AM,Turkish Radio-TV Corp,1730,1830,German,Emirler,Turkey,1234567,,250,310,Turkey,HFCC
9845000,AM,China National Radio,1200,1805,Chinese,Beijing,China,1234567,,100,251,China,HFCC
9845000,AM,World Christian Broadcasting (USA),1900,2000,Russian,Madagascar World Voice,Madagascar,1234567,,100,355,Madagascar,HFCC
9845000,AM,China National Radio,2025,2400,Chinese,Beijing,China,1234567,,100,251,China,HFCC
9850000,AM,Radio Russia,0800,1500,Russian,Kaliningrad,Russia,1234567,,15,220,Russia,HFCC
9850000,AM,Radio Russia,1500,1900,Russian,Moskva,Russia,1234567,,40,261,Russia,HFCC
9850000,AM,Egypt Radio & TV Union,2000,2115,French,Abis,Egypt,1234567,,125,325,Egypt,HFCC
9850000,AM,China National Radio,2250,1600,Tibetan,Xining,China,1234567,,50,206,China,HFCC
9855000,AM,China Radio International,1200,1400,Standard Chinese,Beijing,China,1234567,,500,215,China,HFCC
9860000,AM,Media Broadcast GmbH,0500,0600,Multiple languages,Nauen,Germany,1234567,,125,185,Germany,HFCC
9860000,AM,China Radio International,0730,0800,Standard Chinese,Kunming,China,1234567,,150,135,China,HFCC
9860000,AM,China Radio International,0830,0900,Standard Chinese,Kunming,China,1234567,,150,135,China,HFCC
9860000,AM,Broadcasting Serv. of the Kingdom of Saudi Arabia,1200,1500,Arabic,Riyadh,Saudi Arabia,1234567,,500,310,Saudi Arabia,HFCC
9860000,AM,China National Radio,1200,1805,Chinese,Beijing,China,1234567,,100,285,China,HFCC
9860000,AM,Media Broadcast GmbH,1830,1915,Multiple languages,Nauen,Germany,1,,125,130,Germany,HFCC
9860000,AM,China National Radio,2025,2300,Chinese,Beijing,China,1234567,,100,285,China,HFCC
9865000,AM,China Radio International,2000,2100,Standard Chinese,Kunming,China,1234567,,500,283,China,HFCC
9865000,AM,China Radio International,2300,2400,Standard Chinese,Urumqi,China,1234567,,500,308,China,HFCC
9870000,AM,Turkish Radio-TV Corp,0000,0200,Spanish,Emirler,Turkey,1234567,,250,252,Turkey,HFCC
9870000,AM,All India Radio,0100,0130,Sinhala,Bangalore,India,1234567,,250,325,India,HFCC
9870000,AM,Radio Russia,0400,0700,Russian,Kaliningrad,Russia,1234567,,15,220,Russia,HFCC
9870000,AM,Radio Russia,0800,1200,Russian,Moskva,Russia,1234567,,200,190,Russia,HFCC
9870000,AM,World Christian Broadcasting Corporation,1100,1200,Korean,"Anchor Pt, Alaska",United States,1234567,,100,300,United States,HFCC
9870000,AM,All India Radio,1230,1330,Baluchi,Delhi,India,1234567,,100,282,India,HFCC
9870000,AM,China Radio International,1300,1400,English,Xian,China,1234567,,500,200,China,HFCC
9870000,AM,All India Radio,1330,1500,Dari,Delhi,India,1234567,,100,282,India,HFCC
9870000,AM,China Radio International,1400,1500,English,Xian,China,1234567,,500,200,China,HFCC
9870000,AM,China Radio International,1500,1600,English,Xian,China,1234567,,500,200,China,HFCC
9870000,AM,Egypt Radio & TV Union,1500,1600,ArbÃ«reshÃ« Albanian,Abis,Egypt,1234567,,125,325,Egypt,HFCC
9870000,AM,Islamic Republic of Iran Broadcasting,1650,1820,Turkish,Sirjan,Iran (Islamic Rep. of),1234567,,500,310,Iran (Islamic Rep. of),HFCC
9870000,AM,Broadcasting Serv. of the Kingdom of Saudi Arabia,1800,2300,Arabic,Riyadh,Saudi Arabia,1234567,,500,310,Saudi Arabia,HFCC
9870000,AM,Islamic Republic of Iran Broadcasting,1820,1920,Hausa,Sirjan,Iran (Islamic Rep. of),1234567,,500,257,Iran (Islamic Rep. of),HFCC
9870000,AM,Korean Broadcasting System,2200,2300,Korean,Kimjae,Korea (Rep. of),1234567,,250,290,Korea (Rep. of),HFCC
9875000,AM,BBC Worldservice,0330,0430,Persian,A'Seela,Oman,1234567,,250,345,Oman,HFCC
9875000,AM,Turkish Radio-TV Corp,2030,2130,English,Emirler,Turkey,1234567,,300,105,Turkey,HFCC
9875000,AM,Far East Broadcasting Company,2300,2330,Iu Mien,Bocaue,Philippines,1234567,,100,280,Philippines,HFCC
9875000,AM,Far East Broadcasting Company,2330,2400,Iu Mien,Bocaue,Philippines,23456,,100,280,Philippines,HFCC
9880000,AM,China Radio International,0000,0100,Standard Chinese,Kunming,China,1234567,,100,184,China,HFCC
9880000,AM,China Radio International,0800,0900,Standard Chinese,Beijing,China,1234567,,150,95,China,HFCC
9880000,AM,China Radio International,0900,1000,Standard Chinese,Beijing,China,1234567,,150,95,China,HFCC
9880000,AM,China Radio International,0900,1000,Standard Chinese,Nanning,China,1234567,,100,142,China,HFCC
9880000,AM,China Radio International,1000,1100,Standard Chinese,Beijing,China,1234567,,150,95,China,HFCC
9880000,AM,China Radio International,1100,1200,Burmese,Kunming,China,1234567,,100,225,China,HFCC
9880000,AM,China Radio International,1300,1400,Burmese,Kunming,China,1234567,,100,225,China,HFCC
9880000,AM,China Radio International,1400,1500,Central Khmer,Nanning,China,1234567,,100,200,China,HFCC
9880000,AM,Korean Broadcasting System,1400,1700,English,Kimjae,Korea (Rep. of),1234567,,250,264,Korea (Rep. of),HFCC
9880000,AM,China Radio International,1500,1600,Russian,Xian,China,1234567,,500,292,China,HFCC
9880000,AM,China Radio International,1500,1600,English,Nanning,China,1234567,,100,200,China,HFCC
9880000,AM,China Radio International,1600,1700,English,Nanning,China,1234567,,100,200,China,HFCC
9880000,AM,China Radio International,1700,1800,English,Nanning,China,1234567,,100,200,China,HFCC
9880000,AM,Turkish Radio-TV Corp,1930,2030,French,Emirler,Turkey,1234567,,250,252,Turkey,HFCC
9880000,AM,China Radio International,2200,2300,Esperanto,Kashi,China,1234567,,500,269,China,HFCC
9885000,AM,China National Radio,1000,1300,Chinese,Dongfang,China,1234567,,500,16,China,HFCC
9885000,AM,Broadcasting Serv. of the Kingdom of Saudi Arabia,1500,1800,Turkish,Riyadh,Saudi Arabia,1234567,,500,40,Saudi Arabia,HFCC
9885000,AM,World Christian Broadcasting (USA),1800,1900,Russian,Madagascar World Voice,Madagascar,1234567,,100,355,Madagascar,HFCC
9885000,AM,Egypt Radio & TV Union,2330,0045,Arabic,Abis,Egypt,1234567,,125,252,Egypt,HFCC
9890000,AM,Radio Romania International,0430,0500,Russian,Tiganesti,Romania,1234567,,300,37,Romania,HFCC
9890000,AM,China Radio International,1000,1100,Standard Chinese,Xian,China,1234567,,500,354,China,HFCC
9890000,AM,China National Radio,1400,1805,Uighur,Beijing,China,1234567,,100,285,China,HFCC
9890000,AM,Egypt Radio & TV Union,1900,2000,Russian,Abis,Egypt,1234567,,125,5,Egypt,HFCC
9890000,AM,Radio Russia,2100,2400,Russian,Khabarovsk,Russia,1234567,,100,218,Russia,HFCC
9890000,AM,Egypt Radio & TV Union,2115,2215,English,Abis,Egypt,1234567,,125,325,Egypt,HFCC
9895000,AM,IBRA Radio,0230,0300,Dari,Dhabayya,United Arab Emirates,1234567,,250,45,United Arab Emirates,HFCC
9895000,AM,Abu Dhabi Media Company,0230,0300,Dari,Dhabayya,United Arab Emirates,1234567,,250,45,United Arab Emirates,HFCC
9895000,AM,Radio Russia,1000,1400,Russian,Petropavlo Kam.,Russia,1234567,,200,263,Russia,HFCC
9895000,AM,Radio Russia,1800,2100,Russian,Irkutsk,Russia,1234567,,15,224,Russia,HFCC
9895000,AM,"Adventist Broadcasting Service, Inc.",2000,2100,Korean,"Agat, Guam",United States,1234567,,100,330,United States,HFCC
9900000,AM,Egypt Radio & TV Union,0045,0200,Spanish,Abis,Egypt,1234567,,100,252,Egypt,HFCC
9900000,AM,For new organization,0800,1300,Multiple languages,Sofia,Bulgaria,1234567,,250,126,Bulgaria,HFCC
9900000,AM,Egypt Radio & TV Union,1700,1900,Turkish,Abis,Egypt,1234567,,125,5,Egypt,HFCC
9900000,AM,China National Radio,2200,2400,Chinese,Dongfang,China,1234567,,500,16,China,HFCC
9910000,AM,United States Agency for Global Media (USAGM),1400,1500,Mandarin Chinese,Tinang 1,Philippines,1234567,,250,349,Philippines,HFCC
9910000,AM,United States Agency for Global Media (USAGM),1600,1700,Tibetan,Kuwait,Kuwait,1234567,,250,78,Kuwait,HFCC
9910000,AM,For new organization,1700,2300,English,Sofia,Bulgaria,1234567,,250,306,Bulgaria,HFCC
9915000,AM,United States Agency for Global Media (USAGM),0000,0030,Tibetan,Kuwait,Kuwait,17,,250,78,Kuwait,HFCC
9915000,AM,United States Agency for Global Media (USAGM),0100,0130,Tibetan,Kuwait,Kuwait,23456,,250,78,Kuwait,HFCC
9915000,AM,BBC Worldservice,0600,0700,English,Ascension,United Kingdom,1234567,,125,65,United Kingdom,HFCC
9920000,AM,Far East Broadcasting Company,1200,1330,Multiple languages,Iba,Philippines,1234567,,100,270,Philippines,HFCC
9920000,AM,Philippines Broadcasting Service,1730,2030,Filipino,Tinang 1,Philippines,1234567,,250,283,Philippines,HFCC
9925000,AM,Media Broadcast GmbH,0000,0300,Dutch / English,Nauen,Germany,1,,125,300,Germany,HFCC
9930000,AM,Republic of Palau,0000,2400,English / Mandarin Chinese,Rep. of Palau,United States,1234567,,100,318,United States,HFCC
9930000,AM,"Leap of Faith, Inc.",1400,2400,English,"Lebanon, TN",United States,1234567,,100,50,United States,HFCC
9940000,AM,United States Agency for Global Media (USAGM),0000,0030,Tibetan,Kuwait,Kuwait,17,,250,78,Kuwait,HFCC
9940000,AM,United States Agency for Global Media (USAGM),0100,0130,Tibetan,Kuwait,Kuwait,23456,,250,78,Kuwait,HFCC
9940000,AM,Encompass Digital Media Services,1300,1330,Korean,Taipei,China,1234567,,300,2,China,HFCC
9940000,AM,United States Agency for Global Media (USAGM),1530,2130,Korean,Tinang 1,Philippines,1234567,,250,21,Philippines,HFCC
9940000,AM,United States Agency for Global Media (USAGM),2130,2330,Korean,Tinang 1,Philippines,1234567,,250,21,Philippines,HFCC
9950000,AM,Trans World Radio,1445,1500,Kazakh,Tashkent,Ouzbékistan,1234567,,100,76,Ouzbékistan,HFCC
9950000,AM,United States Agency for Global Media (USAGM),1500,1530,Dari,Kuwait,Kuwait,1234567,,250,70,Kuwait,HFCC
9950000,AM,United States Agency for Global Media (USAGM),1530,1600,Central Pashto,Kuwait,Kuwait,1234567,,250,70,Kuwait,HFCC
9950000,AM,United States Agency for Global Media (USAGM),1600,1630,Dari,Kuwait,Kuwait,1234567,,250,70,Kuwait,HFCC
9950000,AM,United States Agency for Global Media (USAGM),1630,1700,Central Pashto,Kuwait,Kuwait,1234567,,250,70,Kuwait,HFCC
9950000,AM,United States Agency for Global Media (USAGM),1700,1730,Dari,Kuwait,Kuwait,1234567,,250,70,Kuwait,HFCC
9950000,AM,United States Agency for Global Media (USAGM),1730,1800,Central Pashto,Kuwait,Kuwait,1234567,,250,70,Kuwait,HFCC
9955000,AM,Radio Miami International,1100,1700,English / Spanish,"Okeechobee, FL",United States,1234567,,100,160,United States,HFCC
9955000,AM,Radio Miami International,2100,0500,English / Spanish / French,"Okeechobee, FL",United States,1234567,,100,160,United States,HFCC
9960000,AM,Vanuatu Broadcasting and Television Corporation,2300,0700,Bislama,Port Vila,Vanuatu,1234567,,10,0,Vanuatu,HFCC
9965000,AM,Republic of Palau,0000,2400,English / Mandarin Chinese,Rep. of Palau,United States,1234567,,100,345,United States,HFCC
9975000,AM,Trans World Radio,1345,1430,Burmese,Tashkent,Ouzbékistan,1,,100,131,Ouzbékistan,HFCC
9975000,AM,Trans World Radio,1430,1445,S'gaw Karen,Tashkent,Ouzbékistan,1,,100,131,Ouzbékistan,HFCC
9980000,AM,"WNQM, Inc.",1200,2400,English,"Nashville, TN",United States,1234567,,100,90,United States,HFCC
9980000,AM,"WNQM, Inc.",1200,2400,English,"Nashville, TN",United States,1234567,,100,90,United States,HFCC
9980000,AM,"WNQM, Inc.",1200,2400,English,"Nashville, TN",United States,1234567,,100,90,United States,HFCC
11530000,AM,Trans World Radio,1400,1500,Korean,Tashkent,Ouzbékistan,23456,,100,66,Ouzbékistan,HFCC
11530000,AM,Radio Exterior de Espana,1400,1900,Spanish,Noblejas,Spain,17,,200,161,Spain,HFCC
11530000,AM,Radio Exterior de Espana,1900,2300,Spanish,Noblejas,Spain,23456,,200,161,Spain,HFCC
11540000,AM,United States Agency for Global Media (USAGM),1330,1400,Dari,Kuwait,Kuwait,1234567,,250,70,Kuwait,HFCC
11540000,AM,United States Agency for Global Media (USAGM),1400,1430,Dari,Kuwait,Kuwait,1234567,,250,70,Kuwait,HFCC
11540000,AM,United States Agency for Global Media (USAGM),1430,1500,Central Pashto,Kuwait,Kuwait,1234567,,250,70,Kuwait,HFCC
11540000,AM,United States Agency for Global Media (USAGM),1500,1530,Dari,Kuwait,Kuwait,1234567,,250,70,Kuwait,HFCC
11540000,AM,United States Agency for Global Media (USAGM),1530,1600,Central Pashto,Kuwait,Kuwait,1234567,,250,70,Kuwait,HFCC
11540000,AM,United States Agency for Global Media (USAGM),1600,1630,Dari,Kuwait,Kuwait,1234567,,250,70,Kuwait,HFCC
11540000,AM,United States Agency for Global Media (USAGM),1630,1700,Central Pashto,Kuwait,Kuwait,1234567,,250,70,Kuwait,HFCC
11540000,AM,United States Agency for Global Media (USAGM),1700,1730,Dari,Kuwait,Kuwait,1234567,,250,70,Kuwait,HFCC
11550000,AM,Trans World Radio,1330,1415,Vietnamese,Iba,Philippines,7,,100,270,Philippines,HFCC
11560000,AM,Trans World Radio,1500,1530,Korean,Tashkent,Ouzbékistan,12345,,100,66,Ouzbékistan,HFCC
11560000,AM,Trans World Radio,1530,1700,Korean,Tashkent,Ouzbékistan,1234567,,100,66,Tajikistan,HFCC
11575000,AM,United States Agency for Global Media (USAGM),1400,1430,Dari,Kuwait,Kuwait,1234567,,250,70,Kuwait,HFCC
11575000,AM,United States Agency for Global Media (USAGM),1430,1500,Central Pashto,Kuwait,Kuwait,1234567,,250,70,Kuwait,HFCC
11575000,AM,United States Agency for Global Media (USAGM),1500,1530,Dari,Kuwait,Kuwait,1234567,,250,70,Kuwait,HFCC
11575000,AM,United States Agency for Global Media (USAGM),1530,1600,Central Pashto,Kuwait,Kuwait,1234567,,250,70,Kuwait,HFCC
11575000,AM,United States Agency for Global Media (USAGM),1600,1630,Dari,Kuwait,Kuwait,1234567,,250,70,Kuwait,HFCC
11575000,AM,United States Agency for Global Media (USAGM),1630,1700,Central Pashto,Kuwait,Kuwait,1234567,,250,70,Kuwait,HFCC
11575000,AM,United States Agency for Global Media (USAGM),1700,1730,Dari,Kuwait,Kuwait,1234567,,250,70,Kuwait,HFCC
11575000,AM,United States Agency for Global Media (USAGM),1730,1800,Central Pashto,Kuwait,Kuwait,1234567,,250,70,Kuwait,HFCC
11580000,AM,For new organization,0000,2359,Multiple languages,Sofia,Bulgaria,1234567,,250,306,Bulgaria,HFCC
11585000,AM,United States Agency for Global Media (USAGM),0900,1100,Mandarin Chinese,Tinang 1,Philippines,1234567,,250,332,Philippines,HFCC
11590000,AM,United States Agency for Global Media (USAGM),2100,2200,Mandarin Chinese,Kuwait,Kuwait,1234567,,250,70,Kuwait,HFCC
11590000,AM,United States Agency for Global Media (USAGM),2200,2230,Mandarin Chinese,Kuwait,Kuwait,1234567,,250,70,Kuwait,HFCC
11590000,AM,United States Agency for Global Media (USAGM),2230,2400,Mandarin Chinese,Kuwait,Kuwait,1234567,,250,70,Kuwait,HFCC
11600000,AM,For new organization,0000,2359,Multiple languages,Sofia,Bulgaria,1234567,,250,306,Bulgaria,HFCC
11600000,AM,Far East Broadcasting Company,1300,1400,Multiple languages,Bocaue,Philippines,1234567,,100,305,Philippines,HFCC
11600000,AM,Far East Broadcasting Company,1400,1600,Mandarin Chinese,Iba,Philippines,1234567,,100,330,Philippines,HFCC
11605000,AM,China National Radio,1100,1200,Chinese,Dongfang,China,1234567,,500,16,China,HFCC
11610000,AM,China Radio International,1300,1400,Bengali,Kunming,China,1234567,,150,270,China,HFCC
11610000,AM,China Radio International,1400,1500,Bengali,Kunming,China,1234567,,150,270,China,HFCC
11610000,AM,China Radio International,1500,1600,English,Kashi,China,1234567,,500,269,China,HFCC
11610000,AM,United States Agency for Global Media (USAGM),1600,1700,Tibetan,Kuwait,Kuwait,1234567,,250,78,Kuwait,HFCC
11610000,AM,Encompass Digital Media Services,1900,1930,French,Woofferton,United Kingdom,1,,300,140,United Kingdom,HFCC
11610000,AM,World Christian Broadcasting (USA),2100,2200,Standard Chinese,Madagascar World Voice,Madagascar,1234567,,100,325,Madagascar,HFCC
11610000,AM,World Christian Broadcasting (USA),2200,2300,Arabic,Madagascar World Voice,Madagascar,1234567,,100,325,Madagascar,HFCC
11610000,AM,China National Radio,2300,1300,Chinese,Beijing,China,1234567,,150,270,China,HFCC
11615000,AM,Media Broadcast GmbH,2000,2100,Multiple languages,Nauen,Germany,35,,100,200,Germany,HFCC
11620000,AM,Radio Romania International,0000,0100,English,Tiganesti,Romania,1234567,,300,307,Romania,HFCC
11620000,AM,China National Radio,0000,1000,Chinese,Beijing,China,1234567,,100,163,China,HFCC
11620000,AM,Radio Romania International,0100,0200,French,Tiganesti,Romania,1234567,,300,307,Romania,HFCC
11620000,AM,Radio Romania International,0300,0400,English,Tiganesti,Romania,1234567,,300,337,Romania,HFCC
11620000,AM,China Radio International,1000,1100,Japanese,Xian,China,1234567,,500,73,China,HFCC
11620000,AM,China Radio International,1100,1200,Japanese,Xian,China,1234567,,500,73,China,HFCC
11620000,AM,China Radio International,1200,1300,Japanese,Xian,China,1234567,,500,73,China,HFCC
11620000,AM,China National Radio,1300,1605,Chinese,Kunming,China,1234567,,100,32,China,HFCC
11620000,AM,China National Radio,2055,2300,Chinese,Kunming,China,1234567,,100,32,China,HFCC
11620000,AM,China Radio International,2300,2400,Vietnamese,Beijing,China,1234567,,500,193,China,HFCC
11625000,AM,Nippon Hoso Kyokai,1900,2100,Japanese,Tokyo Yamata,Japan,1234567,,300,305,Japan,HFCC
11625000,AM,Nippon Hoso Kyokai,2100,2200,Japanese,Tokyo Yamata,Japan,1234567,,300,305,Japan,HFCC
11625000,AM,Nippon Hoso Kyokai,2100,2300,Japanese,Tokyo Yamata,Japan,1234567,,300,305,Japan,HFCC
11630000,AM,Ministry of Information - State of Kuwait,0930,1600,Arabic,KABD,Kuwait,1234567,,250,0,Kuwait,HFCC
11630000,AM,IBRA Radio,1400,1430,Tigre,Dhabayya,United Arab Emirates,1234567,,250,225,United Arab Emirates,HFCC
11630000,AM,China National Radio,2355,1805,Kazakh,Lingshi,China,1234567,,100,286,China,HFCC
11635000,AM,China Radio International,1000,1100,English,Beijing,China,1234567,,500,318,China,HFCC
11640000,AM,China Radio International,0200,0300,Bengali,Kunming,China,1234567,,150,270,China,HFCC
11640000,AM,China Radio International,0300,0400,Hindi,Kashi,China,1234567,,100,209,China,HFCC
11640000,AM,Joode Radiocommunications Consultancy (The Netherl,0330,0400,Sudanese Arabic,Madagascar,Madagascar,1234567,,250,335,Madagascar,HFCC
11640000,AM,Joode Radiocommunications Consultancy (The Netherl,0430,0500,Sudanese Arabic,Madagascar,Madagascar,1234567,,250,335,Madagascar,HFCC
11640000,AM,China Radio International,0600,0630,Standard Chinese,Kunming,China,1234567,,150,135,China,HFCC
11640000,AM,China Radio International,0700,0800,Cantonese,Jinhua,China,1234567,,500,59,China,HFCC
11640000,AM,China Radio International,0800,0900,Standard Chinese,Jinhua,China,1234567,,500,59,China,HFCC
11640000,AM,China Radio International,1200,1300,Vietnamese,Xian,China,1234567,,500,190,China,HFCC
11640000,AM,Islamic Republic of Iran Broadcasting,1420,1520,Hindi,Sirjan,Iran (Islamic Rep. of),1234567,,500,102,Iran (Islamic Rep. of),HFCC
11640000,AM,China Radio International,1430,1500,Filipino,Nanning,China,1234567,,100,130,China,HFCC
11640000,AM,Islamic Republic of Iran Broadcasting,1520,1620,English,Sirjan,Iran (Islamic Rep. of),1234567,,500,102,Iran (Islamic Rep. of),HFCC
11640000,AM,Islamic Republic of Iran Broadcasting,1620,1650,Bengali,Sirjan,Iran (Islamic Rep. of),1234567,,500,90,Iran (Islamic Rep. of),HFCC
11640000,AM,Malagasy Glabal Business S.A.,1700,1800,Tigrinya,Madagascar,Madagascar,1234567,,250,340,Madagascar,HFCC
11640000,AM,China Radio International,1800,1830,Hausa,Bamako,Mali,1234567,,100,85,Mali,HFCC
11640000,AM,China Radio International,1830,1930,Arabic,Bamako,Mali,1234567,,100,85,Mali,HFCC
11640000,AM,China Radio International,1930,2000,Portuguese,Bamako,Mali,1234567,,100,111,Mali,HFCC
11640000,AM,China Radio International,2000,2100,English,Bamako,Mali,1234567,,100,111,Mali,HFCC
11640000,AM,China Radio International,2100,2130,English,Bamako,Mali,1234567,,100,111,Mali,HFCC
11645000,AM,Islamic Republic of Iran Broadcasting,1520,1620,English,Sirjan,Iran (Islamic Rep. of),1234567,,500,102,Iran (Islamic Rep. of),HFCC
11650000,AM,China Radio International,0100,0200,Standard Chinese,Urumqi,China,1234567,,500,212,China,HFCC
11650000,AM,China Radio International,0200,0300,Urdu,Kashi,China,1234567,,100,209,China,HFCC
11650000,AM,China Radio International,0400,0500,Vietnamese,Kunming,China,1234567,,100,184,China,HFCC
11650000,AM,China Radio International,0500,0600,Vietnamese,Kunming,China,1234567,,100,184,China,HFCC
11650000,AM,Radio Romania International,0530,0600,English,Tiganesti,Romania,1234567,,300,307,Romania,HFCC
11650000,AM,Media Broadcast GmbH,0600,0630,Multiple languages,Nauen,Germany,1234567,,125,180,Germany,HFCC
11650000,AM,Media Broadcast GmbH,0700,0800,Dutch / English,Nauen,Germany,1,,125,230,Germany,HFCC
11650000,AM,HCJB Australia,1025,1030,Korean,Kununurra WA,Australia,1234567,,75,350,Australia,HFCC
11650000,AM,HCJB Australia,1030,1100,Korean,Kununurra WA,Australia,1234567,,75,350,Australia,HFCC
11650000,AM,China Radio International,1100,1300,English,Urumqi,China,1234567,,500,212,China,HFCC
11650000,AM,China Radio International,1300,1400,Esperanto,Beijing,China,1234567,,500,215,China,HFCC
11650000,AM,China Radio International,1400,1500,Min Nan Chinese,Kunming,China,1234567,,150,177,China,HFCC
11650000,AM,China Radio International,1700,1800,Esperanto,Xian,China,1234567,,500,317,China,HFCC
11650000,AM,China Radio International,1800,2000,German,Urumqi,China,1234567,,500,308,China,HFCC
11650000,AM,Radio Romania International,2200,2300,English,Tiganesti,Romania,1234567,,300,52,Romania,HFCC
11655000,AM,Media Broadcast GmbH,0600,0615,Multiple languages,Nauen,Germany,1234567,,125,180,Germany,HFCC
11655000,AM,Media Broadcast GmbH,0615,0630,Multiple languages,Nauen,Germany,1,,125,180,Germany,HFCC
11655000,AM,Nippon Hoso Kyokai,1500,1530,Bengali,Tokyo Yamata,Japan,1234567,,300,270,Japan,HFCC
11655000,AM,Nippon Hoso Kyokai,1530,1550,Hindi,Tokyo Yamata,Japan,1234567,,300,270,Japan,HFCC
11655000,AM,IBRA Radio,1600,1630,Afar,Dhabayya,United Arab Emirates,1234567,,250,230,United Arab Emirates,HFCC
11655000,AM,Abu Dhabi Media Company,1600,1630,Afar,Dhabayya,United Arab Emirates,1234567,,250,230,United Arab Emirates,HFCC
11660000,AM,United States Agency for Global Media (USAGM),0000,0100,Mandarin Chinese,Tinang 1,Philippines,1234567,,250,332,Philippines,HFCC
11660000,AM,China National Radio,0100,1100,Chinese,Xian,China,1234567,,150,0,China,HFCC
11660000,AM,Media Broadcast GmbH,0500,0600,Multiple languages,Issoudun,France,7,,250,123,France,HFCC
11660000,AM,Nippon Hoso Kyokai,1100,1120,Korean,Tokyo Yamata,Japan,1234567,,300,290,Japan,HFCC
11660000,AM,Nippon Hoso Kyokai,1120,1140,Chinese,Tokyo Yamata,Japan,1234567,,300,290,Japan,HFCC
11660000,AM,Nippon Hoso Kyokai,1140,1200,Korean,Tokyo Yamata,Japan,1234567,,300,290,Japan,HFCC
11660000,AM,Nippon Hoso Kyokai,1200,1220,Chinese,Tokyo Yamata,Japan,1234567,,300,290,Japan,HFCC
11660000,AM,Nippon Hoso Kyokai,1220,1240,Korean,Tokyo Yamata,Japan,1234567,,300,290,Japan,HFCC
11660000,AM,Nippon Hoso Kyokai,1240,1300,Chinese,Tokyo Yamata,Japan,1234567,,300,290,Japan,HFCC
11660000,AM,Nippon Hoso Kyokai,1300,1320,Korean,Tokyo Yamata,Japan,1234567,,300,290,Japan,HFCC
11660000,AM,Nippon Hoso Kyokai,1320,1340,Chinese,Tokyo Yamata,Japan,1234567,,300,290,Japan,HFCC
11660000,AM,Nippon Hoso Kyokai,1340,1400,Korean,Tokyo Yamata,Japan,1234567,,300,290,Japan,HFCC
11660000,AM,China Radio International,1400,1500,Urdu,Kunming,China,1234567,,500,300,China,HFCC
11660000,AM,Turkish Radio-TV Corp,1630,1730,English,Emirler,Turkey,1234567,,250,95,Turkey,HFCC
11660000,AM,China Radio International,1730,1830,Standard Chinese,Shijiazhuang,China,1234567,,500,315,China,HFCC
11660000,AM,Encompass Digital Media Services,1900,1930,English,Ascension,United Kingdom,1,,250,65,United Kingdom,HFCC
11660000,AM,BBC Worldservice,1930,2000,Hausa,Ascension,United Kingdom,123457,,125,65,United Kingdom,HFCC
11660000,AM,BBC Worldservice,1930,2030,Hausa,Ascension,United Kingdom,6,,125,65,United Kingdom,HFCC
11660000,AM,China Radio International,2030,2230,French,Kashi,China,1234567,,500,308,China,HFCC
11665000,AM,China Radio International,1500,1530,Pushto,Kunming,China,1234567,,500,300,China,HFCC
11665000,AM,China Radio International,1530,1600,Pushto,Kunming,China,1234567,,500,300,China,HFCC
11670000,AM,Radio Exterior de Espana,1400,2300,Spanish,Noblejas,Spain,1234567,,200,161,Spain,HFCC
11670000,AM,China National Radio,2230,1200,Chinese,Beijing,China,1234567,,150,220,China,HFCC
11675000,AM,China Radio International,1300,1400,Hindi,Urumqi,China,1234567,,500,212,China,HFCC
11675000,AM,China Radio International,1400,1500,English,Urumqi,China,1234567,,500,212,China,HFCC
11680000,AM,China Radio International,1200,1300,Central Khmer,Nanning,China,1234567,,100,200,China,HFCC
11680000,AM,Malagasy Glabal Business S.A.,1800,1900,Tigrinya,Madagascar,Madagascar,1234567,,250,340,Madagascar,HFCC
11680000,AM,Islamic Republic of Iran Broadcasting,1920,2020,English,Sirjan,Iran (Islamic Rep. of),1234567,,500,216,Iran (Islamic Rep. of),HFCC
11685000,AM,China National Radio,0000,1300,Tibetan,Baoji,China,1234567,,100,255,China,HFCC
11685000,AM,China Radio International,1400,1500,Tamil,Kashi,China,1234567,,100,173,China,HFCC
11685000,AM,China Radio International,1500,1600,Tamil,Kashi,China,1234567,,100,173,China,HFCC
11685000,AM,China National Radio,2055,2300,Mongolian,Qiqihar,China,1234567,,300,254,China,HFCC
11690000,AM,Radio New Zealand,1745,1900,English,Rangitaiki,New Zealand,1234567,,35,35,New Zealand,HFCC
11690000,AM,Voice of Russia,2000,2200,Russian,Komsomolsk Amur,Russia,1234567,,20,33,Russia,HFCC
11690000,AM,China Radio International,2300,2400,English,Beijing,China,1234567,,150,95,China,HFCC
11695000,AM,China National Radio,0000,1100,Chinese,Xian,China,1234567,,150,290,China,HFCC
11695000,AM,China National Radio,0100,0900,Chinese,Dongfang,China,1234567,,30,41,China,HFCC
11695000,AM,Media Broadcast GmbH,1700,1745,Multiple languages,Sofia,Bulgaria,1234567,,100,141,Bulgaria,HFCC
11695000,AM,China Radio International,1800,2000,French,Kashi,China,1234567,,500,269,China,HFCC
11700000,AM,Radio France Internationale,0400,0500,French,Issoudun,France,1234567,,250,130,France,HFCC
11700000,AM,Radio France Internationale,0500,0600,French,Issoudun,France,1234567,,250,155,France,HFCC
11700000,AM,Radio France Internationale,0600,0700,French,Issoudun,France,1234567,,250,200,France,HFCC
11700000,AM,For new organization,0800,1100,English,Sofia,Bulgaria,1234567,,250,192,Bulgaria,HFCC
11700000,AM,"Adventist Broadcasting Service, Inc.",1100,1200,Mandarin Chinese,"Agat, Guam",United States,1234567,,100,315,United States,HFCC
11700000,AM,Radio Romania International,1200,1230,Arabic,Galbeni,Romania,1234567,,300,140,Romania,HFCC
11700000,AM,Voice of the Andes,1530,1630,Multiple languages,Nauen,Germany,7,,125,100,Germany,HFCC
11700000,AM,Adventist World Radio,2030,2100,Nigerian Pidgin,Nauen,Germany,1234567,,250,182,Germany,HFCC
11700000,AM,For new organization,2100,2300,English,Sofia,Bulgaria,1234567,,250,192,Bulgaria,HFCC
11710000,AM,All India Radio,0100,0230,Tibetan,Delhi,India,1234567,,100,102,India,HFCC
11710000,AM,Broadcasting Serv. of the Kingdom of Saudi Arabia,0300,0600,Pushto,Jeddah,Saudi Arabia,1234567,,250,60,Saudi Arabia,HFCC
11710000,AM,China Radio International,0600,0700,Standard Chinese,Nanning,China,1234567,,100,200,China,HFCC
11710000,AM,China Radio International,0700,0800,Standard Chinese,Nanning,China,1234567,,100,200,China,HFCC
11710000,AM,China Radio International,0800,0900,English,Xian,China,1234567,,500,73,China,HFCC
11710000,AM,China Radio International,0900,1000,English,Xian,China,1234567,,500,73,China,HFCC
11710000,AM,Radio Russia,1000,1500,Russian,Irkutsk,Russia,1234567,,100,110,Russia,HFCC
11710000,AM,Islamic Republic of Iran Broadcasting,1220,1320,Pushto,Sirjan,Iran (Islamic Rep. of),1234567,,500,40,Iran (Islamic Rep. of),HFCC
11710000,AM,Islamic Republic of Iran Broadcasting,1320,1420,Kurdish,Sirjan,Iran (Islamic Rep. of),1234567,,500,298,Iran (Islamic Rep. of),HFCC
11710000,AM,Islamic Republic of Iran Broadcasting,1420,1520,Bengali,Sirjan,Iran (Islamic Rep. of),1234567,,500,90,Iran (Islamic Rep. of),HFCC
11710000,AM,Islamic Republic of Iran Broadcasting,1520,1620,English,Sirjan,Iran (Islamic Rep. of),1234567,,500,102,Iran (Islamic Rep. of),HFCC
11710000,AM,Islamic Republic of Iran Broadcasting,1620,1650,Bengali,Sirjan,Iran (Islamic Rep. of),1234567,,500,90,Iran (Islamic Rep. of),HFCC
11710000,AM,Islamic Republic of Iran Broadcasting,1650,1820,Turkish,Sirjan,Iran (Islamic Rep. of),1234567,,500,310,Iran (Islamic Rep. of),HFCC
11710000,AM,Media Broadcast GmbH,1830,1930,Multiple languages,Nauen,Germany,35,,100,113,Germany,HFCC
11715000,AM,Korean Broadcasting System,2100,2400,English,Kimjae,Korea (Rep. of),1234567,,250,305,Korea (Rep. of),HFCC
11720000,AM,China Radio International,1100,1200,Vietnamese,Baoji,China,1234567,,150,195,China,HFCC
11720000,AM,China Radio International,1200,1300,Vietnamese,Baoji,China,1234567,,150,195,China,HFCC
11720000,AM,Islamic Republic of Iran Broadcasting,1820,1920,Hausa,Sirjan,Iran (Islamic Rep. of),1234567,,500,257,Iran (Islamic Rep. of),HFCC
11725000,AM,Korean Broadcasting System,0100,0400,English,Kimjae,Korea (Rep. of),1234567,,250,81,Korea (Rep. of),HFCC
11725000,AM,Radio New Zealand,0500,1100,English,Rangitaiki,New Zealand,1234567,,50,325,New Zealand,HFCC
11725000,AM,Radio New Zealand,0500,1100,English,Rangitaiki,New Zealand,1234567,,50,35,New Zealand,HFCC
11725000,AM,Korean Broadcasting System,1000,1200,English,Kimjae,Korea (Rep. of),1234567,,250,96,Korea (Rep. of),HFCC
11725000,AM,Radio New Zealand,1100,1300,English,Rangitaiki,New Zealand,12345,,100,325,New Zealand,HFCC
11725000,AM,Abu Dhabi Media Company,1330,1400,Dari,Dhabayya,United Arab Emirates,1234567,,250,45,United Arab Emirates,HFCC
11725000,AM,Abu Dhabi Media Company,1400,1430,Pushto,Dhabayya,United Arab Emirates,1234567,,250,45,United Arab Emirates,HFCC
11725000,AM,China Radio International,1600,1800,German,Xian,China,1234567,,500,317,China,HFCC
11725000,AM,Radio New Zealand,1745,2200,English,Rangitaiki,New Zealand,6,,50,35,New Zealand,HFCC
11725000,AM,Radio New Zealand,1745,2200,English,Rangitaiki,New Zealand,6,,50,325,New Zealand,HFCC
11725000,AM,Nippon Hoso Kyokai,2000,2330,Japanese,Tokyo Yamata,Japan,1234567,,300,270,Japan,HFCC
11730000,AM,BBC Worldservice,0000,0200,English,A'Seela,Oman,1234567,,250,63,Oman,HFCC
11730000,AM,China Radio International,0230,0330,Nepali,Kunming,China,1234567,,500,283,China,HFCC
11730000,AM,Islamic Republic of Iran Broadcasting,0550,0820,Dari,Sirjan,Iran (Islamic Rep. of),1234567,,500,65,Iran (Islamic Rep. of),HFCC
11730000,AM,Broadcasting Serv. of the Kingdom of Saudi Arabia,0900,1200,Arabic,Riyadh,Saudi Arabia,1234567,,500,310,Saudi Arabia,HFCC
11730000,AM,Islamic Republic of Iran Broadcasting,0920,1250,Dari,Sirjan,Iran (Islamic Rep. of),1234567,,500,65,Iran (Islamic Rep. of),HFCC
11730000,AM,Radio Romania International,1400,1500,German,Tiganesti,Romania,1234567,,300,307,Romania,HFCC
11730000,AM,Radio Romania International,2300,2400,Spanish,Galbeni,Romania,1234567,,300,280,Romania,HFCC
11735000,AM,Radio Russia,1300,1800,Russian,Armavir,Russia,1234567,,500,110,Russia,HFCC
11740000,AM,China Radio International,0300,0400,Standard Chinese,Beijing,China,1234567,,150,95,China,HFCC
11740000,AM,China Radio International,0400,0500,Standard Chinese,Beijing,China,1234567,,150,95,China,HFCC
11740000,AM,Radio Romania International,0500,0530,French,Galbeni,Romania,1234567,,300,285,Romania,HFCC
11740000,AM,China Radio International,0500,0600,Standard Chinese,Beijing,China,1234567,,150,95,China,HFCC
11740000,AM,China National Radio,1100,1605,Chinese,Lingshi,China,1234567,,100,286,China,HFCC
11740000,AM,Islamic Republic of Iran Broadcasting,1820,1920,Hausa,Sirjan,Iran (Islamic Rep. of),1234567,,500,257,Iran (Islamic Rep. of),HFCC
11740000,AM,Islamic Republic of Iran Broadcasting,1920,2020,English,Sirjan,Iran (Islamic Rep. of),1234567,,500,216,Iran (Islamic Rep. of),HFCC
11740000,AM,China National Radio,2055,0100,Chinese,Lingshi,China,1234567,,100,286,China,HFCC
11750000,AM,China National Radio,0000,1100,Chinese,Nanning,China,1234567,,100,142,China,HFCC
11750000,AM,Turkish Radio-TV Corp,0900,1000,Arabic,Emirler,Turkey,1234567,,300,120,Turkey,HFCC
11750000,AM,China Radio International,1100,1200,Standard Chinese,Beijing,China,1234567,,500,142,China,HFCC
11750000,AM,All India Radio,1230,1400,Pushto,Bangalore,India,1234567,,250,325,India,HFCC
11750000,AM,Far East Broadcasting Company,1400,1430,Lahu,Bocaue,Philippines,1234567,,100,305,Philippines,HFCC
11750000,AM,Far East Broadcasting Company,1430,1445,Rumai Palaung,Bocaue,Philippines,167,,100,305,Philippines,HFCC
11750000,AM,Far East Broadcasting Company,1445,1500,Khamti,Bocaue,Philippines,167,,100,305,Philippines,HFCC
11750000,AM,Islamic Republic of Iran Broadcasting,1620,1650,Bengali,Sirjan,Iran (Islamic Rep. of),1234567,,500,90,Iran (Islamic Rep. of),HFCC
11750000,AM,Radio Romania International,1800,1900,German,Tiganesti,Romania,1234567,,300,307,Romania,HFCC
11750000,AM,China Radio International,1900,2000,Portuguese,Jinhua,China,1234567,,500,320,China,HFCC
11750000,AM,China National Radio,2200,1000,Chinese,Shijiazhuang,China,1234567,,100,37,China,HFCC
11760000,AM,China National Radio,0000,1200,Chinese,Shijiazhuang,China,1234567,,100,165,China,HFCC
11760000,AM,Radio Russia,0700,1400,Russian,Kaliningrad,Russia,1234567,,15,220,Russia,HFCC
11760000,AM,China Radio International,1200,1300,English,Kunming,China,1234567,,500,135,China,HFCC
11760000,AM,China Radio International,1300,1400,English,Kunming,China,1234567,,500,135,China,HFCC
11760000,AM,China Radio International,2200,2300,Portuguese,Xian,China,1234567,,500,317,China,HFCC
11765000,AM,China Radio International,1400,1500,English,Urumqi,China,1234567,,500,212,China,HFCC
11765000,AM,Turkish Radio-TV Corp,1500,1630,Southern Pashto / Northern Pashto,Emirler,Turkey,1234567,,250,85,Turkey,HFCC
11770000,AM,China Radio International,0000,0100,Vietnamese,Beijing,China,1234567,,500,193,China,HFCC
11770000,AM,China Radio International,0100,0200,English,Kashi,China,1234567,,100,174,China,HFCC
11770000,AM,China Radio International,0100,0200,Standard Chinese,Nanning,China,1234567,,100,200,China,HFCC
11770000,AM,China Radio International,0200,0300,English,Kashi,China,1234567,,100,174,China,HFCC
11770000,AM,China National Radio,0300,1200,Chinese,Urumqi,China,1234567,,50,230,China,HFCC
11770000,AM,China Radio International,2000,2100,English,Xian,China,1234567,,500,317,China,HFCC
11770000,AM,China Radio International,2100,2200,English,Xian,China,1234567,,500,317,China,HFCC
11775000,AM,China National Radio,1000,1605,Chinese,Nanning,China,1234567,,100,142,China,HFCC
11775000,AM,"WNQM, Inc.",1200,2100,English,"Nashville, TN",United States,1234567,,100,90,United States,HFCC
11775000,AM,"WNQM, Inc.",1200,2100,English,"Nashville, TN",United States,1234567,,100,90,United States,HFCC
11775000,AM,"WNQM, Inc.",1200,2100,English,"Nashville, TN",United States,1234567,,100,90,United States,HFCC
11775000,AM,Abu Dhabi Media Company,1515,1545,Urdu,Dhabayya,United Arab Emirates,1234567,,250,60,United Arab Emirates,HFCC
11780000,AM,China Radio International,0000,0100,Standard Chinese,Jinhua,China,1234567,,500,59,China,HFCC
11780000,AM,China Radio International,1300,1400,Burmese,Kunming,China,1234567,,100,225,China,HFCC
11780000,AM,China Radio International,1400,1500,Burmese,Kunming,China,1234567,,100,225,China,HFCC
11780000,AM,World Christian Broadcasting Corporation,1600,1700,Mandarin Chinese,"Anchor Pt, Alaska",United States,1234567,,100,315,United States,HFCC
11780000,AM,World Christian Broadcasting Corporation,1700,1800,Mandarin Chinese,"Anchor Pt, Alaska",United States,1234567,,100,315,United States,HFCC
11785000,AM,Korean Broadcasting System,0000,0100,English,Kimjae,Korea (Rep. of),1234567,,250,290,Korea (Rep. of),HFCC
11785000,AM,China National Radio,0000,1300,Chinese,Xian,China,1234567,,150,257,China,HFCC
11785000,AM,Turkish Radio-TV Corp,2200,2300,English,Emirler,Turkey,1234567,,300,325,Turkey,HFCC
11790000,AM,Radio France Internationale,0430,0500,Swahili (macrolanguage),Issoudun,France,1234567,,250,140,France,HFCC
11790000,AM,Radio Romania International,0700,0800,Romanian,Galbeni,Romania,1,,300,140,Romania,HFCC
11790000,AM,China Radio International,1200,1400,Chinese,Kashi,China,1234567,,100,239,China,HFCC
11790000,AM,China Radio International,1500,1600,Russian,Urumqi,China,1234567,,500,308,China,HFCC
11790000,AM,China Radio International,1630,1730,Hausa,Kunming,China,1234567,,500,283,China,HFCC
11790000,AM,China Radio International,1730,1830,Hausa,Kunming,China,1234567,,500,283,China,HFCC
11790000,AM,China Radio International,2300,2400,English,Xian,China,1234567,,500,190,China,HFCC
11795000,AM,Korean Broadcasting System,1000,1100,English,Kimjae,Korea (Rep. of),1234567,,250,81,Korea (Rep. of),HFCC
11795000,AM,China Radio International,1100,1200,English,Kashi,China,1234567,,100,174,China,HFCC
11795000,AM,Korean Broadcasting System,1100,1200,Spanish,Kimjae,Korea (Rep. of),1234567,,250,81,Korea (Rep. of),HFCC
11795000,AM,Korean Broadcasting System,1200,1300,Korean,Kimjae,Korea (Rep. of),1234567,,250,81,Korea (Rep. of),HFCC
11795000,AM,Nippon Hoso Kyokai,1900,2000,Japanese,Tokyo Yamata,Japan,1234567,,300,270,Japan,HFCC
11800000,AM,Radio Romania International,0000,0100,Romanian,Galbeni,Romania,1234567,,300,310,Romania,HFCC
11800000,AM,Media Broadcast GmbH,1200,1230,Multiple languages,Nauen,Germany,7,,250,60,Germany,HFCC
11800000,AM,Nippon Hoso Kyokai,1400,1430,English,Tokyo Yamata,Japan,1234567,,300,240,Japan,HFCC
11800000,AM,Nippon Hoso Kyokai,1430,1450,Burmese,Tokyo Yamata,Japan,1234567,,300,235,Japan,HFCC
11800000,AM,Nippon Hoso Kyokai,1600,1800,Japanese,Tokyo Yamata,Japan,1234567,,300,270,Japan,HFCC
11800000,AM,Nippon Hoso Kyokai,1800,1900,Japanese,Tokyo Yamata,Japan,1234567,,300,270,Japan,HFCC
11800000,AM,China National Radio,2300,1200,Chinese,Beijing,China,1234567,,150,180,China,HFCC
11805000,AM,Encompass Digital Media Services,1530,1600,Korean,Tashkent,Ouzbékistan,1234567,,100,68,Ouzbékistan,HFCC
11805000,AM,"Adventist Broadcasting Service, Inc.",1900,2000,Arabic,"Agat, Guam",United States,1234567,,100,300,United States,HFCC
11810000,AM,Korean Broadcasting System,0000,0200,Spanish,Kimjae,Korea (Rep. of),1234567,,250,81,Korea (Rep. of),HFCC
11810000,AM,Korean Broadcasting System,0200,0300,Japanese,Kimjae,Korea (Rep. of),1234567,,250,81,Korea (Rep. of),HFCC
11810000,AM,Korean Broadcasting System,0300,0400,Korean,Kimjae,Korea (Rep. of),1234567,,250,81,Korea (Rep. of),HFCC
11810000,AM,Korean Broadcasting System,1300,1400,Russian,Kimjae,Korea (Rep. of),1234567,,100,304,Korea (Rep. of),HFCC
11810000,AM,Radio Romania International,1500,1530,Russian,Tiganesti,Romania,1234567,,300,37,Romania,HFCC
11810000,AM,China National Radio,2055,0600,Mongolian,Beijing,China,1234567,,100,15,China,HFCC
11810000,AM,Korean Broadcasting System,2200,2400,English,Kimjae,Korea (Rep. of),1234567,,250,304,Korea (Rep. of),HFCC
11810000,AM,Korean Broadcasting System,2300,2400,Korean,Kimjae,Korea (Rep. of),1234567,,250,81,Korea (Rep. of),HFCC
11815000,AM,China National Radio,0400,0600,Chinese,Baoji,China,1234567,,100,150,China,HFCC
11815000,AM,Vatican Radio,0440,0500,Ukrainian,S. Maria di Galeria,Vatican,1234567,,250,58,Vatican,HFCC
11815000,AM,Vatican Radio,0500,0520,Russian,S. Maria di Galeria,Vatican,1234567,,250,58,Vatican,HFCC
11815000,AM,Vatican Radio,0605,0700,Ukrainian,S. Maria di Galeria,Vatican,1,,250,62,Vatican,HFCC
11815000,AM,China National Radio,0700,0800,Chinese,Beijing,China,1234567,,100,175,China,HFCC
11815000,AM,China Radio International,0800,0830,Standard Chinese,Kunming,China,1234567,,150,135,China,HFCC
11815000,AM,Nippon Hoso Kyokai,1000,1400,Japanese,Tokyo Yamata,Japan,1234567,,300,235,Japan,HFCC
11815000,AM,Nippon Hoso Kyokai,1400,1500,Japanese,Tokyo Yamata,Japan,1234567,,300,235,Japan,HFCC
11815000,AM,China Radio International,1400,1500,English,Urumqi,China,1234567,,500,270,China,HFCC
11815000,AM,Nippon Hoso Kyokai,1500,1600,Japanese,Tokyo Yamata,Japan,1234567,,300,235,Japan,HFCC
11815000,AM,Vatican Radio,1600,1620,Armenian,S. Maria di Galeria,Vatican,1234567,,250,43,Vatican,HFCC
11815000,AM,Vatican Radio,1620,1640,Russian,S. Maria di Galeria,Vatican,1234567,,250,58,Vatican,HFCC
11815000,AM,Vatican Radio,1640,1700,Ukrainian,S. Maria di Galeria,Vatican,1234567,,100,58,Vatican,HFCC
11815000,AM,Encompass Digital Media Services,1700,2100,Persian,Woofferton,United Kingdom,1234567,,250,92,United Kingdom,HFCC
11820000,AM,China Radio International,0000,0100,Cantonese,Xian,China,1234567,,500,200,China,HFCC
11820000,AM,China Radio International,0130,0200,Standard Chinese,Kunming,China,1234567,,150,135,China,HFCC
11820000,AM,Radio Romania International,0200,0300,Spanish,Galbeni,Romania,1234567,,300,310,Romania,HFCC
11820000,AM,Broadcasting Serv. of the Kingdom of Saudi Arabia,0600,0900,Arabic,Jeddah,Saudi Arabia,1234567,,250,300,Saudi Arabia,HFCC
11820000,AM,Broadcasting Serv. of the Kingdom of Saudi Arabia,1800,2300,Arabic,Riyadh,Saudi Arabia,1234567,,500,320,Saudi Arabia,HFCC
11825000,AM,World Christian Broadcasting (USA),0400,0500,English,Madagascar World Voice,Madagascar,1234567,,100,295,Madagascar,HFCC
11825000,AM,Nippon Hoso Kyokai,0700,0950,Japanese,Tokyo Yamata,Japan,1234567,,300,290,Japan,HFCC
11825000,AM,Nippon Hoso Kyokai,0950,1000,Japanese,Tokyo Yamata,Japan,1234567,,300,290,Japan,HFCC
11825000,AM,China Radio International,1700,1800,Croatian,Beijing,China,1234567,,500,322,China,HFCC
11825000,AM,China Radio International,2100,2200,Croatian,Beijing,China,1234567,,500,318,China,HFCC
11830000,AM,China Radio International,0100,0300,Spanish,Kashi,China,1234567,,500,269,China,HFCC
11830000,AM,Radio Romania International,0300,0400,English,Galbeni,Romania,1234567,,300,320,Romania,HFCC
11830000,AM,Media Broadcast GmbH,0500,0530,Multiple languages,Nauen,Germany,1234567,,125,185,Germany,HFCC
11830000,AM,BBC Worldservice,1300,1400,English,A'Seela,Oman,1234567,,250,60,Oman,HFCC
11830000,AM,Nippon Hoso Kyokai,1400,1500,Japanese,Tokyo Yamata,Japan,1234567,,300,305,Japan,HFCC
11830000,AM,BBC Worldservice,1500,1530,Arabic,A'Seela,Oman,12345,,250,305,Oman,HFCC
11830000,AM,Radio Romania International,1600,1700,French,Galbeni,Romania,1234567,,300,285,Romania,HFCC
11830000,AM,Media Broadcast GmbH,1600,1700,Multiple languages,Nauen,Germany,1,,125,128,Germany,HFCC
11830000,AM,Media Broadcast GmbH,1800,1830,Multiple languages,Nauen,Germany,1234567,,125,185,Germany,HFCC
11830000,AM,China Radio International,2300,0100,Spanish,Kashi,China,1234567,,500,269,China,HFCC
11840000,AM,"HFCC, Intl. Radio for Disaster Relief project",0000,2400,Undetermined,S. Maria di Galeria,Vatican,1234567,,100,0,Vatican,HFCC
11840000,AM,Radio Piepzender,0000,2400,Dutch,Zwolle,Netherlands,1234567,,2,0,Netherlands,HFCC
11850000,AM,China National Radio,0000,1000,Chinese,Nanning,China,1234567,,100,142,China,HFCC
11850000,AM,Media Broadcast GmbH,0630,0700,Hausa,Issoudun,France,1234567,,250,170,France,HFCC
11850000,AM,Korean Broadcasting System,1100,1200,English,Kimjae,Korea (Rep. of),1234567,,250,290,Korea (Rep. of),HFCC
11850000,AM,"Adventist Broadcasting Service, Inc.",1300,1400,Mandarin Chinese,"Agat, Guam",United States,1234567,,100,315,United States,HFCC
11850000,AM,United States Agency for Global Media (USAGM),1400,1500,Tibetan,Kuwait,Kuwait,1234567,,250,78,Kuwait,HFCC
11850000,AM,Radio Romania International,1500,1530,Russian,Tiganesti,Romania,1234567,,300,37,Romania,HFCC
11850000,AM,Abu Dhabi Media Company,1500,1600,Turkmen,Dhabayya,United Arab Emirates,1234567,,250,30,United Arab Emirates,HFCC
11850000,AM,Islamic Republic of Iran Broadcasting,1620,1650,Bengali,Sirjan,Iran (Islamic Rep. of),1234567,,500,90,Iran (Islamic Rep. of),HFCC
11850000,AM,Media Broadcast GmbH,1800,1900,Hausa,Issoudun,France,1234567,,500,175,France,HFCC
11850000,AM,Islamic Republic of Iran Broadcasting,1920,2020,English,Sirjan,Iran (Islamic Rep. of),1234567,,500,216,Iran (Islamic Rep. of),HFCC
11855000,AM,Broadcasting Serv. of the Kingdom of Saudi Arabia,0600,1700,Arabic,Jeddah,Saudi Arabia,1234567,,50,0,Saudi Arabia,HFCC
11855000,AM,Nippon Hoso Kyokai,1000,1020,Chinese,Tokyo Yamata,Japan,1234567,,300,290,Japan,HFCC
11855000,AM,Nippon Hoso Kyokai,1020,1040,Korean,Tokyo Yamata,Japan,1234567,,300,290,Japan,HFCC
11855000,AM,Nippon Hoso Kyokai,1040,1050,Chinese,Tokyo Yamata,Japan,1234567,,300,290,Japan,HFCC
11855000,AM,Media Broadcast GmbH,1800,1830,Multiple languages,Nauen,Germany,123,,100,105,Germany,HFCC
11855000,AM,Media Broadcast GmbH,1800,1830,Multiple languages,Nauen,Germany,56,,100,105,Germany,HFCC
11855000,AM,China Radio International,2200,2400,Spanish,Urumqi,China,1234567,,500,308,China,HFCC
11860000,AM,SunDance,0000,2400,Dutch,Nijmegen,Netherlands,1234567,,15,0,Netherlands,HFCC
11860000,AM,China Radio International,0130,0230,Nepali,Kunming,China,1234567,,500,283,China,HFCC
11860000,AM,Radio Russia,0300,0700,Russian,Armavir,Russia,1234567,,100,104,Russia,HFCC
11860000,AM,China National Radio,0300,0900,Chinese,Lhasa,China,1234567,,100,85,China,HFCC
11860000,AM,Radio Russia,1300,1500,Russian,Irkutsk,Russia,1234567,,15,224,Russia,HFCC
11860000,AM,United States Agency for Global Media (USAGM),1400,0100,Spanish,"Greenville, NC (Site B)",United States,1234567,,250,183,United States,HFCC
11860000,AM,BBC Worldservice,1430,1500,Korean,Tashkent,Ouzbékistan,23456,,100,76,Ouzbékistan,HFCC
11860000,AM,BBC Worldservice,1530,1600,Korean,Tashkent,Ouzbékistan,23456,,100,76,Ouzbékistan,HFCC
11860000,AM,Radio Romania International,1600,1700,Romanian,Galbeni,Romania,1234567,,300,140,Romania,HFCC
11860000,AM,Nippon Hoso Kyokai,1900,2100,Japanese,Tokyo Yamata,Japan,1234567,,300,270,Japan,HFCC
11865000,AM,China Radio International,0000,0100,English,Xian,China,1234567,,500,190,China,HFCC
11865000,AM,SunDance,0000,2400,Dutch,Nijmegen,Netherlands,1234567,,15,0,Netherlands,HFCC
11865000,AM,All India Radio,0900,1030,Nepali,Delhi,India,1234567,,100,102,India,HFCC
11865000,AM,All India Radio,1045,1215,Tibetan,Delhi,India,1234567,,100,102,India,HFCC
11865000,AM,Radio Russia,1600,1900,Russian,Moskva,Russia,1234567,,40,261,Russia,HFCC
11870000,AM,SunDance,0000,2400,Dutch,Nijmegen,Netherlands,1234567,,15,0,Netherlands,HFCC
11870000,AM,Korean Broadcasting System,0100,0200,Vietnamese,Kimjae,Korea (Rep. of),1234567,,100,205,Korea (Rep. of),HFCC
11870000,AM,China Radio International,0200,0230,Pushto,Kashi,China,1234567,,100,239,China,HFCC
11870000,AM,China Radio International,0600,0700,English,Kashi,China,1234567,,100,239,China,HFCC
11870000,AM,United States Agency for Global Media (USAGM),1400,1500,Mandarin Chinese,Tinang 1,Philippines,1234567,,250,332,Philippines,HFCC
11870000,AM,Vatican Radio,1840,1900,Latin,S. Maria di Galeria,Vatican,1234567,,250,184,Vatican,HFCC
11870000,AM,Vatican Radio,2000,2030,English,S. Maria di Galeria,Vatican,1234567,,250,210,Vatican,HFCC
11870000,AM,Vatican Radio,2030,2100,French,S. Maria di Galeria,Vatican,1234567,,250,210,Vatican,HFCC
11870000,AM,Vatican Radio,2100,2130,Portuguese,S. Maria di Galeria,Vatican,1234567,,250,210,Vatican,HFCC
11875000,AM,China Radio International,0000,0100,Mongolian,Beijing,China,1234567,,500,318,China,HFCC
11875000,AM,Encompass Digital Media Services,0330,0400,Somali,Dhabayya,United Arab Emirates,1234567,,250,225,United Arab Emirates,HFCC
11875000,AM,China Radio International,0700,0800,Standard Chinese,Nanning,China,1234567,,100,200,China,HFCC
11875000,AM,World Christian Broadcasting Corporation,0800,0900,Mandarin Chinese,"Anchor Pt, Alaska",United States,1234567,,100,285,United States,HFCC
11875000,AM,Media Broadcast GmbH,0800,0900,Multiple languages,Sofia,Bulgaria,1,,100,306,Bulgaria,HFCC
11875000,AM,World Christian Broadcasting Corporation,0900,1000,Mandarin Chinese,"Anchor Pt, Alaska",United States,1234567,,100,285,United States,HFCC
11875000,AM,China Radio International,1000,1100,Cantonese,Kunming,China,1234567,,500,135,China,HFCC
11875000,AM,China Radio International,1100,1200,Min Nan Chinese,Kunming,China,1234567,,500,177,China,HFCC
11875000,AM,China Radio International,1600,1700,Russian,Urumqi,China,1234567,,500,308,China,HFCC
11875000,AM,China Radio International,1700,1800,Russian,Urumqi,China,1234567,,500,308,China,HFCC
11875000,AM,BBC Worldservice,1800,1830,French,Woofferton,United Kingdom,1234567,,300,170,United Kingdom,HFCC
11880000,AM,China Radio International,0200,0300,Standard Chinese,Kashi,China,1234567,,500,269,China,HFCC
11880000,AM,Islamic Republic of Iran Broadcasting,1220,1320,Pushto,Sirjan,Iran (Islamic Rep. of),1234567,,500,40,Iran (Islamic Rep. of),HFCC
11880000,AM,Radio Romania International,1400,1500,German,Tiganesti,Romania,1234567,,300,307,Romania,HFCC
11880000,AM,Trans World Radio,1500,1530,Somali,Manzini,Swaziland,1234567,,100,30,Swaziland,HFCC
11880000,AM,Trans World Radio,1530,1545,Somali,Manzini,Swaziland,17,,100,30,Swaziland,HFCC
11880000,AM,China Radio International,1600,1700,Hakka Chinese,Xian,China,1234567,,500,252,China,HFCC
11885000,AM,China National Radio,0300,1200,Uighur,Urumqi,China,1234567,,50,230,China,HFCC
11885000,AM,China National Radio,1000,1200,Chinese,Fuzhou,China,1234567,,150,358,China,HFCC
11885000,AM,Nippon Hoso Kyokai,2200,0100,Japanese,Tokyo Yamata,Japan,1234567,,300,290,Japan,HFCC
11890000,AM,Radio Russia,1300,1500,Russian,Novosibirsk,Russia,1234567,,250,120,Russia,HFCC
11895000,AM,Korean Broadcasting System,0000,0100,English,Kimjae,Korea (Rep. of),1234567,,250,290,Korea (Rep. of),HFCC
11895000,AM,China Radio International,0500,0600,English,Kashi,China,1234567,,100,209,China,HFCC
11895000,AM,China Radio International,0600,0700,English,Kashi,China,1234567,,100,209,China,HFCC
11895000,AM,China Radio International,0700,0900,English,Kashi,China,1234567,,100,209,China,HFCC
11895000,AM,China Radio International,0900,1000,Standard Chinese,Nanning,China,1234567,,100,200,China,HFCC
11895000,AM,China Radio International,1000,1100,English,Xian,China,1234567,,500,354,China,HFCC
11895000,AM,China Radio International,1800,1900,Min Nan Chinese,Xian,China,1234567,,500,306,China,HFCC
11895000,AM,China Radio International,1900,2000,Cantonese,Kashi,China,1234567,,500,308,China,HFCC
11895000,AM,Vatican Radio,2200,2230,Chinese,S. Maria di Galeria,Vatican,1234567,,250,46,Vatican,HFCC
11895000,AM,Vatican Radio,2315,2350,Vietnamese,S. Maria di Galeria,Vatican,1234567,,250,74,Vatican,HFCC
11900000,AM,China Radio International,0000,0100,Standard Chinese,Beijing,China,1234567,,150,95,China,HFCC
11900000,AM,Radio Romania International,0000,0100,English,Tiganesti,Romania,1234567,,300,307,Romania,HFCC
11900000,AM,Radio Romania International,0500,0530,French,Galbeni,Romania,1234567,,300,285,Romania,HFCC
11900000,AM,HCJB Australia,1125,1130,Burmese,Kununurra WA,Australia,1234567,,75,320,Australia,HFCC
11900000,AM,HCJB Australia,1130,1230,Burmese,Kununurra WA,Australia,1234567,,75,320,Australia,HFCC
11900000,AM,HCJB Australia,1230,1400,Tamil,Kununurra WA,Australia,1234567,,75,305,Australia,HFCC
11900000,AM,HCJB Australia,1400,1430,Burmese,Kununurra WA,Australia,1234567,,75,320,Australia,HFCC
11900000,AM,China Radio International,1600,1700,English,Jinhua,China,1234567,,500,255,China,HFCC
11900000,AM,China Radio International,2300,2400,Standard Chinese,Beijing,China,1234567,,150,95,China,HFCC
11905000,AM,China National Radio,0100,0900,Chinese,Beijing,China,1234567,,100,163,China,HFCC
11905000,AM,China Radio International,0900,1000,English,Jinhua,China,1234567,,500,150,China,HFCC
11905000,AM,China Radio International,1000,1100,English,Jinhua,China,1234567,,500,150,China,HFCC
11910000,AM,China Radio International,1200,1300,Min Nan Chinese,Beijing,China,1234567,,500,165,China,HFCC
11910000,AM,China Radio International,1300,1400,English,Beijing,China,1234567,,500,165,China,HFCC
11910000,AM,China Radio International,1400,1500,Russian,Xian,China,1234567,,500,292,China,HFCC
11910000,AM,Abu Dhabi Media Company,1500,1600,Urdu,Dhabayya,United Arab Emirates,1234567,,250,60,United Arab Emirates,HFCC
11910000,AM,United States Agency for Global Media (USAGM),1600,1700,Tibetan,Kuwait,Kuwait,1234567,,250,78,Kuwait,HFCC
11910000,AM,Nippon Hoso Kyokai,1900,2000,Japanese,Tokyo Yamata,Japan,1234567,,300,290,Japan,HFCC
11910000,AM,Nippon Hoso Kyokai,2000,2100,Japanese,Tokyo Yamata,Japan,1234567,,300,290,Japan,HFCC
11910000,AM,Nippon Hoso Kyokai,2100,2200,Japanese,Tokyo Yamata,Japan,1234567,,300,290,Japan,HFCC
11910000,AM,Vatican Radio,2200,2230,Chinese,S. Maria di Galeria,Vatican,1234567,,250,46,Vatican,HFCC
11910000,AM,Vatican Radio,2315,2350,Vietnamese,S. Maria di Galeria,Vatican,1234567,,250,74,Vatican,HFCC
11915000,AM,China National Radio,0030,1300,Chinese,Baoji,China,1234567,,100,255,China,HFCC
11915000,AM,Nippon Hoso Kyokai,1300,1400,Japanese,Tokyo Yamata,Japan,1234567,,300,305,Japan,HFCC
11915000,AM,Nippon Hoso Kyokai,1510,1530,Korean,Tokyo Yamata,Japan,1234567,,300,290,Japan,HFCC
11915000,AM,Nippon Hoso Kyokai,1530,1550,Chinese,Tokyo Yamata,Japan,1234567,,300,290,Japan,HFCC
11915000,AM,Broadcasting Serv. of the Kingdom of Saudi Arabia,1800,2300,Arabic,Riyadh,Saudi Arabia,1234567,,500,295,Saudi Arabia,HFCC
11920000,AM,Nippon Hoso Kyokai,0000,0100,Japanese,Tokyo Yamata,Japan,1234567,,300,330,Japan,HFCC
11920000,AM,Nippon Hoso Kyokai,0430,0450,Russian,Tokyo Yamata,Japan,1234567,,300,330,Japan,HFCC
11920000,AM,Nippon Hoso Kyokai,0540,0600,Russian,Tokyo Yamata,Japan,1234567,,300,330,Japan,HFCC
11925000,AM,Media Broadcast GmbH,0430,0515,Multiple languages,Nauen,Germany,1234567,,125,120,Germany,HFCC
11925000,AM,China Radio International,0600,0700,English,Nanning,China,1234567,,100,142,China,HFCC
11925000,AM,Radio Russia,1000,1400,Russian,Petropavlo Kam.,Russia,1234567,,250,263,Russia,HFCC
11925000,AM,China National Radio,1200,1805,Chinese,Lingshi,China,1234567,,100,286,China,HFCC
11925000,AM,China National Radio,2025,2330,Chinese,Lingshi,China,1234567,,100,286,China,HFCC
11930000,AM,United States Agency for Global Media (USAGM),0000,0100,Spanish,"Greenville, NC (Site B)",United States,1234567,,250,184,United States,HFCC
11930000,AM,United States Agency for Global Media (USAGM),1300,1400,Mandarin Chinese,Tinang 1,Philippines,1234567,,250,349,Philippines,HFCC
11930000,AM,United States Agency for Global Media (USAGM),1300,2000,Spanish,"Greenville, NC (Site B)",United States,1234567,,250,172,United States,HFCC
11930000,AM,Broadcasting Serv. of the Kingdom of Saudi Arabia,1800,2300,Arabic,Riyadh,Saudi Arabia,1234567,,500,270,Saudi Arabia,HFCC
11930000,AM,United States Agency for Global Media (USAGM),2000,2100,Spanish,"Greenville, NC (Site B)",United States,1234567,,250,172,United States,HFCC
11930000,AM,United States Agency for Global Media (USAGM),2100,2400,Spanish,"Greenville, NC (Site B)",United States,1234567,,250,184,United States,HFCC
11935000,AM,Radio Russia,0200,0600,Russian,Irkutsk,Russia,1234567,,100,263,Russia,HFCC
11935000,AM,Broadcasting Serv. of the Kingdom of Saudi Arabia,0900,1200,Arabic,Riyadh,Saudi Arabia,1234567,,500,310,Saudi Arabia,HFCC
11935000,AM,China Radio International,1000,1100,Russian,Shijiazhuang,China,1234567,,500,37,China,HFCC
11935000,AM,China Radio International,1100,1200,Russian,Shijiazhuang,China,1234567,,500,37,China,HFCC
11935000,AM,China Radio International,1200,1300,Russian,Shijiazhuang,China,1234567,,500,37,China,HFCC
11935000,AM,China National Radio,2300,0900,Chinese,Beijing,China,1234567,,100,163,China,HFCC
11940000,AM,Radio Romania International,0200,0300,Spanish,Galbeni,Romania,1234567,,300,310,Romania,HFCC
11940000,AM,Radio Exterior de Espana,1400,2200,Spanish,Noblejas,Spain,17,,200,230,Spain,HFCC
11940000,AM,China Radio International,1600,1700,English,Kashi,China,1234567,,500,294,China,HFCC
11940000,AM,Radio Exterior de Espana,1800,0200,Spanish,Noblejas,Spain,23456,,200,230,Spain,HFCC
11940000,AM,China Radio International,2030,2100,Bulgarian,Kunming,China,1234567,,500,300,China,HFCC
11945000,AM,Radio Romania International,0000,0200,Romanian,Galbeni,Romania,1234567,,300,310,Romania,HFCC
11945000,AM,China Radio International,0100,0200,Min Nan Chinese,Kunming,China,1234567,,150,177,China,HFCC
11945000,AM,Media Broadcast GmbH,0200,0300,Multiple languages,Tashkent,Ouzbékistan,1234567,,100,163,Ouzbékistan,HFCC
11945000,AM,Media Broadcast GmbH,0200,0300,Multiple languages,Erevan,Armenia,1234567,,100,125,Armenia,HFCC
11945000,AM,Islamic Republic of Iran Broadcasting,0920,1250,Dari,Sirjan,Iran (Islamic Rep. of),1234567,,500,65,Iran (Islamic Rep. of),HFCC
11945000,AM,Islamic Republic of Iran Broadcasting,1420,1520,Bengali,Sirjan,Iran (Islamic Rep. of),1234567,,500,90,Iran (Islamic Rep. of),HFCC
11945000,AM,China Radio International,2300,2400,Cantonese,Kunming,China,1234567,,100,175,China,HFCC
11950000,AM,China National Radio,0000,1200,Chinese,Xingyang,China,1234567,,100,253,China,HFCC
11950000,AM,China National Radio,0300,0900,Chinese,Lhasa,China,1234567,,100,290,China,HFCC
11950000,AM,Islamic Republic of Iran Broadcasting,1820,1920,Hausa,Sirjan,Iran (Islamic Rep. of),1234567,,500,257,Iran (Islamic Rep. of),HFCC
11950000,AM,Islamic Republic of Iran Broadcasting,1920,2020,English,Sirjan,Iran (Islamic Rep. of),1234567,,500,216,Iran (Islamic Rep. of),HFCC
11955000,AM,China Radio International,1130,1200,Filipino,Kunming,China,1234567,,100,122,China,HFCC
11955000,AM,China Radio International,1200,1230,Filipino,Kunming,China,1234567,,100,122,China,HFCC
11955000,AM,China Radio International,1230,1330,Malay (individual language),Kunming,China,1234567,,500,177,China,HFCC
11955000,AM,China Radio International,1330,1430,Indonesian,Kunming,China,1234567,,500,177,China,HFCC
11955000,AM,China Radio International,2300,2400,English,Kunming,China,1234567,,100,122,China,HFCC
11960000,AM,BBC Worldservice,0000,0200,English,A'Seela,Oman,1234567,,250,63,Oman,HFCC
11960000,AM,Nippon Hoso Kyokai,0300,0400,Japanese,Nauen,Germany,1234567,,250,117,Germany,HFCC
11960000,AM,Radio Romania International,0530,0600,English,Galbeni,Romania,1234567,,300,300,Romania,HFCC
11965000,AM,HCJB Australia,0925,0930,Indonesian,Kununurra WA,Australia,1234567,,75,315,Australia,HFCC
11965000,AM,HCJB Australia,0930,1045,Indonesian,Kununurra WA,Australia,1234567,,75,315,Australia,HFCC
11965000,AM,HCJB Australia,1045,1115,English,Kununurra WA,Australia,17,,75,315,Australia,HFCC
11965000,AM,HCJB Australia,1125,1130,Rohingya,Kununurra WA,Australia,1234567,,75,315,Australia,HFCC
11965000,AM,HCJB Australia,1130,1145,Rohingya,Kununurra WA,Australia,1234567,,75,315,Australia,HFCC
11965000,AM,Turkish Radio-TV Corp,1300,1400,Russian,Emirler,Turkey,1234567,,300,20,Turkey,HFCC
11965000,AM,Nippon Hoso Kyokai,1500,1600,Japanese,Tokyo Yamata,Japan,1234567,,300,290,Japan,HFCC
11965000,AM,China Radio International,1600,1700,English,Kashi,China,1234567,,500,298,China,HFCC
11965000,AM,Radio Russia,1700,1900,Russian,Moskva,Russia,1234567,,250,117,Russia,HFCC
11965000,AM,BBC Worldservice,1800,1830,French,Woofferton,United Kingdom,1234567,,250,140,United Kingdom,HFCC
11965000,AM,World Christian Broadcasting (USA),2000,2100,English,Madagascar World Voice,Madagascar,1234567,,100,295,Madagascar,HFCC
11965000,AM,Nippon Hoso Kyokai,2100,2300,Japanese,Tokyo Yamata,Japan,1234567,,300,240,Japan,HFCC
11965000,AM,Radio Russia,2300,0300,Russian,Irkutsk,Russia,1234567,,250,224,Russia,HFCC
11970000,AM,Ministry of Information - State of Kuwait,0500,0800,English,KABD,Kuwait,1234567,,250,0,Kuwait,HFCC
11970000,AM,Broadcasting Serv. of the Kingdom of Saudi Arabia,0900,1200,Arabic,Jeddah,Saudi Arabia,1234567,,250,300,Saudi Arabia,HFCC
11970000,AM,Radio Romania International,2300,2400,Spanish,Galbeni,Romania,1234567,,300,280,Romania,HFCC
11975000,AM,China Radio International,0000,0100,Standard Chinese,Kunming,China,1234567,,500,177,China,HFCC
11975000,AM,Radio Russia,0200,0400,Russian,Moskva,Russia,1234567,,250,117,Russia,HFCC
11975000,AM,Radio Russia,0700,1500,Russian,Armavir,Russia,1234567,,100,104,Russia,HFCC
11975000,AM,Radio Romania International,1700,1800,Romanian,Galbeni,Romania,1234567,,300,285,Romania,HFCC
11975000,AM,Radio Romania International,1800,1900,Romanian,Galbeni,Romania,1234567,,300,285,Romania,HFCC
11975000,AM,Radio Romania International,1900,2000,Romanian,Galbeni,Romania,1234567,,300,285,Romania,HFCC
11975000,AM,Radio Romania International,2000,2030,French,Galbeni,Romania,1234567,,300,285,Romania,HFCC
11975000,AM,Radio Romania International,2030,2100,English,Galbeni,Romania,1234567,,300,300,Romania,HFCC
11975000,AM,China Radio International,2130,2230,French,Bamako,Mali,1234567,,100,20,Mali,HFCC
11980000,AM,China Radio International,0100,0200,Min Nan Chinese,Kunming,China,1234567,,100,184,China,HFCC
11980000,AM,China Radio International,0900,1100,Standard Chinese,Kunming,China,1234567,,100,184,China,HFCC
11980000,AM,China Radio International,1200,1300,English,Kunming,China,1234567,,150,177,China,HFCC
11980000,AM,China Radio International,1300,1400,English,Kunming,China,1234567,,150,177,China,HFCC
11980000,AM,United States Agency for Global Media (USAGM),1600,1700,Tibetan,Kuwait,Kuwait,1234567,,250,78,Kuwait,HFCC
11985000,AM,Islamic Republic of Iran Broadcasting,0550,0820,Dari,Sirjan,Iran (Islamic Rep. of),1234567,,500,65,Iran (Islamic Rep. of),HFCC
11985000,AM,China Radio International,1100,1200,Mongolian,Urumqi,China,1234567,,100,80,China,HFCC
11990000,AM,China Radio International,0000,0100,Central Khmer,Nanning,China,1234567,,100,200,China,HFCC
11995000,AM,Radio France Internationale,0600,0630,Hausa,Issoudun,France,1234567,,250,170,France,HFCC
11995000,AM,BBC Worldservice,1400,1500,Dari,A'Seela,Oman,1234567,,250,35,Oman,HFCC
11995000,AM,BBC Worldservice,1500,1600,Pushto,A'Seela,Oman,1234567,,250,35,Oman,HFCC
11995000,AM,Abu Dhabi Media Company,1600,1700,Amharic,Dhabayya,United Arab Emirates,1234567,,250,230,United Arab Emirates,HFCC
11995000,AM,Radio France Internationale,2000,2100,French,Issoudun,France,1234567,,250,200,France,HFCC
11995000,AM,Radio France Internationale,2100,2200,French,Issoudun,France,1234567,,250,200,France,HFCC
12000000,AM,China Radio International,0300,0400,English,Kashi,China,1234567,,100,174,China,HFCC
12005000,AM,Radio Delta International,0700,1700,Dutch,Elburg,Netherlands,1234567,,5,0,Netherlands,HFCC
12005000,AM,China Radio International,0900,1000,Standard Chinese,Kunming,China,1234567,,500,135,China,HFCC
12005000,AM,China Radio International,1000,1100,Cantonese,Kunming,China,1234567,,500,135,China,HFCC
12005000,AM,Radio Russia,1500,2000,Russian,Armavir,Russia,1234567,,500,290,Russia,HFCC
12010000,AM,China Radio International,1400,1500,Vietnamese,Baoji,China,1234567,,150,195,China,HFCC
12010000,AM,China National Radio,2155,0200,Chinese,Nanning,China,1234567,,100,142,China,HFCC
12015000,AM,Mongol Radio & Television,1300,1400,Japanese / Mongolian,Ulan Bator,Mongolia,1234567,,250,116,Mongolia,HFCC
12015000,AM,Mongol Radio & Television,1400,1500,Standard Chinese / English,Ulan Bator,Mongolia,1234567,,250,116,Mongolia,HFCC
12015000,AM,China Radio International,1700,1800,English,Beijing,China,1234567,,500,318,China,HFCC
12015000,AM,Media Broadcast GmbH,1800,2100,Multiple languages,Issoudun,France,1234567,,100,167,France,HFCC
12025000,AM,Nippon Hoso Kyokai,0200,0400,Japanese,Tokyo Yamata,Japan,1234567,,300,270,Japan,HFCC
12025000,AM,Broadcasting Serv. of the Kingdom of Saudi Arabia,0300,0400,Arabic,Jeddah,Saudi Arabia,1234567,,250,340,Saudi Arabia,HFCC
12025000,AM,For new organization,0500,1000,Multiple languages,Sofia,Bulgaria,1234567,,250,126,Bulgaria,HFCC
12025000,AM,China Radio International,1300,1400,Korean,Xian,China,1234567,,500,73,China,HFCC
12025000,AM,China Radio International,1400,1500,Standard Chinese,Urumqi,China,1234567,,500,270,China,HFCC
12030000,AM,Radio Exterior de Espana,1500,2300,Spanish,Noblejas,Spain,23456,,200,110,Spain,HFCC
12030000,AM,Radio Exterior de Espana,1500,2400,Spanish,Noblejas,Spain,17,,200,110,Spain,HFCC
12040000,AM,Encompass Digital Media Services,1430,1700,Persian,Dhabayya,United Arab Emirates,1234567,,250,35,United Arab Emirates,HFCC
12040000,AM,Encompass Digital Media Services,1700,2100,Persian,Woofferton,United Kingdom,1234567,,250,90,United Kingdom,HFCC
12045000,AM,Nippon Hoso Kyokai,1500,1600,Japanese,Tokyo Yamata,Japan,1234567,,300,270,Japan,HFCC
12045000,AM,China National Radio,2300,1200,Chinese,Beijing,China,1234567,,100,285,China,HFCC
12050000,AM,"Eternal Word Television Network, Inc.",0000,0600,Spanish,"Vandiver, AL",United States,1234567,,100,155,United States,HFCC
12050000,AM,SunDance,0000,2400,Dutch,Nijmegen,Netherlands,1234567,,15,0,Netherlands,HFCC
12050000,AM,"Eternal Word Television Network, Inc.",1400,2400,Spanish,"Vandiver, AL",United States,1234567,,100,155,United States,HFCC
12055000,AM,Islamic Republic of Iran Broadcasting,1420,1520,Bengali,Sirjan,Iran (Islamic Rep. of),1234567,,500,90,Iran (Islamic Rep. of),HFCC
12055000,AM,Far East Broadcasting Company,2300,2330,Shan,Bocaue,Philippines,23456,,100,305,Philippines,HFCC
12055000,AM,Far East Broadcasting Company,2330,0100,Multiple languages,Bocaue,Philippines,1234567,,100,305,Philippines,HFCC
12055000,AM,China National Radio,2355,1200,Kazakh,Lingshi,China,1234567,,100,298,China,HFCC
12060000,AM,United States Agency for Global Media (USAGM),0600,1400,English,Moepeng Hill,Botswana,36,,100,10,Botswana,HFCC
12060000,AM,Nippon Hoso Kyokai,1700,1900,Japanese,Tokyo Yamata,Japan,1234567,,300,305,Japan,HFCC
12060000,AM,Nippon Hoso Kyokai,1900,2100,Japanese,Tokyo Yamata,Japan,1234567,,300,305,Japan,HFCC
12060000,AM,Nippon Hoso Kyokai,2100,2120,French,Tokyo Yamata,Japan,1234567,,300,305,Japan,HFCC
12065000,AM,China National Radio,1000,1030,Chinese,Baoji,China,1234567,,100,150,China,HFCC
12070000,AM,United States Agency for Global Media (USAGM),0600,1300,Persian,Kuwait,Kuwait,1234567,,250,58,Kuwait,HFCC
12070000,AM,China Radio International,1130,1200,Filipino,Nanning,China,1234567,,100,130,China,HFCC
12070000,AM,Far East Broadcasting Company,2300,0100,Mandarin Chinese,Iba,Philippines,1234567,,100,330,Philippines,HFCC
12080000,AM,China National Radio,0000,1000,Chinese,Baoji,China,1234567,,100,255,China,HFCC
12085000,AM,For new organization,0600,2359,Arabic,Sofia,Bulgaria,1234567,,250,126,Bulgaria,HFCC
12085000,AM,Radio Horizon,0700,2400,Dutch,Ankum,Netherlands,1,,5,0,Netherlands,HFCC
12085000,AM,Mongol Radio & Television,0900,0930,English / Mongolian,Ulan Bator,Mongolia,1234567,,250,178,Mongolia,HFCC
12085000,AM,Mongol Radio & Television,0930,1030,Standard Chinese,Ulan Bator,Mongolia,1234567,,250,178,Mongolia,HFCC
12085000,AM,Mongol Radio & Television,1030,1100,Japanese,Ulan Bator,Mongolia,1234567,,250,116,Mongolia,HFCC
12085000,AM,China Radio International,2300,2400,Mongolian,Xian,China,1234567,,500,354,China,HFCC
12095000,AM,BBC Worldservice,0200,0230,Pushto,A'Seela,Oman,1234567,,250,35,Oman,HFCC
12095000,AM,BBC Worldservice,0230,0300,Dari,A'Seela,Oman,1234567,,250,35,Oman,HFCC
12095000,AM,BBC Worldservice,0300,0330,Pushto,A'Seela,Oman,1234567,,250,35,Oman,HFCC
12095000,AM,BBC Worldservice,0400,0500,English,Madagascar,Madagascar,234567,,250,300,Madagascar,HFCC
12095000,AM,BBC Worldservice,0400,0500,English,Madagascar,Madagascar,1,,250,300,Madagascar,HFCC
12095000,AM,BBC Worldservice,0629,0700,Hausa,Ascension,United Kingdom,1234567,,125,65,United Kingdom,HFCC
12095000,AM,BBC Worldservice,0700,0729,French,Ascension,United Kingdom,1234567,,125,27,United Kingdom,HFCC
12095000,AM,Far East Broadcasting Company,1000,1030,Hmong Daw,Bocaue,Philippines,23456,,100,293,Philippines,HFCC
12095000,AM,Far East Broadcasting Company,1030,1100,LÃ¼,Bocaue,Philippines,1234567,,100,293,Philippines,HFCC
12095000,AM,Far East Broadcasting Company,1100,1230,Multiple languages,Bocaue,Philippines,1234567,,100,305,Philippines,HFCC
12095000,AM,Far East Broadcasting Company,1245,1300,Tai Dam,Bocaue,Philippines,1234567,,100,305,Philippines,HFCC
12095000,AM,Far East Broadcasting Company,1300,1400,Multiple languages,Bocaue,Philippines,1234567,,100,280,Philippines,HFCC
12095000,AM,BBC Worldservice,1400,1500,Somali,A'Seela,Oman,23456,,250,225,Oman,HFCC
12095000,AM,BBC Worldservice,1500,1530,English,A'Seela,Oman,23456,,250,225,Oman,HFCC
12095000,AM,BBC Worldservice,1530,1700,English,A'Seela,Oman,23456,,250,225,Oman,HFCC
12095000,AM,BBC Worldservice,1530,1730,English,A'Seela,Oman,1,,250,225,Oman,HFCC
12095000,AM,BBC Worldservice,1600,1900,Somali,A'Seela,Oman,7,,250,225,Oman,HFCC
12095000,AM,Abu Dhabi Media Company,1730,1750,Amharic,Dhabayya,United Arab Emirates,23456,,250,230,United Arab Emirates,HFCC
12095000,AM,Abu Dhabi Media Company,1750,1810,Oromo,Dhabayya,United Arab Emirates,23456,,250,230,United Arab Emirates,HFCC
12095000,AM,Abu Dhabi Media Company,1810,1830,Tigrinya,Dhabayya,United Arab Emirates,23456,,250,230,United Arab Emirates,HFCC
12095000,AM,Far East Broadcasting Company,2230,2330,Hmong Daw,Bocaue,Philippines,23456,,100,293,Philippines,HFCC
12095000,AM,Far East Broadcasting Company,2300,2330,Hmong Njua,Bocaue,Philippines,17,,100,293,Philippines,HFCC
12100000,AM,The Overcomer Ministry,0800,1200,Multiple languages,Sofia,Bulgaria,1234567,,250,156,Bulgaria,HFCC
12105000,AM,"Leap of Faith, Inc.",1400,0600,English,"Lebanon, TN",United States,1234567,,100,180,United States,HFCC
12110000,AM,United States Agency for Global Media (USAGM),0900,1100,Mandarin Chinese,Tinang 1,Philippines,1234567,,250,332,Philippines,HFCC
12110000,AM,United States Agency for Global Media (USAGM),1100,1200,Mandarin Chinese,Tinang 1,Philippines,1234567,,250,332,Philippines,HFCC
12110000,AM,United States Agency for Global Media (USAGM),1200,1300,Mandarin Chinese,Tinang 1,Philippines,1234567,,250,332,Philippines,HFCC
12115000,AM,United States Agency for Global Media (USAGM),1400,1500,Tibetan,Kuwait,Kuwait,1234567,,250,78,Kuwait,HFCC
12120000,AM,Trans World Radio,0030,0102,English,Bocaue,Philippines,23456,,100,345,Philippines,HFCC
12120000,AM,Far East Broadcasting Company,1200,1330,Multiple languages,Bocaue,Philippines,1234567,,100,293,Philippines,HFCC
12120000,AM,Far East Broadcasting Company,1330,1400,Burmese,Bocaue,Philippines,23456,,100,293,Philippines,HFCC
12120000,AM,Philippines Broadcasting Service,1730,2030,Filipino,Tinang 1,Philippines,1234567,,250,283,Philippines,HFCC
12140000,AM,United States Agency for Global Media (USAGM),1400,1430,Dari,Kuwait,Kuwait,1234567,,250,70,Kuwait,HFCC
12140000,AM,United States Agency for Global Media (USAGM),1430,1500,Central Pashto,Kuwait,Kuwait,1234567,,250,70,Kuwait,HFCC
12140000,AM,United States Agency for Global Media (USAGM),1500,1530,Dari,Kuwait,Kuwait,1234567,,250,70,Kuwait,HFCC
12140000,AM,United States Agency for Global Media (USAGM),1530,1600,Central Pashto,Kuwait,Kuwait,1234567,,250,70,Kuwait,HFCC
12140000,AM,United States Agency for Global Media (USAGM),1600,1630,Dari,Kuwait,Kuwait,1234567,,250,70,Kuwait,HFCC
12140000,AM,United States Agency for Global Media (USAGM),1630,1700,Central Pashto,Kuwait,Kuwait,1234567,,250,70,Kuwait,HFCC
12140000,AM,United States Agency for Global Media (USAGM),1700,1730,Dari,Kuwait,Kuwait,1234567,,250,70,Kuwait,HFCC
12150000,AM,United States Agency for Global Media (USAGM),1100,1200,Mandarin Chinese,Tinang 1,Philippines,1234567,,250,349,Philippines,HFCC
12150000,AM,United States Agency for Global Media (USAGM),1200,1300,Mandarin Chinese,Tinang 1,Philippines,1234567,,250,349,Philippines,HFCC
12160000,AM,Trans World Radio,0900,0930,Mandarin Chinese,Bocaue,Philippines,23456,,100,345,Philippines,HFCC
12160000,AM,Trans World Radio,0930,0945,Mandarin Chinese,Bocaue,Philippines,1234567,,100,345,Philippines,HFCC
12160000,AM,Trans World Radio,0945,1000,Mandarin Chinese,Bocaue,Philippines,23456,,100,345,Philippines,HFCC
12160000,AM,"WNQM, Inc.",1500,2100,English,"Nashville, TN",United States,1234567,,100,85,United States,HFCC
12160000,AM,"WNQM, Inc.",1500,2100,English,"Nashville, TN",United States,1234567,,100,85,United States,HFCC
12160000,AM,"WNQM, Inc.",1500,2100,English,"Nashville, TN",United States,1234567,,100,85,United States,HFCC
12180000,AM,"WNQM, Inc.",1200,2400,English,"Nashville, TN",United States,1234567,,100,85,United States,HFCC
12180000,AM,"WNQM, Inc.",1200,2400,English,"Nashville, TN",United States,1234567,,100,85,United States,HFCC
12180000,AM,"WNQM, Inc.",1200,2400,English,"Nashville, TN",United States,1234567,,100,85,United States,HFCC
13570000,AM,United States Agency for Global Media (USAGM),1400,0100,Spanish,"Greenville, NC (Site B)",United States,1234567,,250,184,United States,HFCC
13575000,AM,China Radio International,1200,1300,Russian,Urumqi,China,1234567,,500,308,China,HFCC
13580000,AM,China Radio International,0000,0100,Standard Chinese,Beijing,China,1234567,,500,215,China,HFCC
13580000,AM,China Radio International,0100,0200,Standard Chinese,Beijing,China,1234567,,500,215,China,HFCC
13580000,AM,Radio Romania International,0500,0530,French,Tiganesti,Romania,1234567,,300,187,Romania,HFCC
13580000,AM,Abu Dhabi Media Company,0500,0600,English,Dhabayya,United Arab Emirates,1234567,,250,225,United Arab Emirates,HFCC
13580000,AM,China Radio International,1000,1100,English,Kunming,China,1234567,,500,135,China,HFCC
13580000,AM,Media Broadcast GmbH,1300,1400,Multiple languages,Tashkent,Ouzbékistan,7,,100,66,Ouzbékistan,HFCC
13580000,AM,Trans World Radio,1530,1545,Wannu,Manzini,Swaziland,26,,100,5,Swaziland,HFCC
13580000,AM,Trans World Radio,1557,1657,Kirghiz,Manzini,Swaziland,1,,100,5,Swaziland,HFCC
13580000,AM,Media Broadcast GmbH,1700,1715,Multiple languages,Nauen,Germany,7,,250,125,Germany,HFCC
13580000,AM,Radio Romania International,2200,2300,English,Tiganesti,Romania,1234567,,300,52,Romania,HFCC
13585000,AM,Radio Piepzender,0000,2400,Dutch,Zwolle,Netherlands,1234567,,2,0,Netherlands,HFCC
13590000,AM,China Radio International,0300,0400,English,Beijing,China,1234567,,150,95,China,HFCC
13590000,AM,China Radio International,0400,0500,English,Beijing,China,1234567,,150,95,China,HFCC
13590000,AM,Media Broadcast GmbH,0700,0900,Multiple languages,Nauen,Germany,1234567,,125,185,Germany,HFCC
13590000,AM,China Radio International,1000,1100,English,Beijing,China,1234567,,500,193,China,HFCC
13590000,AM,China Radio International,1100,1200,English,Beijing,China,1234567,,500,193,China,HFCC
13590000,AM,United States Agency for Global Media (USAGM),1400,1500,Tibetan,Kuwait,Kuwait,1234567,,250,78,Kuwait,HFCC
13590000,AM,Abu Dhabi Media Company,1600,1700,Central Pashto,Dhabayya,United Arab Emirates,1234567,,250,45,United Arab Emirates,HFCC
13590000,AM,Media Broadcast GmbH,1700,1830,Multiple languages,Nauen,Germany,1234567,,100,126,Germany,HFCC
13590000,AM,Media Broadcast GmbH,1830,1915,Multiple languages,Nauen,Germany,1,,125,130,Germany,HFCC
13600000,AM,Nippon Hoso Kyokai,0000,0030,Indonesian,Tokyo Yamata,Japan,1234567,,300,240,Japan,HFCC
13600000,AM,Nippon Hoso Kyokai,0030,0050,Burmese,Tokyo Yamata,Japan,1234567,,300,240,Japan,HFCC
13600000,AM,China Radio International,0100,0200,Russian,Xian,China,1234567,,500,292,China,HFCC
13600000,AM,China Radio International,0200,0300,Tamil,Kashi,China,1234567,,100,173,China,HFCC
13600000,AM,China Radio International,0300,0400,Tamil,Kashi,China,1234567,,100,173,China,HFCC
13600000,AM,China Radio International,1200,1300,Russian,Xian,China,1234567,,500,292,China,HFCC
13600000,AM,China Radio International,1300,1400,Russian,Xian,China,1234567,,500,292,China,HFCC
13600000,AM,China Radio International,1400,1500,Tamil,Kashi,China,1234567,,100,174,China,HFCC
13600000,AM,Nippon Hoso Kyokai,1610,1630,Arabic,Tokyo Yamata,Japan,1234567,,300,305,Japan,HFCC
13600000,AM,Nippon Hoso Kyokai,1630,1650,Persian,Tokyo Yamata,Japan,1234567,,300,305,Japan,HFCC
13600000,AM,Radio Romania International,1900,2000,Spanish,Tiganesti,Romania,1234567,,300,262,Romania,HFCC
13600000,AM,Nippon Hoso Kyokai,2310,2330,Thai,Tokyo Yamata,Japan,1234567,,300,240,Japan,HFCC
13600000,AM,Nippon Hoso Kyokai,2330,2400,Vietnamese,Tokyo Yamata,Japan,1234567,,300,240,Japan,HFCC
13610000,AM,Broadcasting Serv. of the Kingdom of Saudi Arabia,0600,1400,Arabic,Riyadh,Saudi Arabia,1234567,,100,0,Saudi Arabia,HFCC
13610000,AM,Korean Broadcasting System,0700,0800,Korean,Woofferton,United Kingdom,1234567,,250,107,United Kingdom,HFCC
13610000,AM,China Radio International,1100,1200,Standard Chinese,Kashi,China,1234567,,100,209,China,HFCC
13610000,AM,China Radio International,1200,1300,Standard Chinese,Kashi,China,1234567,,100,209,China,HFCC
13610000,AM,China National Radio,2300,1300,Chinese,Nanning,China,1234567,,150,155,China,HFCC
13620000,AM,"HFCC, Intl. Radio for Disaster Relief project",0000,2400,Undetermined,S. Maria di Galeria,Vatican,1234567,,100,0,Vatican,HFCC
13630000,AM,China National Radio,0030,1130,Chinese,Nanning,China,1234567,,100,142,China,HFCC
13630000,AM,Abu Dhabi Media Company,1230,1330,Burmese,Dhabayya,United Arab Emirates,1234567,,500,85,United Arab Emirates,HFCC
13630000,AM,China Radio International,1500,1600,English,Urumqi,China,1234567,,500,270,China,HFCC
13630000,AM,Abu Dhabi Media Company,1830,1900,Kinyarwanda,Dhabayya,United Arab Emirates,23456,,250,225,United Arab Emirates,HFCC
13630000,AM,China Radio International,1930,2000,Portuguese,Bamako,Mali,1234567,,100,111,Mali,HFCC
13630000,AM,China Radio International,2000,2100,English,Bamako,Mali,1234567,,100,111,Mali,HFCC
13630000,AM,China Radio International,2100,2130,English,Bamako,Mali,1234567,,100,111,Mali,HFCC
13630000,AM,China Radio International,2130,2230,French,Bamako,Mali,1234567,,100,111,Mali,HFCC
13635000,AM,Turkish Radio-TV Corp,0600,1300,Turkish,Emirler,Turkey,1234567,,250,310,Turkey,HFCC
13635000,AM,Turkish Radio-TV Corp,1330,1400,Kazakh,Emirler,Turkey,1234567,,300,62,Turkey,HFCC
13640000,AM,Telediffusion d'Algerie,0000,0100,Standard Arabic,Bechar,Algeria,1234567,,300,131,Algeria,HFCC
13640000,AM,China Radio International,0100,0200,English,Kashi,China,1234567,,500,308,China,HFCC
13640000,AM,Telediffusion d'Algerie,0100,0200,Standard Arabic,Bechar,Algeria,1234567,,300,131,Algeria,HFCC
13640000,AM,China Radio International,0200,0300,English,Kashi,China,1234567,,100,174,China,HFCC
13640000,AM,Telediffusion d'Algerie,0200,0300,Standard Arabic,Bechar,Algeria,1234567,,300,131,Algeria,HFCC
13640000,AM,China Radio International,0400,0500,Standard Chinese,Kashi,China,1234567,,100,209,China,HFCC
13640000,AM,China Radio International,1500,1600,English,Kashi,China,1234567,,500,298,China,HFCC
13640000,AM,Telediffusion d'Algerie,1900,2000,Standard Arabic,Bechar,Algeria,1234567,,300,131,Algeria,HFCC
13640000,AM,Telediffusion d'Algerie,2000,2100,Standard Arabic,Bechar,Algeria,1234567,,300,131,Algeria,HFCC
13640000,AM,Telediffusion d'Algerie,2100,2200,Standard Arabic,Bechar,Algeria,1234567,,300,131,Algeria,HFCC
13640000,AM,China Radio International,2200,2300,Japanese,Jinhua,China,1234567,,500,59,China,HFCC
13640000,AM,Telediffusion d'Algerie,2200,2300,Standard Arabic,Bechar,Algeria,1234567,,300,131,Algeria,HFCC
13640000,AM,Telediffusion d'Algerie,2300,2359,Standard Arabic,Bechar,Algeria,1234567,,300,131,Algeria,HFCC
13640000,AM,China Radio International,2300,2400,Japanese,Jinhua,China,1234567,,500,59,China,HFCC
13645000,AM,China Radio International,0600,0700,English,Xian,China,1234567,,500,200,China,HFCC
13645000,AM,Nippon Hoso Kyokai,0900,1200,Japanese,Tokyo Yamata,Japan,1234567,,300,305,Japan,HFCC
13645000,AM,China Radio International,1700,1800,Swahili (macrolanguage),Bamako,Mali,1234567,,100,111,Mali,HFCC
13645000,AM,China Radio International,1800,1830,Hausa,Bamako,Mali,1234567,,100,111,Mali,HFCC
13650000,AM,Broadcasting Serv. of the Kingdom of Saudi Arabia,0300,0600,Arabic,Jeddah,Saudi Arabia,1234567,,250,340,Saudi Arabia,HFCC
13650000,AM,China Radio International,1300,1400,Standard Chinese,Urumqi,China,1234567,,500,270,China,HFCC
13650000,AM,Nippon Hoso Kyokai,1500,1600,Japanese,Tokyo Yamata,Japan,1234567,,300,305,Japan,HFCC
13650000,AM,Nippon Hoso Kyokai,1600,1700,Japanese,Tokyo Yamata,Japan,1234567,,300,305,Japan,HFCC
13650000,AM,Ministry of Information - State of Kuwait,1700,2000,Arabic,KABD,Kuwait,1234567,,250,0,Kuwait,HFCC
13650000,AM,China Radio International,2300,2400,Portuguese,La Habana,Cuba,1234567,,250,135,Cuba,HFCC
13655000,AM,China Radio International,0000,0100,Standard Chinese,Xian,China,1234567,,500,73,China,HFCC
13655000,AM,China Radio International,0100,0200,Standard Chinese,Xian,China,1234567,,500,73,China,HFCC
13655000,AM,China Radio International,0200,0300,Standard Chinese,Xian,China,1234567,,500,73,China,HFCC
13655000,AM,Turkish Radio-TV Corp,0830,0900,Italian,Emirler,Turkey,1234567,,250,290,Turkey,HFCC
13655000,AM,China Radio International,1100,1200,Esperanto,Urumqi,China,1234567,,100,80,China,HFCC
13660000,AM,Broadcasting Serv. of the Kingdom of Saudi Arabia,0300,0600,Urdu,Jeddah,Saudi Arabia,1234567,,250,75,Saudi Arabia,HFCC
13660000,AM,China Radio International,0700,0800,English,Xian,China,1234567,,500,200,China,HFCC
13660000,AM,Abu Dhabi Media Company,1330,1400,Dari,Dhabayya,United Arab Emirates,1234567,,250,48,United Arab Emirates,HFCC
13660000,AM,Abu Dhabi Media Company,1400,1430,Pushto,Dhabayya,United Arab Emirates,1234567,,250,48,United Arab Emirates,HFCC
13660000,AM,Abu Dhabi Media Company,1600,1700,Amharic,Dhabayya,United Arab Emirates,1234567,,250,225,United Arab Emirates,HFCC
13660000,AM,China Radio International,1730,1830,Hausa,Kashi,China,1234567,,500,269,China,HFCC
13660000,AM,China Radio International,1830,2030,French,Kashi,China,1234567,,500,269,China,HFCC
13670000,AM,China National Radio,0200,1000,Chinese,Nanning,China,1234567,,100,142,China,HFCC
13670000,AM,China National Radio,0300,1230,Uighur,Urumqi,China,1234567,,50,230,China,HFCC
13670000,AM,Korean Broadcasting System,0700,1100,English,Kimjae,Korea (Rep. of),1234567,,100,279,Korea (Rep. of),HFCC
13670000,AM,China Radio International,1300,1400,English,Kashi,China,1234567,,500,308,China,HFCC
13670000,AM,Korean Broadcasting System,1330,1500,English,Kimjae,Korea (Rep. of),1234567,,100,249,Korea (Rep. of),HFCC
13670000,AM,China Radio International,1700,1800,Esperanto,Beijing,China,1234567,,500,318,China,HFCC
13670000,AM,World Christian Broadcasting (USA),1800,1900,English,Madagascar World Voice,Madagascar,1234567,,100,310,Madagascar,HFCC
13670000,AM,World Christian Broadcasting (USA),1900,2000,Arabic,Madagascar World Voice,Madagascar,1234567,,100,340,Madagascar,HFCC
13670000,AM,China Radio International,2000,2100,Standard Chinese,Beijing,China,1234567,,500,318,China,HFCC
13670000,AM,China Radio International,2100,2200,Croatian,Beijing,China,1234567,,500,318,China,HFCC
13680000,AM,Nippon Hoso Kyokai,0000,0100,Japanese,Tokyo Yamata,Japan,1234567,,300,235,Japan,HFCC
13680000,AM,Radio Russia,0600,1400,Russian,Irkutsk,Russia,1234567,,100,44,Russia,HFCC
13680000,AM,Nippon Hoso Kyokai,2300,2400,Japanese,Tokyo Yamata,Japan,1234567,,300,235,Japan,HFCC
13685000,AM,United States Agency for Global Media (USAGM),0230,0530,Dari,Kuwait,Kuwait,1234567,,250,70,Kuwait,HFCC
13685000,AM,Turkish Radio-TV Corp,0700,0800,Azerbaijani,Emirler,Turkey,1234567,,250,72,Turkey,HFCC
13685000,AM,China Radio International,1300,1400,French,Bamako,Mali,1234567,,100,111,Mali,HFCC
13685000,AM,China Radio International,1430,1500,English,Bamako,Mali,1234567,,100,111,Mali,HFCC
13685000,AM,China Radio International,1500,1600,English,Bamako,Mali,1234567,,100,111,Mali,HFCC
13685000,AM,China Radio International,1830,1930,Arabic,Bamako,Mali,1234567,,100,20,Mali,HFCC
13690000,AM,Radio New Zealand,0600,1000,English,Rangitaiki,New Zealand,1234567,,50,35,New Zealand,HFCC
13690000,AM,Radio New Zealand,0600,1000,English,Rangitaiki,New Zealand,1234567,,50,325,New Zealand,HFCC
13690000,AM,Nippon Hoso Kyokai,1200,1300,Japanese,Tokyo Yamata,Japan,1234567,,300,270,Japan,HFCC
13690000,AM,Radio Romania International,1600,1700,French,Tiganesti,Romania,1234567,,90,292,Romania,HFCC
13690000,AM,China Radio International,2000,2100,Standard Chinese,Shijiazhuang,China,1234567,,500,315,China,HFCC
13690000,AM,China Radio International,2100,2300,Spanish,Shijiazhuang,China,1234567,,500,315,China,HFCC
13695000,AM,Radio France Internationale,0500,0600,French,Issoudun,France,1234567,,250,160,France,HFCC
13695000,AM,Radio France Internationale,0600,0700,French,Issoudun,France,1234567,,250,175,France,HFCC
13695000,AM,Radio France Internationale,0700,0800,French,Issoudun,France,1234567,,250,201,France,HFCC
13700000,AM,For new organization,1500,1800,Arabic,Sofia,Bulgaria,1234567,,250,126,Bulgaria,HFCC
13700000,AM,China Radio International,1800,1900,Min Nan Chinese,Urumqi,China,1234567,,500,308,China,HFCC
13700000,AM,For new organization,1900,2100,Arabic,Sofia,Bulgaria,1234567,,250,126,Bulgaria,HFCC
13700000,AM,China National Radio,2355,1400,Uighur,Beijing,China,1234567,,100,285,China,HFCC
13705000,AM,Korean Broadcasting System,2200,2300,English,Kimjae,Korea (Rep. of),1234567,,250,305,Korea (Rep. of),HFCC
13710000,AM,Media Broadcast GmbH,1200,1230,Multiple languages,Nauen,Germany,7,,250,60,Germany,HFCC
13710000,AM,China Radio International,1400,1500,English,Kashi,China,1234567,,500,308,China,HFCC
13710000,AM,China Radio International,1500,1600,Turkish,Kunming,China,1234567,,500,300,China,HFCC
13710000,AM,Broadcasting Serv. of the Kingdom of Saudi Arabia,1500,1800,Arabic,Riyadh,Saudi Arabia,1234567,,500,295,Saudi Arabia,HFCC
13710000,AM,China Radio International,1600,1700,Turkish,Kunming,China,1234567,,500,300,China,HFCC
13710000,AM,China Radio International,1730,1830,Standard Chinese,Kunming,China,1234567,,500,300,China,HFCC
13710000,AM,China Radio International,1830,1900,Bulgarian,Kunming,China,1234567,,500,300,China,HFCC
13710000,AM,China Radio International,1900,2000,Turkish,Kunming,China,1234567,,500,300,China,HFCC
13710000,AM,World Christian Broadcasting (USA),2000,2100,Arabic,Madagascar World Voice,Madagascar,1234567,,100,355,Madagascar,HFCC
13720000,AM,China Radio International,0300,0400,Hindi,Kashi,China,1234567,,100,209,China,HFCC
13720000,AM,Radio Russia,0300,0600,Russian,Petropavlo Kam.,Russia,1234567,,250,64,Russia,HFCC
13720000,AM,Broadcasting Serv. of the Kingdom of Saudi Arabia,0700,0900,Somali,Riyadh,Saudi Arabia,1234567,,500,175,Saudi Arabia,HFCC
13720000,AM,China Radio International,1000,1100,English,Xian,China,1234567,,500,200,China,HFCC
13720000,AM,China Radio International,1100,1200,English,Xian,China,1234567,,500,200,China,HFCC
13720000,AM,Radio Russia,1300,1400,Russian,Irkutsk,Russia,1234567,,250,180,Russia,HFCC
13720000,AM,United States Agency for Global Media (USAGM),1400,0100,Spanish,"Greenville, NC (Site B)",United States,1234567,,250,184,United States,HFCC
13720000,AM,Broadcasting Serv. of the Kingdom of Saudi Arabia,1800,2300,Arabic,Jeddah,Saudi Arabia,1234567,,250,160,Saudi Arabia,HFCC
13720000,AM,Radio France Internationale,2000,2030,Hausa,Issoudun,France,1234567,,250,170,France,HFCC
13725000,AM,Sudan National Broadcasting Corporation,1000,1200,Standard Arabic,Al-Fatihab,Sudan,1234567,,100,210,Sudan,HFCC
13725000,AM,Turkish Radio-TV Corp,1630,1730,Spanish,Emirler,Turkey,1234567,,250,290,Turkey,HFCC
13730000,AM,China Radio International,0100,0130,Standard Chinese,Kunming,China,1234567,,150,135,China,HFCC
13730000,AM,China Radio International,0200,0230,Standard Chinese,Kunming,China,1234567,,150,135,China,HFCC
13730000,AM,China Radio International,0300,0400,Tamil,Kunming,China,1234567,,150,234,China,HFCC
13730000,AM,China Radio International,0400,0430,Standard Chinese,Kunming,China,1234567,,150,135,China,HFCC
13730000,AM,Media Broadcast GmbH,0500,0515,Multiple languages,Nauen,Germany,6,,250,120,Germany,HFCC
13730000,AM,Media Broadcast GmbH,0515,0530,Multiple languages,Nauen,Germany,6,,250,120,Germany,HFCC
13730000,AM,China Radio International,0530,0600,Standard Chinese,Kunming,China,1234567,,150,135,China,HFCC
13730000,AM,China Radio International,0700,0730,Standard Chinese,Kunming,China,1234567,,150,135,China,HFCC
13730000,AM,China Radio International,0830,0900,Standard Chinese,Kunming,China,1234567,,150,135,China,HFCC
13730000,AM,China Radio International,0900,1000,Standard Chinese,Kunming,China,1234567,,500,135,China,HFCC
13730000,AM,Radio Russia,1000,1400,Russian,Irkutsk,Russia,1234567,,100,125,Russia,HFCC
13730000,AM,Media Broadcast GmbH,1500,1600,Multiple languages,Nauen,Germany,135,,100,62,Germany,HFCC
13730000,AM,Media Broadcast GmbH,1800,1900,Multiple languages,Nauen,Germany,35,,100,158,Germany,HFCC
13730000,AM,Radio New Zealand,2045,2400,English,Rangitaiki,New Zealand,1234567,,50,325,New Zealand,HFCC
13730000,AM,Radio New Zealand,2045,2400,English,Rangitaiki,New Zealand,1234567,,50,35,New Zealand,HFCC
13740000,AM,China Radio International,0100,0300,Spanish,Kashi,China,1234567,,500,294,China,HFCC
13740000,AM,Radio France Internationale,0600,0630,Hausa,Issoudun,France,1234567,,500,170,France,HFCC
13740000,AM,Radio Russia,1000,1200,Russian,Irkutsk,Russia,1234567,,250,180,Russia,HFCC
13740000,AM,BBC Worldservice,1330,1400,Burmese,Tashkent,Ouzbékistan,1234567,,100,131,Ouzbékistan,HFCC
13740000,AM,BBC Worldservice,1630,1700,Kinyarwanda,Dhabayya,United Arab Emirates,23456,,250,225,United Arab Emirates,HFCC
13740000,AM,China Radio International,2300,0100,Spanish,Kashi,China,1234567,,500,294,China,HFCC
13750000,AM,China Radio International,0000,0100,English,Beijing,China,1234567,,150,95,China,HFCC
13750000,AM,Nippon Hoso Kyokai,0400,0500,Japanese,Nauen,Germany,1234567,,250,117,Germany,HFCC
13750000,AM,Abu Dhabi Media Company,1630,1700,English,Dhabayya,United Arab Emirates,23456,,250,255,United Arab Emirates,HFCC
13750000,AM,Radio Romania International,1700,1800,English,Tiganesti,Romania,1234567,,90,307,Romania,HFCC
13750000,AM,Media Broadcast GmbH,1800,1900,Multiple languages,Nauen,Germany,135,,100,158,Germany,HFCC
13750000,AM,China Radio International,2030,2230,French,Urumqi,China,1234567,,500,308,China,HFCC
13755000,AM,United States Agency for Global Media (USAGM),0900,1100,Mandarin Chinese,Tinang 1,Philippines,1234567,,250,349,Philippines,HFCC
13755000,AM,China Radio International,1100,1200,Standard Chinese,Kashi,China,1234567,,100,174,China,HFCC
13755000,AM,China Radio International,1200,1300,Standard Chinese,Kashi,China,1234567,,100,174,China,HFCC
13755000,AM,China Radio International,1300,1400,English,Kashi,China,1234567,,100,174,China,HFCC
13755000,AM,China Radio International,1500,1600,Standard Chinese,Kashi,China,1234567,,500,308,China,HFCC
13760000,AM,World Christian Broadcasting (USA),0200,0300,English,Madagascar World Voice,Madagascar,1234567,,100,40,Madagascar,HFCC
13760000,AM,World Christian Broadcasting (USA),0300,0400,English,Madagascar World Voice,Madagascar,1234567,,100,40,Madagascar,HFCC
13760000,AM,Radio Russia,0700,1500,Russian,Moskva,Russia,1234567,,250,267,Russia,HFCC
13760000,AM,China Radio International,1600,1700,English,Kashi,China,1234567,,500,308,China,HFCC
13760000,AM,China Radio International,1700,1800,English,Kashi,China,1234567,,500,308,China,HFCC
13760000,AM,China Radio International,1800,1900,English,Kashi,China,1234567,,500,308,China,HFCC
13770000,AM,China Radio International,0000,0100,Vietnamese,Xian,China,1234567,,500,190,China,HFCC
13770000,AM,China National Radio,0100,1805,Chinese,Kashi,China,1234567,,450,106,China,HFCC
13770000,AM,Radio Russia,0600,1000,Russian,Moskva,Russia,1234567,,40,261,Russia,HFCC
13770000,AM,China Radio International,2300,2400,Vietnamese,Xian,China,1234567,,500,190,China,HFCC
13775000,AM,Broadcasting Serv. of the Kingdom of Saudi Arabia,1200,1500,Urdu,Riyadh,Saudi Arabia,1234567,,500,70,Saudi Arabia,HFCC
13775000,AM,Media Broadcast GmbH,1600,1700,Amharic,Issoudun,France,1234567,,500,130,France,HFCC
13780000,AM,China Radio International,0130,0230,Nepali,Kunming,China,1234567,,500,283,China,HFCC
13780000,AM,China Radio International,0230,0330,Nepali,Kunming,China,1234567,,500,283,China,HFCC
13780000,AM,Broadcasting Serv. of the Kingdom of Saudi Arabia,0600,1100,Arabic,Riyadh,Saudi Arabia,1234567,,100,0,Saudi Arabia,HFCC
13780000,AM,Radio Russia,2000,1600,Russian,Khabarovsk,Russia,1234567,,50,38,Russia,HFCC
13785000,AM,Radio Russia,1000,1400,Russian,Irkutsk,Russia,1234567,,250,152,Russia,HFCC
13785000,AM,Broadcasting Serv. of the Kingdom of Saudi Arabia,1200,1400,Arabic,Riyadh,Saudi Arabia,1234567,,100,0,Saudi Arabia,HFCC
13790000,AM,China National Radio,0000,1000,Chinese,Qiqihar,China,1234567,,30,203,China,HFCC
13790000,AM,BBC Worldservice,0400,0430,Somali,Madagascar,Madagascar,23456,,250,0,Madagascar,HFCC
13790000,AM,United States Agency for Global Media (USAGM),1400,1500,Tibetan,Kuwait,Kuwait,1234567,,250,78,Kuwait,HFCC
13790000,AM,China Radio International,1600,1800,Arabic,Kashi,China,1234567,,500,269,China,HFCC
13790000,AM,BBC Worldservice,1800,1830,French,Madagascar,Madagascar,1234567,,250,300,Madagascar,HFCC
13795000,AM,China Radio International,1230,1330,Malay (individual language),Kunming,China,1234567,,100,175,China,HFCC
13800000,AM,Radio Russia,0600,0900,Russian,Moskva,Russia,1234567,,40,261,Russia,HFCC
13800000,AM,China Radio International,0900,1000,English,Kunming,China,1234567,,500,135,China,HFCC
13800000,AM,The Overcomer Ministry,1000,1200,English,Sofia,Bulgaria,1234567,,250,126,Bulgaria,HFCC
13800000,AM,Voice of the Andes,1530,1630,Multiple languages,Nauen,Germany,7,,125,100,Germany,HFCC
13800000,AM,Trans World Radio,1802,1902,Arabic,Manzini,Swaziland,23456,,100,13,Swaziland,HFCC
13800000,AM,Trans World Radio,1905,2005,Lingala / French,Manzini,Swaziland,23456,,100,343,Swaziland,HFCC
13805000,AM,Radio Russia,1200,1300,Russian,Irkutsk,Russia,1234567,,250,180,Russia,HFCC
13810000,AM,China Radio International,0330,0400,Standard Chinese,Kunming,China,1234567,,150,135,China,HFCC
13810000,AM,China National Radio,0400,1100,Chinese,Kunming,China,1234567,,30,32,China,HFCC
13810000,AM,BBC Worldservice,0600,0629,French,Woofferton,United Kingdom,1234567,,125,180,United Kingdom,HFCC
13810000,AM,China Radio International,1200,1400,Chinese,Kashi,China,1234567,,100,239,China,HFCC
13810000,AM,Media Broadcast GmbH,1700,1800,Multiple languages,Nauen,Germany,246,,100,144,Germany,HFCC
13810000,AM,China Radio International,1800,2000,German,Kashi,China,1234567,,500,308,China,HFCC
13825000,AM,China National Radio,0100,0900,Chinese,Beijing,China,1234567,,30,175,China,HFCC
13825000,AM,China National Radio,1000,1030,Chinese,Urumqi,China,1234567,,100,128,China,HFCC
13825000,AM,BBC Worldservice,2200,2400,English,A'Seela,Oman,1234567,,250,105,Oman,HFCC
13830000,AM,Vatican Radio,1530,1600,Amharic,S. Maria di Galeria,Vatican,1234567,,250,113,Vatican,HFCC
13830000,AM,Vatican Radio,1600,1615,Swahili (macrolanguage),Madagascar,Madagascar,7,,250,336,Madagascar,HFCC
13830000,AM,Vatican Radio,1600,1630,Swahili (macrolanguage),Madagascar,Madagascar,123456,,250,317,Madagascar,HFCC
13830000,AM,Vatican Radio,1615,1630,Somali,Madagascar,Madagascar,7,,250,336,Madagascar,HFCC
13830000,AM,Vatican Radio,1630,1700,English,Madagascar,Madagascar,1234567,,250,258,Madagascar,HFCC
13830000,AM,Vatican Radio,1700,1730,French,S. Maria di Galeria,Vatican,1234567,,250,160,Vatican,HFCC
13830000,AM,Vatican Radio,1730,1800,Tigrinya,S. Maria di Galeria,Vatican,1234567,,250,113,Vatican,HFCC
13830000,AM,Vatican Radio,1840,1900,Latin,S. Maria di Galeria,Vatican,1234567,,250,210,Vatican,HFCC
13835000,AM,China National Radio,1000,1200,Chinese,Qiqihar,China,1234567,,30,203,China,HFCC
13835000,AM,Nippon Hoso Kyokai,1400,1500,Japanese,Tokyo Yamata,Japan,1234567,,300,270,Japan,HFCC
13840000,AM,Radio New Zealand,0000,0500,English,Rangitaiki,New Zealand,1234567,,50,325,New Zealand,HFCC
13840000,AM,Radio New Zealand,0000,0500,English,Rangitaiki,New Zealand,1234567,,50,35,New Zealand,HFCC
13840000,AM,Radio New Zealand,0500,0900,English,Rangitaiki,New Zealand,1234567,,50,35,New Zealand,HFCC
13840000,AM,Radio New Zealand,0500,0900,English,Rangitaiki,New Zealand,1234567,,50,325,New Zealand,HFCC
13840000,AM,Allan H. Weiner,0900,1200,Multiple languages,Sofia,Bulgaria,1234567,,250,156,Bulgaria,HFCC
13840000,AM,Broadcasting Serv. of the Kingdom of Saudi Arabia,1500,1800,English,Jeddah,Saudi Arabia,1234567,,250,330,Saudi Arabia,HFCC
13840000,AM,Radio New Zealand,1830,2100,English,Rangitaiki,New Zealand,1234567,,35,35,New Zealand,HFCC
13840000,AM,Radio New Zealand,2045,2400,English,Rangitaiki,New Zealand,1234567,,50,325,New Zealand,HFCC
13840000,AM,Radio New Zealand,2045,2400,English,Rangitaiki,New Zealand,1234567,,50,35,New Zealand,HFCC
13845000,AM,"WNQM, Inc.",1200,2400,English,"Nashville, TN",United States,1234567,,100,40,United States,HFCC
13845000,AM,"WNQM, Inc.",1200,2400,English,"Nashville, TN",United States,1234567,,100,40,United States,HFCC
13845000,AM,"WNQM, Inc.",1200,2400,English,"Nashville, TN",United States,1234567,,100,40,United States,HFCC
13850000,AM,Radio Russia,0200,0600,Russian,Petropavlo Kam.,Russia,1234567,,200,61,Russia,HFCC
13850000,AM,BBC Worldservice,0300,0330,Pushto,A'Seela,Oman,1234567,,250,35,Oman,HFCC
13850000,AM,Allan H. Weiner,0600,0900,Multiple languages,Sofia,Bulgaria,1234567,,250,156,Bulgaria,HFCC
13850000,AM,China Radio International,0900,1100,Standard Chinese,Beijing,China,1234567,,500,193,China,HFCC
13855000,AM,Telediffusion d'Algerie,0000,0100,Standard Arabic,Ourgla,Algeria,1234567,,300,210,Algeria,HFCC
13855000,AM,Telediffusion d'Algerie,1900,2000,Standard Arabic,Ourgla,Algeria,1234567,,300,210,Algeria,HFCC
13855000,AM,Telediffusion d'Algerie,2000,2100,Standard Arabic,Ourgla,Algeria,1234567,,300,210,Algeria,HFCC
13855000,AM,Telediffusion d'Algerie,2100,2200,Standard Arabic,Ourgla,Algeria,1234567,,300,210,Algeria,HFCC
13855000,AM,Radio Russia,2200,0200,Russian,Armavir,Russia,1234567,,500,290,Russia,HFCC
13855000,AM,Telediffusion d'Algerie,2200,2300,Standard Arabic,Ourgla,Algeria,1234567,,300,210,Algeria,HFCC
13855000,AM,Telediffusion d'Algerie,2300,2400,Standard Arabic,Ourgla,Algeria,1234567,,300,210,Algeria,HFCC
13860000,AM,China Radio International,1100,1200,Russian,Beijing,China,1234567,,500,318,China,HFCC
13860000,AM,Nippon Hoso Kyokai,1200,1300,Japanese,Tokyo Yamata,Japan,1234567,,300,305,Japan,HFCC
13860000,AM,United States Agency for Global Media (USAGM),1400,1500,Tibetan,Kuwait,Kuwait,1234567,,250,78,Kuwait,HFCC
13860000,AM,China Radio International,1500,1600,Russian,Shijiazhuang,China,1234567,,500,315,China,HFCC
13865000,AM,Radio Piepzender,0000,2400,Dutch,Zwolle,Netherlands,1234567,,2,0,Netherlands,HFCC
13870000,AM,Far East Broadcasting Company,0100,0130,Burmese,Bocaue,Philippines,23456,,100,305,Philippines,HFCC
13870000,AM,Far East Broadcasting Company,0130,0145,Khamti,Bocaue,Philippines,167,,100,305,Philippines,HFCC
13870000,AM,Far East Broadcasting Company,1000,1030,Shan,Bocaue,Philippines,23456,,100,305,Philippines,HFCC
13870000,AM,Far East Broadcasting Company,1030,1100,Iu Mien,Bocaue,Philippines,23456,,100,280,Philippines,HFCC
13870000,AM,Far East Broadcasting Company,1100,1300,Central Khmer,Bocaue,Philippines,1234567,,100,280,Philippines,HFCC
13870000,AM,China Radio International,1630,1730,Hausa,Kashi,China,1234567,,500,269,China,HFCC
15105000,AM,Trans World Radio,1440,1457,Afar,Manzini,Swaziland,1567,,100,13,Swaziland,HFCC
15105000,AM,Trans World Radio,1532,1621,Tigrinya,Manzini,Swaziland,23456,,100,13,Swaziland,HFCC
15105000,AM,Trans World Radio,1547,1621,Kunama / Tigre,Manzini,Swaziland,17,,100,13,Swaziland,HFCC
15110000,AM,China Radio International,0300,0400,English,Kashi,China,1234567,,100,174,China,HFCC
15110000,AM,China Radio International,0400,0500,Standard Chinese,Kashi,China,1234567,,100,174,China,HFCC
15110000,AM,China Radio International,0500,0600,Standard Chinese,Kashi,China,1234567,,100,174,China,HFCC
15110000,AM,Ministry of Information - State of Kuwait,0945,1325,Arabic,KABD,Kuwait,1234567,,250,0,Kuwait,HFCC
15110000,AM,China Radio International,1100,1200,Esperanto,Urumqi,China,1234567,,100,80,China,HFCC
15110000,AM,China Radio International,1200,1300,Standard Chinese,Urumqi,China,1234567,,500,270,China,HFCC
15110000,AM,United States Agency for Global Media (USAGM),1400,1500,Mandarin Chinese,Tinang 1,Philippines,1234567,,250,315,Philippines,HFCC
15110000,AM,Radio Exterior de Espana,2000,2400,Spanish,Noblejas,Spain,1234567,,200,302,Spain,HFCC
15120000,AM,Islamic Republic of Iran Broadcasting,0450,0550,Swahili (macrolanguage),Sirjan,Iran (Islamic Rep. of),1234567,,500,216,Iran (Islamic Rep. of),HFCC
15120000,AM,Islamic Republic of Iran Broadcasting,0550,0650,Hausa,Sirjan,Iran (Islamic Rep. of),1234567,,500,257,Iran (Islamic Rep. of),HFCC
15120000,AM,Trans World Radio,1030,1045,Mongolian,Tashkent,Ouzbékistan,234567,,100,66,Ouzbékistan,HFCC
15120000,AM,Trans World Radio,1045,1100,Mongolian,Tashkent,Ouzbékistan,1234567,,100,66,Ouzbékistan,HFCC
15120000,AM,Radio Russia,1200,1600,Russian,Moskva,Russia,1234567,,250,117,Russia,HFCC
15120000,AM,Broadcasting Serv. of the Kingdom of Saudi Arabia,1200,1600,Urdu,Riyadh,Saudi Arabia,1234567,,500,70,Saudi Arabia,HFCC
15120000,AM,Radio Romania International,1900,2000,Spanish,Tiganesti,Romania,1234567,,300,262,Romania,HFCC
15125000,AM,China Radio International,0000,0100,English,Beijing,China,1234567,,500,215,China,HFCC
15125000,AM,China Radio International,0100,0200,English,Beijing,China,1234567,,500,215,China,HFCC
15125000,AM,China Radio International,1600,1700,Arabic,Bamako,Mali,1234567,,100,85,Mali,HFCC
15125000,AM,China Radio International,1700,1800,Swahili (macrolanguage),Bamako,Mali,1234567,,100,111,Mali,HFCC
15130000,AM,All India Radio,0400,0530,Persian,Bangalore,India,1234567,,250,300,India,HFCC
15130000,AM,All India Radio,0530,0630,Arabic,Bangalore,India,1234567,,250,300,India,HFCC
15130000,AM,Radio Romania International,0630,0700,Arabic,Galbeni,Romania,1234567,,300,245,Romania,HFCC
15130000,AM,Radio Romania International,1100,1200,English,Galbeni,Romania,1234567,,300,290,Romania,HFCC
15130000,AM,Radio Romania International,1200,1230,Arabic,Tiganesti,Romania,1234567,,300,142,Romania,HFCC
15130000,AM,United States Agency for Global Media (USAGM),1300,1400,Mandarin Chinese,Tinang 1,Philippines,1234567,,250,315,Philippines,HFCC
15130000,AM,Radio Romania International,1530,1600,Arabic,Galbeni,Romania,1234567,,300,245,Romania,HFCC
15130000,AM,Radio Romania International,2030,2100,English,Tiganesti,Romania,1234567,,300,307,Romania,HFCC
15135000,AM,China Radio International,0830,0930,Indonesian,Kunming,China,1234567,,500,177,China,HFCC
15135000,AM,China Radio International,0930,1030,Malay (individual language),Kunming,China,1234567,,500,177,China,HFCC
15135000,AM,China Radio International,1030,1130,Indonesian,Kunming,China,1234567,,100,175,China,HFCC
15140000,AM,Telediffusion d'Algerie,0700,0800,Standard Arabic,Ourgla,Algeria,1234567,,120,210,Algeria,HFCC
15140000,AM,Telediffusion d'Algerie,0800,0900,Standard Arabic,Ourgla,Algeria,1234567,,300,210,Algeria,HFCC
15140000,AM,Telediffusion d'Algerie,0900,1000,Standard Arabic,Ourgla,Algeria,1234567,,300,210,Algeria,HFCC
15140000,AM,Telediffusion d'Algerie,1000,1100,Standard Arabic,Ourgla,Algeria,1234567,,300,210,Algeria,HFCC
15140000,AM,Telediffusion d'Algerie,1100,1200,Standard Arabic,Ourgla,Algeria,1234567,,300,210,Algeria,HFCC
15140000,AM,Telediffusion d'Algerie,1200,1300,Standard Arabic,Ourgla,Algeria,1234567,,300,210,Algeria,HFCC
15140000,AM,Telediffusion d'Algerie,1300,1400,Standard Arabic,Ourgla,Algeria,1234567,,300,210,Algeria,HFCC
15140000,AM,Telediffusion d'Algerie,1400,1500,Standard Arabic,Ourgla,Algeria,1234567,,300,210,Algeria,HFCC
15140000,AM,Telediffusion d'Algerie,1500,1600,Standard Arabic,Ourgla,Algeria,1234567,,300,210,Algeria,HFCC
15140000,AM,Telediffusion d'Algerie,1600,1700,Standard Arabic,Ourgla,Algeria,1234567,,300,210,Algeria,HFCC
15140000,AM,Telediffusion d'Algerie,1700,1800,Standard Arabic,Ourgla,Algeria,1234567,,300,210,Algeria,HFCC
15140000,AM,Telediffusion d'Algerie,1800,1900,Standard Arabic,Ourgla,Algeria,1234567,,300,210,Algeria,HFCC
15145000,AM,China Radio International,0600,0700,English,Kashi,China,1234567,,100,239,China,HFCC
15145000,AM,China Radio International,0700,0800,Min Nan Chinese,Xian,China,1234567,,500,200,China,HFCC
15150000,AM,Radio Romania International,0900,1000,Romanian,Galbeni,Romania,1,,300,285,Romania,HFCC
15150000,AM,Islamic Republic of Iran Broadcasting,0930,1130,Arabic,Sirjan,Iran (Islamic Rep. of),1234567,,500,216,Iran (Islamic Rep. of),HFCC
15150000,AM,Radio Romania International,1000,1100,French,Galbeni,Romania,1234567,,300,285,Romania,HFCC
15150000,AM,Islamic Republic of Iran Broadcasting,1150,1220,Hebrew,Sirjan,Iran (Islamic Rep. of),1234567,,500,295,Iran (Islamic Rep. of),HFCC
15150000,AM,Assemblies of Yahweh,1200,1700,English,"Bethel, PA",United States,123456,,300,53,United States,HFCC
15150000,AM,Media Broadcast GmbH,1700,1800,Kinyarwanda,Issoudun,France,7,,100,144,France,HFCC
15150000,AM,Media Broadcast GmbH,1700,1800,Multiple languages,Issoudun,France,4,,100,144,France,HFCC
15155000,AM,Korean Broadcasting System,2000,2400,English,Kimjae,Korea (Rep. of),1234567,,100,250,Korea (Rep. of),HFCC
15160000,AM,China Radio International,0100,0200,Standard Chinese,Jinhua,China,1234567,,500,59,China,HFCC
15160000,AM,China Radio International,0200,0300,Standard Chinese,Jinhua,China,1234567,,500,59,China,HFCC
15160000,AM,China Radio International,0300,0400,Standard Chinese,Jinhua,China,1234567,,500,59,China,HFCC
15160000,AM,China Radio International,0400,0500,Cantonese,Jinhua,China,1234567,,500,59,China,HFCC
15160000,AM,China Radio International,0500,0600,Cantonese,Jinhua,China,1234567,,500,59,China,HFCC
15160000,AM,China Radio International,0600,0700,Standard Chinese,Jinhua,China,1234567,,500,59,China,HFCC
15160000,AM,Korean Broadcasting System,0700,1100,Korean,Kimjae,Korea (Rep. of),1234567,,250,290,Korea (Rep. of),HFCC
15160000,AM,China Radio International,1030,1130,Central Khmer,Nanning,China,1234567,,100,200,China,HFCC
15160000,AM,Radio Romania International,1530,1600,Arabic,Tiganesti,Romania,1234567,,300,142,Romania,HFCC
15160000,AM,Radio Romania International,1600,1700,Romanian,Tiganesti,Romania,1234567,,300,142,Romania,HFCC
15160000,AM,Korean Broadcasting System,2200,2400,English,Kimjae,Korea (Rep. of),1234567,,100,50,Korea (Rep. of),HFCC
15165000,AM,United States Agency for Global Media (USAGM),1300,1400,Mandarin Chinese,Tinang 1,Philippines,1234567,,250,332,Philippines,HFCC
15170000,AM,Radio Russia,0200,0600,Russian,Petropavlo Kam.,Russia,1234567,,250,67,Russia,HFCC
15170000,AM,Broadcasting Serv. of the Kingdom of Saudi Arabia,0300,0600,Arabic,Riyadh,Saudi Arabia,1234567,,500,355,Saudi Arabia,HFCC
15170000,AM,Radio Romania International,0800,0900,Romanian,Tiganesti,Romania,1,,300,142,Romania,HFCC
15170000,AM,Radio Russia,0900,1100,Russian,Tchita,Russia,1234567,,250,195,Russia,HFCC
15170000,AM,Radio Romania International,1300,1500,Romanian,Galbeni,Romania,1234567,,300,285,Romania,HFCC
15170000,AM,Radio Romania International,2300,2400,Spanish,Tiganesti,Romania,1234567,,300,247,Romania,HFCC
15175000,AM,Radio Russia,1400,1600,Russian,Novosibirsk,Russia,1234567,,250,180,Russia,HFCC
15180000,AM,China National Radio,0100,0400,Chinese,Kunming,China,1234567,,30,32,China,HFCC
15180000,AM,China Radio International,1100,1200,Bulgarian,Kashi,China,1234567,,500,294,China,HFCC
15180000,AM,China Radio International,1200,1300,Serbian,Kashi,China,1234567,,500,294,China,HFCC
15180000,AM,Media Broadcast GmbH,1300,1400,Multiple languages,Nauen,Germany,135,,100,62,Germany,HFCC
15180000,AM,Radio Romania International,1700,1800,English,Tiganesti,Romania,1234567,,300,307,Romania,HFCC
15185000,AM,All India Radio,0430,0600,Pushto,Bangalore,India,1234567,,250,325,India,HFCC
15190000,AM,Radio Onda ASBL,0000,2400,Portuguese,Junglinster,Luxembourg,1234567,,1,0,Luxembourg,HFCC
15190000,AM,Philippines Broadcasting Service,1730,2030,Filipino,Tinang 1,Philippines,1234567,,250,283,Philippines,HFCC
15195000,AM,Nippon Hoso Kyokai,0100,0200,Japanese,Tokyo Yamata,Japan,1234567,,300,290,Japan,HFCC
15195000,AM,Nippon Hoso Kyokai,0200,0450,Japanese,Tokyo Yamata,Japan,1234567,,300,290,Japan,HFCC
15195000,AM,Nippon Hoso Kyokai,0450,0500,Japanese,Tokyo Yamata,Japan,1234567,,300,290,Japan,HFCC
15195000,AM,Nippon Hoso Kyokai,0510,0530,Korean,Tokyo Yamata,Japan,1234567,,300,290,Japan,HFCC
15195000,AM,Nippon Hoso Kyokai,0610,0630,Chinese,Tokyo Yamata,Japan,1234567,,300,290,Japan,HFCC
15195000,AM,Nippon Hoso Kyokai,0630,0650,Korean,Tokyo Yamata,Japan,1234567,,300,290,Japan,HFCC
15195000,AM,Media Broadcast GmbH,1325,1530,Hausa,Issoudun,France,7,,500,165,France,HFCC
15200000,AM,Radio Romania International,0630,0700,Arabic,Tiganesti,Romania,1234567,,300,142,Romania,HFCC
15200000,AM,Radio Romania International,0800,0900,Romanian,Galbeni,Romania,1,,300,165,Romania,HFCC
15200000,AM,Radio Romania International,1700,1800,Romanian,Galbeni,Romania,1234567,,300,285,Romania,HFCC
15205000,AM,United States Agency for Global Media (USAGM),0230,0530,Dari,Kuwait,Kuwait,1234567,,250,70,Kuwait,HFCC
15205000,AM,Media Broadcast GmbH,1200,1400,Multiple languages,Tashkent,Ouzbékistan,7,,100,66,Ouzbékistan,HFCC
15205000,AM,Media Broadcast GmbH,1430,1445,Multiple languages,Nauen,Germany,17,,250,94,Germany,HFCC
15205000,AM,Broadcasting Serv. of the Kingdom of Saudi Arabia,1600,1800,Arabic,Riyadh,Saudi Arabia,1234567,,500,320,Saudi Arabia,HFCC
15210000,AM,Korean Broadcasting System,0700,1100,English,Kimjae,Korea (Rep. of),1234567,,250,305,Korea (Rep. of),HFCC
15210000,AM,Radio Romania International,1300,1400,Russian,Tiganesti,Romania,1234567,,300,52,Romania,HFCC
15210000,AM,Media Broadcast GmbH,1900,2000,Multiple languages,Nauen,Germany,1,,100,133,Germany,HFCC
15215000,AM,Media Broadcast GmbH,0630,0700,Hausa,Issoudun,France,1234567,,250,160,France,HFCC
15215000,AM,Far East Broadcasting Company,1200,1230,Tibetan,Dhabayya,United Arab Emirates,123,,250,70,United Arab Emirates,HFCC
15215000,AM,Abu Dhabi Media Company,1200,1230,Tibetan,Dhabayya,United Arab Emirates,1234567,,250,70,United Arab Emirates,HFCC
15215000,AM,Media Broadcast GmbH,1300,1400,Hausa,Issoudun,France,1234567,,500,163,France,HFCC
15215000,AM,Abu Dhabi Media Company,1330,1400,Dari,Dhabayya,United Arab Emirates,1234567,,250,45,United Arab Emirates,HFCC
15215000,AM,Abu Dhabi Media Company,1400,1430,Pushto,Dhabayya,United Arab Emirates,1234567,,250,45,United Arab Emirates,HFCC
15215000,AM,"Adventist Broadcasting Service, Inc.",1500,1530,Kannada,"Agat, Guam",United States,1234567,,100,285,United States,HFCC
15215000,AM,"Adventist Broadcasting Service, Inc.",1530,1600,Hindi,"Agat, Guam",United States,1234567,,100,300,United States,HFCC
15215000,AM,Media Broadcast GmbH,1600,1700,Multiple languages,Issoudun,France,1234567,,500,300,France,HFCC
15215000,AM,Media Broadcast GmbH,1800,1900,Hausa,Issoudun,France,1234567,,250,175,France,HFCC
15220000,AM,Broadcasting Serv. of the Kingdom of Saudi Arabia,0300,0500,Somali,Riyadh,Saudi Arabia,1234567,,500,175,Saudi Arabia,HFCC
15220000,AM,China Radio International,1000,1100,Hungarian,Kashi,China,1234567,,500,298,China,HFCC
15220000,AM,China Radio International,1100,1200,Czech,Kashi,China,1234567,,500,298,China,HFCC
15225000,AM,Broadcasting Serv. of the Kingdom of Saudi Arabia,1500,1800,Arabic,Riyadh,Saudi Arabia,1234567,,500,295,Saudi Arabia,HFCC
15230000,AM,China Radio International,0300,0400,Standard Chinese,Xian,China,1234567,,500,73,China,HFCC
15230000,AM,China Radio International,0400,0500,Cantonese,Xian,China,1234567,,500,73,China,HFCC
15230000,AM,China Radio International,0500,0600,Cantonese,Xian,China,1234567,,500,73,China,HFCC
15230000,AM,Islamic Republic of Iran Broadcasting,0550,0820,Dari,Sirjan,Iran (Islamic Rep. of),1234567,,500,65,Iran (Islamic Rep. of),HFCC
15230000,AM,China Radio International,0600,0700,Standard Chinese,Xian,China,1234567,,500,73,China,HFCC
15230000,AM,China Radio International,0700,0800,Cantonese,Xian,China,1234567,,500,73,China,HFCC
15230000,AM,China Radio International,0800,0900,Standard Chinese,Xian,China,1234567,,500,73,China,HFCC
15230000,AM,Islamic Republic of Iran Broadcasting,0920,1250,Dari,Sirjan,Iran (Islamic Rep. of),1234567,,500,46,Iran (Islamic Rep. of),HFCC
15230000,AM,Media Broadcast GmbH,1400,1430,Dari,Dhabayya,United Arab Emirates,1234567,,250,45,United Arab Emirates,HFCC
15230000,AM,Media Broadcast GmbH,1430,1500,Pushto,Dhabayya,United Arab Emirates,1234567,,250,45,United Arab Emirates,HFCC
15235000,AM,Media Broadcast GmbH,1330,1400,Multiple languages,Nauen,Germany,1234567,,250,85,Germany,HFCC
15235000,AM,Islamic Republic of Iran Broadcasting,1430,1730,Arabic,Sirjan,Iran (Islamic Rep. of),1234567,,500,216,Iran (Islamic Rep. of),HFCC
15240000,AM,Islamic Republic of Iran Broadcasting,0420,0550,Turkish,Sirjan,Iran (Islamic Rep. of),1234567,,500,310,Iran (Islamic Rep. of),HFCC
15240000,AM,Islamic Republic of Iran Broadcasting,0600,0830,Arabic,Sirjan,Iran (Islamic Rep. of),1234567,,500,235,Iran (Islamic Rep. of),HFCC
15240000,AM,Islamic Republic of Iran Broadcasting,0930,1130,Arabic,Sirjan,Iran (Islamic Rep. of),1234567,,500,216,Iran (Islamic Rep. of),HFCC
15240000,AM,Islamic Republic of Iran Broadcasting,1130,1430,Arabic,Sirjan,Iran (Islamic Rep. of),1234567,,500,216,Iran (Islamic Rep. of),HFCC
15240000,AM,Islamic Republic of Iran Broadcasting,1430,1730,Arabic,Sirjan,Iran (Islamic Rep. of),1234567,,500,216,Iran (Islamic Rep. of),HFCC
15245000,AM,China Radio International,1500,1600,English,Kashi,China,1234567,,500,308,China,HFCC
15250000,AM,Islamic Republic of Iran Broadcasting,0550,0820,Dari,Sirjan,Iran (Islamic Rep. of),1234567,,500,46,Iran (Islamic Rep. of),HFCC
15250000,AM,Radio Romania International,0900,1000,Romanian,Galbeni,Romania,1,,300,285,Romania,HFCC
15250000,AM,China Radio International,0900,1100,Standard Chinese,Kunming,China,1234567,,100,122,China,HFCC
15250000,AM,Broadcasting Serv. of the Kingdom of Saudi Arabia,0930,1230,English,Riyadh,Saudi Arabia,1234567,,500,250,Saudi Arabia,HFCC
15250000,AM,Radio Romania International,1000,1100,French,Galbeni,Romania,1234567,,300,285,Romania,HFCC
15250000,AM,United States Agency for Global Media (USAGM),1100,1200,Mandarin Chinese,Tinang 1,Philippines,1234567,,250,315,Philippines,HFCC
15250000,AM,United States Agency for Global Media (USAGM),1200,1300,Mandarin Chinese,Tinang 1,Philippines,1234567,,250,315,Philippines,HFCC
15250000,AM,China Radio International,1600,1700,English,Urumqi,China,1234567,,500,270,China,HFCC
15260000,AM,All India Radio,0130,0230,Indonesian,Bangalore,India,1234567,,250,120,India,HFCC
15260000,AM,Islamic Republic of Iran Broadcasting,0550,0650,Hausa,Sirjan,Iran (Islamic Rep. of),1234567,,500,257,Iran (Islamic Rep. of),HFCC
15260000,AM,China Radio International,0900,1000,Standard Chinese,Xian,China,1234567,,500,73,China,HFCC
15260000,AM,China Radio International,1000,1100,English,Xian,China,1234567,,500,73,China,HFCC
15260000,AM,China Radio International,1100,1200,Korean,Xian,China,1234567,,500,73,China,HFCC
15260000,AM,China Radio International,1200,1300,Korean,Xian,China,1234567,,500,73,China,HFCC
15260000,AM,IBRA Radio,1700,1800,Arabic,Woofferton,United Kingdom,1234567,,250,114,United Kingdom,HFCC
15265000,AM,"Adventist Broadcasting Service, Inc.",1330,1400,Kok Borok,"Agat, Guam",United States,1234567,,100,285,United States,HFCC
15265000,AM,Media Broadcast GmbH,1400,1430,Multiple languages,Nauen,Germany,7,,250,102,Germany,HFCC
15265000,AM,Media Broadcast GmbH,1430,1500,Multiple languages,Nauen,Germany,1357,,250,102,Germany,HFCC
15265000,AM,Korean Broadcasting System,1800,1900,Russian,Woofferton,United Kingdom,1234567,,250,70,United Kingdom,HFCC
15270000,AM,China National Radio,0000,1100,Chinese,Beijing,China,1234567,,150,270,China,HFCC
15275000,AM,Media Broadcast GmbH,1215,1300,Arabic,Issoudun,France,4,,250,133,France,HFCC
15275000,AM,Media Broadcast GmbH,1600,1700,Amharic,Issoudun,France,1234567,,250,130,France,HFCC
15275000,AM,Media Broadcast GmbH,1830,1915,Arabic,Nauen,Germany,4,,250,150,Germany,HFCC
15280000,AM,Nippon Hoso Kyokai,0700,0950,Japanese,Tokyo Yamata,Japan,1234567,,300,240,Japan,HFCC
15280000,AM,Nippon Hoso Kyokai,0950,1000,Japanese,Tokyo Yamata,Japan,1234567,,300,240,Japan,HFCC
15280000,AM,BBC Worldservice,1500,1530,Arabic,Madagascar,Madagascar,12345,,250,0,Madagascar,HFCC
15280000,AM,Radio Romania International,1530,1600,Arabic,Galbeni,Romania,1234567,,300,245,Romania,HFCC
15285000,AM,Broadcasting Serv. of the Kingdom of Saudi Arabia,0400,0700,Swahili (individual language),Riyadh,Saudi Arabia,1234567,,500,190,Saudi Arabia,HFCC
15285000,AM,Media Broadcast GmbH,1230,1500,Multiple languages,Nauen,Germany,1234567,,250,89,Germany,HFCC
15290000,AM,The Overcomer Ministry,1500,1900,Multiple languages,Sofia,Bulgaria,1234567,,250,126,Bulgaria,HFCC
15295000,AM,BBC Worldservice,1200,1400,English,A'Seela,Oman,1234567,,250,63,Oman,HFCC
15300000,AM,Radio France Internationale,0400,0500,French,Issoudun,France,1234567,,250,135,France,HFCC
15300000,AM,Radio France Internationale,0500,0600,French,Issoudun,France,1234567,,250,145,France,HFCC
15300000,AM,Radio France Internationale,0600,0700,French,Issoudun,France,1234567,,250,160,France,HFCC
15300000,AM,Radio France Internationale,0700,0800,French,Issoudun,France,1234567,,250,180,France,HFCC
15300000,AM,Radio France Internationale,0800,0900,French,Issoudun,France,1234567,,250,200,France,HFCC
15300000,AM,Radio France Internationale,0900,1000,French,Issoudun,France,1234567,,250,204,France,HFCC
15300000,AM,Media Broadcast GmbH,1430,1500,Multiple languages,Nauen,Germany,1234567,,100,153,Germany,HFCC
15300000,AM,Radio France Internationale,1800,1900,French,Issoudun,France,1234567,,250,175,France,HFCC
15300000,AM,Radio France Internationale,1900,2000,French,Issoudun,France,1234567,,250,200,France,HFCC
15310000,AM,BBC Worldservice,0430,0500,Dari,A'Seela,Oman,1234567,,250,63,Oman,HFCC
15310000,AM,BBC Worldservice,0500,0530,Pushto,A'Seela,Oman,1234567,,250,63,Oman,HFCC
15310000,AM,Islamic Republic of Iran Broadcasting,0550,0820,Dari,Sirjan,Iran (Islamic Rep. of),1234567,,500,46,Iran (Islamic Rep. of),HFCC
15310000,AM,Media Broadcast GmbH,0600,0630,Multiple languages,Nauen,Germany,1234567,,125,180,Germany,HFCC
15310000,AM,BBC Worldservice,0830,0930,Dari,A'Seela,Oman,1234567,,250,35,Oman,HFCC
15310000,AM,BBC Worldservice,0930,1030,Pushto,A'Seela,Oman,1234567,,250,35,Oman,HFCC
15310000,AM,BBC Worldservice,1030,1100,Dari,A'Seela,Oman,1234567,,250,35,Oman,HFCC
15310000,AM,BBC Worldservice,1100,1130,Pushto,A'Seela,Oman,1234567,,250,35,Oman,HFCC
15310000,AM,Trans World Radio,1130,1145,English,Duchanbe,Tajikistan,1,,250,95,Tajikistan,HFCC
15310000,AM,Trans World Radio,1145,1245,Mandarin Chinese,Duchanbe,Tajikistan,1,,250,95,Tajikistan,HFCC
15310000,AM,Trans World Radio,1230,1245,Mandarin Chinese,Duchanbe,Tajikistan,23456,,250,95,Tajikistan,HFCC
15310000,AM,Trans World Radio,1245,1300,Huli,Duchanbe,Tajikistan,1234567,,250,95,Tajikistan,HFCC
15310000,AM,Trans World Radio,1300,1330,Mandarin Chinese,Duchanbe,Tajikistan,1,,250,95,Tajikistan,HFCC
15310000,AM,Trans World Radio,1300,1340,Mandarin Chinese,Duchanbe,Tajikistan,23456,,250,95,Tajikistan,HFCC
15310000,AM,Trans World Radio,1300,1345,Mandarin Chinese,Duchanbe,Tajikistan,7,,250,95,Tajikistan,HFCC
15310000,AM,BBC Worldservice,1400,1600,English,A'Seela,Oman,7,,250,225,Oman,HFCC
15310000,AM,Media Broadcast GmbH,1600,1630,Multiple languages,Nauen,Germany,2,,100,150,Germany,HFCC
15310000,AM,Media Broadcast GmbH,1600,1630,Multiple languages,Nauen,Germany,56,,100,150,Germany,HFCC
15310000,AM,Media Broadcast GmbH,1600,1630,Multiple languages,Nauen,Germany,3,,100,150,Germany,HFCC
15310000,AM,Media Broadcast GmbH,1600,1730,Multiple languages,Nauen,Germany,1,,100,150,Germany,HFCC
15310000,AM,Media Broadcast GmbH,1630,1800,Multiple languages,Nauen,Germany,7,,100,150,Germany,HFCC
15310000,AM,Media Broadcast GmbH,1700,1730,Multiple languages,Nauen,Germany,3,,100,150,Germany,HFCC
15310000,AM,Media Broadcast GmbH,1700,1730,Multiple languages,Nauen,Germany,4,,100,150,Germany,HFCC
15310000,AM,Media Broadcast GmbH,1700,1730,Multiple languages,Nauen,Germany,5,,100,150,Germany,HFCC
15315000,AM,Media Broadcast GmbH,1830,1900,Hausa,Issoudun,France,2345,,250,170,France,HFCC
15320000,AM,China National Radio,0400,0430,Chinese,Urumqi,China,1234567,,100,128,China,HFCC
15320000,AM,Turkish Radio-TV Corp,0500,0600,Swahili (macrolanguage),Emirler,Turkey,1234567,,250,180,Turkey,HFCC
15320000,AM,Turkish Radio-TV Corp,0600,0700,Hausa,Emirler,Turkey,1234567,,250,220,Turkey,HFCC
15320000,AM,Radio Romania International,1100,1200,English,Galbeni,Romania,1234567,,300,290,Romania,HFCC
15320000,AM,Radio Romania International,1200,1230,Arabic,Galbeni,Romania,1234567,,300,245,Romania,HFCC
15320000,AM,Turkish Radio-TV Corp,1300,1600,Turkish,Emirler,Turkey,1234567,,250,310,Turkey,HFCC
15325000,AM,Nippon Hoso Kyokai,0400,0900,Japanese,Tokyo Yamata,Japan,1234567,,300,270,Japan,HFCC
15325000,AM,Radio France Internationale,0700,0730,Hausa,Issoudun,France,1234567,,500,170,France,HFCC
15325000,AM,Nippon Hoso Kyokai,0900,1000,Japanese,Tokyo Yamata,Japan,1234567,,300,270,Japan,HFCC
15330000,AM,Radio Romania International,0300,0400,English,Galbeni,Romania,1234567,,300,110,Romania,HFCC
15330000,AM,Radio France Internationale,0730,0800,Fulah,Issoudun,France,1234567,,250,180,France,HFCC
15330000,AM,Far East Broadcasting Company,1115,1145,Mon,Bocaue,Philippines,1234567,,100,278,Philippines,HFCC
15330000,AM,The Overcomer Ministry,1300,1900,Multiple languages,Sofia,Bulgaria,1234567,,250,126,Bulgaria,HFCC
15330000,AM,Nippon Hoso Kyokai,2330,0200,Japanese,Tokyo Yamata,Japan,1234567,,300,270,Japan,HFCC
15335000,AM,China Radio International,0800,0900,Russian,Kashi,China,1234567,,500,308,China,HFCC
15335000,AM,China Radio International,0900,1000,Russian,Kashi,China,1234567,,500,308,China,HFCC
15335000,AM,China Radio International,1200,1300,Russian,Shijiazhuang,China,1234567,,500,315,China,HFCC
15340000,AM,United States Agency for Global Media (USAGM),0000,0100,Mandarin Chinese,Tinang 1,Philippines,1234567,,250,332,Philippines,HFCC
15340000,AM,Islamic Republic of Iran Broadcasting,0420,0550,Turkish,Sirjan,Iran (Islamic Rep. of),1234567,,500,310,Iran (Islamic Rep. of),HFCC
15340000,AM,Islamic Republic of Iran Broadcasting,0550,0650,Hausa,Sirjan,Iran (Islamic Rep. of),1234567,,500,257,Iran (Islamic Rep. of),HFCC
15340000,AM,Radio Romania International,1300,1500,Romanian,Galbeni,Romania,1234567,,300,285,Romania,HFCC
15350000,AM,China Radio International,0300,0400,Hindi,Kashi,China,1234567,,100,174,China,HFCC
15350000,AM,China Radio International,0400,0500,Hakka Chinese,Kashi,China,1234567,,100,174,China,HFCC
15350000,AM,China Radio International,0500,0600,English,Kashi,China,1234567,,100,174,China,HFCC
15350000,AM,China Radio International,0600,0700,English,Kashi,China,1234567,,100,174,China,HFCC
15350000,AM,China Radio International,0700,0900,English,Kashi,China,1234567,,100,174,China,HFCC
15350000,AM,China Radio International,0900,1000,English,Kashi,China,1234567,,100,174,China,HFCC
15350000,AM,China Radio International,1000,1100,English,Kashi,China,1234567,,100,174,China,HFCC
15350000,AM,Turkish Radio-TV Corp,1130,1230,German,Emirler,Turkey,1234567,,250,310,Turkey,HFCC
15350000,AM,Media Broadcast GmbH,1325,1530,Hausa,Issoudun,France,7,,500,175,France,HFCC
15350000,AM,Radio Exterior de Espana,1400,2400,Spanish,Noblejas,Spain,1234567,,200,161,Spain,HFCC
15350000,AM,Media Broadcast GmbH,1630,1700,Multiple languages,Issoudun,France,1234567,,100,135,France,HFCC
15360000,AM,Abu Dhabi Media Company,0400,0700,Urdu,Dhabayya,United Arab Emirates,1234567,,250,45,United Arab Emirates,HFCC
15360000,AM,Radio Exterior de Espana,1400,1900,Spanish,Noblejas,Spain,1234567,,200,161,Spain,HFCC
15360000,AM,Radio Romania International,1530,1600,Arabic,Tiganesti,Romania,1234567,,300,142,Romania,HFCC
15360000,AM,"Adventist Broadcasting Service, Inc.",1630,1700,Pushto,"Agat, Guam",United States,246,,100,300,United States,HFCC
15360000,AM,"Adventist Broadcasting Service, Inc.",1630,1700,Sindhi,"Agat, Guam",United States,1357,,100,300,United States,HFCC
15365000,AM,Turkish Radio-TV Corp,0600,1300,Turkish,Emirler,Turkey,1234567,,250,310,Turkey,HFCC
15370000,AM,China National Radio,2330,1100,Chinese,Shijiazhuang,China,1234567,,100,217,China,HFCC
15380000,AM,Broadcasting Serv. of the Kingdom of Saudi Arabia,0600,0900,Arabic,Riyadh,Saudi Arabia,1234567,,500,310,Saudi Arabia,HFCC
15380000,AM,Islamic Republic of Iran Broadcasting,1130,1430,Arabic,Sirjan,Iran (Islamic Rep. of),1234567,,500,216,Iran (Islamic Rep. of),HFCC
15380000,AM,Broadcasting Serv. of the Kingdom of Saudi Arabia,1200,1400,Arabic,Riyadh,Saudi Arabia,1234567,,500,310,Saudi Arabia,HFCC
15380000,AM,China National Radio,2300,1100,Chinese,Beijing,China,1234567,,100,251,China,HFCC
15385000,AM,Broadcasting Serv. of the Kingdom of Saudi Arabia,1400,1600,French,Jeddah,Saudi Arabia,1234567,,250,310,Saudi Arabia,HFCC
15385000,AM,Radio Exterior de Espana,1400,2400,Spanish,Noblejas,Spain,1234567,,200,161,Spain,HFCC
15390000,AM,Radio Russia,1100,1400,Russian,Moskva,Russia,1234567,,250,100,Russia,HFCC
15390000,AM,Media Broadcast GmbH,1400,1430,Dari,Nauen,Germany,1234567,,250,96,Germany,HFCC
15390000,AM,Radio Exterior de Espana,1400,2400,Spanish,Noblejas,Spain,1234567,,200,161,Spain,HFCC
15390000,AM,Media Broadcast GmbH,1430,1500,Pushto,Nauen,Germany,1234567,,250,96,Germany,HFCC
15390000,AM,China National Radio,2355,1100,Uighur,Lingshi,China,1234567,,100,298,China,HFCC
15400000,AM,BBC Worldservice,0500,0600,Kinyarwanda,Madagascar,Madagascar,7,,250,315,Madagascar,HFCC
15400000,AM,BBC Worldservice,0529,0600,Kinyarwanda,Madagascar,Madagascar,1,,250,315,Madagascar,HFCC
15400000,AM,Abu Dhabi Media Company,0529,0600,Hausa,Dhabayya,United Arab Emirates,1234567,,250,260,United Arab Emirates,HFCC
15400000,AM,"Adventist Broadcasting Service, Inc.",1000,1100,Mandarin Chinese,"Agat, Guam",United States,1234567,,100,300,United States,HFCC
15400000,AM,"Adventist Broadcasting Service, Inc.",1100,1200,Mandarin Chinese,"Agat, Guam",United States,1234567,,100,300,United States,HFCC
15400000,AM,HCJB Australia,1225,1230,Hindi,Kununurra WA,Australia,1234567,,75,310,Australia,HFCC
15400000,AM,HCJB Australia,1230,1400,Hindi,Kununurra WA,Australia,1234567,,75,310,Australia,HFCC
15400000,AM,The Overcomer Ministry,1500,1800,Multiple languages,Sofia,Bulgaria,1234567,,250,210,Bulgaria,HFCC
15400000,AM,BBC Worldservice,1800,1900,English,Ascension,United Kingdom,23456,,125,27,United Kingdom,HFCC
15400000,AM,BBC Worldservice,1930,2000,Hausa,Woofferton,United Kingdom,123457,,125,165,United Kingdom,HFCC
15400000,AM,BBC Worldservice,1930,2030,Hausa,Woofferton,United Kingdom,6,,125,165,United Kingdom,HFCC
15410000,AM,All India Radio,0145,0315,Nepali,Bangalore,India,1234567,,250,35,India,HFCC
15410000,AM,All India Radio,0315,0415,Burmese,Bangalore,India,1234567,,250,90,India,HFCC
15410000,AM,Radio Romania International,0630,0700,Arabic,Galbeni,Romania,1234567,,300,245,Romania,HFCC
15410000,AM,Radio Romania International,0800,0900,Romanian,Galbeni,Romania,1,,300,165,Romania,HFCC
15410000,AM,All India Radio,0900,1030,Nepali,Bangalore,India,1234567,,250,35,India,HFCC
15410000,AM,All India Radio,1030,1200,Chinese,Bangalore,India,1234567,,250,60,India,HFCC
15410000,AM,All India Radio,1215,1315,Swahili (macrolanguage),Bangalore,India,1234567,,250,240,India,HFCC
15410000,AM,China Radio International,1400,1500,Standard Chinese,Kashi,China,1234567,,500,308,China,HFCC
15410000,AM,All India Radio,2345,0115,Chinese,Bangalore,India,1234567,,250,60,India,HFCC
15420000,AM,Abu Dhabi Media Company,0600,0800,English,Dhabayya,United Arab Emirates,1234567,,250,220,United Arab Emirates,HFCC
15420000,AM,Radio France Internationale,0700,0730,Mandingo,Issoudun,France,1234567,,250,198,France,HFCC
15420000,AM,Far East Broadcasting Company,0930,1000,Minangkabau,Bocaue,Philippines,1234567,,100,245,Philippines,HFCC
15420000,AM,Abu Dhabi Media Company,1100,1130,Somali,Dhabayya,United Arab Emirates,1234567,,250,210,United Arab Emirates,HFCC
15420000,AM,Abu Dhabi Media Company,1330,1400,Somali,Dhabayya,United Arab Emirates,7,,250,220,United Arab Emirates,HFCC
15420000,AM,BBC Worldservice,1400,1500,Somali,Madagascar,Madagascar,23456,,250,0,Madagascar,HFCC
15420000,AM,Media Broadcast GmbH,1700,1730,Multiple languages,Nauen,Germany,246,,100,144,Germany,HFCC
15420000,AM,Media Broadcast GmbH,1730,1800,Multiple languages,Nauen,Germany,246,,100,144,Germany,HFCC
15420000,AM,Encompass Digital Media Services,1800,1900,Kanuri,Woofferton,United Kingdom,1234567,,300,158,United Kingdom,HFCC
15420000,AM,Radio Romania International,2030,2100,English,Tiganesti,Romania,1234567,,300,307,Romania,HFCC
15425000,AM,China Radio International,0100,0200,Min Nan Chinese,Xian,China,1234567,,500,190,China,HFCC
15425000,AM,China Radio International,0200,0300,Min Nan Chinese,Xian,China,1234567,,500,190,China,HFCC
15425000,AM,"ANTI, Milano",1500,1530,Oromo,"Milano, Italy",Italy,23467,,300,135,Italy,HFCC
15430000,AM,Islamic Republic of Iran Broadcasting,0450,0550,Swahili (macrolanguage),Sirjan,Iran (Islamic Rep. of),1234567,,500,216,Iran (Islamic Rep. of),HFCC
15430000,AM,Islamic Republic of Iran Broadcasting,0550,0650,Hausa,Sirjan,Iran (Islamic Rep. of),1234567,,500,257,Iran (Islamic Rep. of),HFCC
15430000,AM,Islamic Republic of Iran Broadcasting,0600,0830,Arabic,Sirjan,Iran (Islamic Rep. of),1234567,,500,198,Iran (Islamic Rep. of),HFCC
15430000,AM,Islamic Republic of Iran Broadcasting,0830,1030,Arabic,Sirjan,Iran (Islamic Rep. of),1234567,,500,282,Iran (Islamic Rep. of),HFCC
15430000,AM,"Adventist Broadcasting Service, Inc.",1000,1100,Mandarin Chinese,"Agat, Guam",United States,1234567,,100,315,United States,HFCC
15430000,AM,Islamic Republic of Iran Broadcasting,1020,1150,Hausa,Sirjan,Iran (Islamic Rep. of),1234567,,500,257,Iran (Islamic Rep. of),HFCC
15430000,AM,Islamic Republic of Iran Broadcasting,1150,1220,Hebrew,Sirjan,Iran (Islamic Rep. of),1234567,,500,295,Iran (Islamic Rep. of),HFCC
15430000,AM,"Adventist Broadcasting Service, Inc.",1300,1330,Bengali,"Agat, Guam",United States,1234567,,100,285,United States,HFCC
15430000,AM,Media Broadcast GmbH,2000,2100,Multiple languages,Nauen,Germany,135,,100,200,Germany,HFCC
15435000,AM,Far East Broadcasting Company,0000,0100,Multiple languages,Bocaue,Philippines,1234567,,100,305,Philippines,HFCC
15435000,AM,Far East Broadcasting Company,0100,0130,S'gaw Karen,Bocaue,Philippines,23456,,100,293,Philippines,HFCC
15435000,AM,China Radio International,0200,0230,Pushto,Xian,China,1234567,,500,292,China,HFCC
15435000,AM,China Radio International,0300,0400,Russian,Urumqi,China,1234567,,500,270,China,HFCC
15435000,AM,Broadcasting Serv. of the Kingdom of Saudi Arabia,1500,1800,Arabic,Riyadh,Saudi Arabia,1234567,,500,320,Saudi Arabia,HFCC
15440000,AM,Islamic Republic of Iran Broadcasting,0920,1250,Dari,Sirjan,Iran (Islamic Rep. of),1234567,,500,46,Iran (Islamic Rep. of),HFCC
15440000,AM,"Adventist Broadcasting Service, Inc.",1400,1430,Mandarin Chinese,"Agat, Guam",United States,1234567,,100,315,United States,HFCC
15440000,AM,Adventist World Radio,1730,1800,Oromo,Nauen,Germany,1234567,,250,142,Germany,HFCC
15440000,AM,Adventist World Radio,1800,1830,Tigrinya,Nauen,Germany,1234567,,250,142,Germany,HFCC
15440000,AM,Adventist World Radio,1830,1900,Amharic,Nauen,Germany,1234567,,250,142,Germany,HFCC
15440000,AM,Adventist World Radio,1900,1930,Hausa,Nauen,Germany,1234567,,250,182,Germany,HFCC
15440000,AM,Adventist World Radio,1930,2000,Igbo,Nauen,Germany,1234567,,250,186,Germany,HFCC
15440000,AM,Adventist World Radio,2000,2030,Yoruba,Nauen,Germany,1234567,,250,182,Germany,HFCC
15445000,AM,China Radio International,0400,0500,Russian,Kashi,China,1234567,,500,308,China,HFCC
15445000,AM,China Radio International,0500,0600,Russian,Kashi,China,1234567,,500,308,China,HFCC
15445000,AM,China Radio International,0800,0900,Standard Chinese,Kunming,China,1234567,,150,135,China,HFCC
15450000,AM,Far East Broadcasting Company,0030,0100,Multiple languages,Bocaue,Philippines,167,,100,293,Philippines,HFCC
15450000,AM,Far East Broadcasting Company,0900,0930,Khams Tibetan,Bocaue,Philippines,1234567,,100,305,Philippines,HFCC
15450000,AM,Far East Broadcasting Company,0930,1000,Peripheral Mongolian,Iba,Philippines,1234567,,100,330,Philippines,HFCC
15450000,AM,Far East Broadcasting Company,1100,1115,Rakhine,Bocaue,Philippines,167,,100,293,Philippines,HFCC
15450000,AM,Far East Broadcasting Company,1400,1430,S'gaw Karen,Bocaue,Philippines,23456,,100,293,Philippines,HFCC
15450000,AM,Trans World Radio,1530,1600,Urdu,Madagascar,Madagascar,1234567,,250,35,Madagascar,HFCC
15450000,AM,Far East Broadcasting Company,2330,0030,Burmese,Bocaue,Philippines,1234567,,100,293,Philippines,HFCC
15455000,AM,Media Broadcast GmbH,0500,0800,Multiple languages,Erevan,Armenia,1234567,,300,245,Armenia,HFCC
15460000,AM,China Radio International,0200,0300,Standard Chinese,Kunming,China,1234567,,150,135,China,HFCC
15460000,AM,TDF (France),0900,1000,French,Issoudun,France,1234567,,100,232,France,HFCC
15460000,AM,HCJB Australia,1055,1100,Japanese,Kununurra WA,Australia,17,,75,5,Australia,HFCC
15460000,AM,HCJB Australia,1100,1130,Japanese,Kununurra WA,Australia,17,,75,5,Australia,HFCC
15460000,AM,HCJB Australia,1130,1200,Japanese,Kununurra WA,Australia,1234567,,75,5,Australia,HFCC
15460000,AM,HCJB Australia,1255,1300,Dzongkha,Kununurra WA,Australia,1234567,,75,310,Australia,HFCC
15460000,AM,HCJB Australia,1300,1330,Dzongkha,Kununurra WA,Australia,1234567,,75,310,Australia,HFCC
15460000,AM,Turkish Radio-TV Corp,1400,1500,Arabic,Emirler,Turkey,1234567,,250,272,Turkey,HFCC
15465000,AM,China Radio International,0500,0600,English,Kashi,China,1234567,,100,209,China,HFCC
15465000,AM,China Radio International,0600,0700,English,Kashi,China,1234567,,100,209,China,HFCC
15465000,AM,China Radio International,0700,0900,English,Kashi,China,1234567,,100,209,China,HFCC
15470000,AM,Islamic Republic of Iran Broadcasting,0920,1250,Dari,Sirjan,Iran (Islamic Rep. of),1234567,,500,46,Iran (Islamic Rep. of),HFCC
15470000,AM,Broadcasting Serv. of the Kingdom of Saudi Arabia,1000,1300,English,Riyadh,Saudi Arabia,1234567,,500,250,Saudi Arabia,HFCC
15470000,AM,Broadcasting Serv. of the Kingdom of Saudi Arabia,1600,1800,Bambara,Riyadh,Saudi Arabia,1234567,,500,250,Saudi Arabia,HFCC
15475000,AM,Encompass Digital Media Services,1300,1330,Korean,Tashkent,Ouzbékistan,1234567,,100,68,Ouzbékistan,HFCC
15475000,AM,Encompass Digital Media Services,1330,1357,Japanese,Tashkent,Ouzbékistan,1234567,,100,68,Ouzbékistan,HFCC
15475000,AM,Media Broadcast GmbH,1600,1830,Multiple languages,Nauen,Germany,1234567,,100,150,Germany,HFCC
15480000,AM,China National Radio,2300,1300,Chinese,Beijing,China,1234567,,100,222,China,HFCC
15490000,AM,Abu Dhabi Media Company,0400,0430,Somali,Dhabayya,United Arab Emirates,1234567,,250,220,United Arab Emirates,HFCC
15490000,AM,BBC Worldservice,0500,0600,English,Woofferton,United Kingdom,1234567,,125,152,United Kingdom,HFCC
15490000,AM,BBC Worldservice,0700,0729,French,Ascension,United Kingdom,1234567,,125,65,United Kingdom,HFCC
15490000,AM,Broadcasting Serv. of the Kingdom of Saudi Arabia,0900,1200,Arabic,Riyadh,Saudi Arabia,1234567,,500,310,Saudi Arabia,HFCC
15490000,AM,BBC Worldservice,1200,1230,French,Woofferton,United Kingdom,1234567,,250,180,United Kingdom,HFCC
15490000,AM,Vatican Radio,1430,1450,Hindi,S. Maria di Galeria,Vatican,1234567,,250,80,Vatican,HFCC
15490000,AM,Vatican Radio,1450,1510,Tamil,S. Maria di Galeria,Vatican,1234567,,250,80,Vatican,HFCC
15490000,AM,Vatican Radio,1510,1530,Malayalam,S. Maria di Galeria,Vatican,1234567,,250,80,Vatican,HFCC
15490000,AM,BBC Worldservice,1800,1830,French,Ascension,United Kingdom,1234567,,125,27,United Kingdom,HFCC
15500000,AM,China National Radio,0300,0900,Kazakh,Fuzhou,China,1234567,,100,357,China,HFCC
15500000,AM,"Adventist Broadcasting Service, Inc.",1100,1130,Indonesian,"Agat, Guam",United States,1234567,,100,255,United States,HFCC
15500000,AM,"Adventist Broadcasting Service, Inc.",1130,1200,Javanese,"Agat, Guam",United States,246,,100,255,United States,HFCC
15500000,AM,"Adventist Broadcasting Service, Inc.",1130,1200,Sundanese,"Agat, Guam",United States,1357,,100,255,United States,HFCC
15500000,AM,Radio Exterior de Espana,1400,2200,Spanish,Noblejas,Spain,17,,200,290,Spain,HFCC
15500000,AM,Radio Exterior de Espana,1500,1900,Spanish,Noblejas,Spain,17,,200,110,Spain,HFCC
15500000,AM,Radio Exterior de Espana,1800,0200,Spanish,Noblejas,Spain,23456,,200,290,Spain,HFCC
15500000,AM,Radio Exterior de Espana,1800,2200,Spanish,Noblejas,Spain,23456,,200,110,Spain,HFCC
15505000,AM,Encompass Digital Media Services,0600,0700,Kanuri,Woofferton,United Kingdom,1234567,,250,152,United Kingdom,HFCC
15505000,AM,"Adventist Broadcasting Service, Inc.",1200,1230,Rakhine,"Agat, Guam",United States,1234567,,100,285,United States,HFCC
15505000,AM,"Adventist Broadcasting Service, Inc.",1230,1300,KamayurÃ¡,"Agat, Guam",United States,1234567,,100,285,United States,HFCC
15505000,AM,"Adventist Broadcasting Service, Inc.",1330,1400,Lisu,"Agat, Guam",United States,1234567,,100,285,United States,HFCC
15505000,AM,"Adventist Broadcasting Service, Inc.",1400,1430,Asho Chin,"Agat, Guam",United States,1234567,,100,285,United States,HFCC
15505000,AM,"Adventist Broadcasting Service, Inc.",1430,1500,Burmese,"Agat, Guam",United States,1234567,,100,285,United States,HFCC
15510000,AM,Radio Romania International,0500,0530,French,Tiganesti,Romania,1234567,,300,187,Romania,HFCC
15515000,AM,Ministry of Information - State of Kuwait,0500,0900,Arabic,KABD,Kuwait,1234567,,250,0,Kuwait,HFCC
15515000,AM,For new organization,0900,1400,English,Sofia,Bulgaria,1234567,,50,306,Bulgaria,HFCC
15515000,AM,Far East Broadcasting Company,1000,1600,Mandarin Chinese,Bocaue,Philippines,1234567,,100,345,Philippines,HFCC
15515000,AM,For new organization,1500,2200,English,Sofia,Bulgaria,1234567,,50,306,Bulgaria,HFCC
15520000,AM,Radio Romania International,0800,0900,Romanian,Tiganesti,Romania,1,,300,142,Romania,HFCC
15520000,AM,Radio Exterior de Espana,1500,2300,Spanish,Noblejas,Spain,23456,,200,110,Spain,HFCC
15525000,AM,Radio Russia,0000,0400,Russian / Turkana,Armavir,Russia,1234567,,100,104,Russia,HFCC
15525000,AM,China Radio International,0900,1100,Standard Chinese,Urumqi,China,1234567,,500,212,China,HFCC
15530000,AM,Ministry of Information - State of Kuwait,0500,0800,English,KABD,Kuwait,1234567,,250,0,Kuwait,HFCC
15530000,AM,"Adventist Broadcasting Service, Inc.",1130,1200,Shan,"Agat, Guam",United States,1234567,,100,285,United States,HFCC
15530000,AM,"Adventist Broadcasting Service, Inc.",1200,1230,Mandarin Chinese,"Agat, Guam",United States,67,,100,300,United States,HFCC
15530000,AM,"Adventist Broadcasting Service, Inc.",1200,1230,Min Nan Chinese,"Agat, Guam",United States,12345,,100,300,United States,HFCC
15530000,AM,"Adventist Broadcasting Service, Inc.",1230,1300,Mandarin Chinese,"Agat, Guam",United States,6,,100,300,United States,HFCC
15530000,AM,"Adventist Broadcasting Service, Inc.",1230,1300,Cantonese,"Agat, Guam",United States,123457,,100,300,United States,HFCC
15530000,AM,"Adventist Broadcasting Service, Inc.",1300,1330,Kachin,"Agat, Guam",United States,1234567,,100,285,United States,HFCC
15530000,AM,Radio Romania International,1300,1400,Russian,Tiganesti,Romania,1234567,,300,52,Romania,HFCC
15530000,AM,"Adventist Broadcasting Service, Inc.",1400,1430,Manumanaw Karen,"Agat, Guam",United States,1234567,,100,285,United States,HFCC
15530000,AM,"Adventist Broadcasting Service, Inc.",1430,1500,Manumanaw Karen,"Agat, Guam",United States,1234567,,100,285,United States,HFCC
15530000,AM,"Adventist Broadcasting Service, Inc.",1500,1530,Tamil,"Agat, Guam",United States,1234567,,100,285,United States,HFCC
15540000,AM,China National Radio,0100,1100,Chinese,Lingshi,China,1234567,,100,286,China,HFCC
15540000,AM,HCJB Australia,1255,1300,Dzongkha,Kununurra WA,Australia,1234567,,75,310,Australia,HFCC
15540000,AM,HCJB Australia,1300,1330,Dzongkha,Kununurra WA,Australia,1234567,,75,310,Australia,HFCC
15540000,AM,Far East Broadcasting Company,1430,1500,Uighur,Bocaue,Philippines,1234567,,100,323,Philippines,HFCC
15540000,AM,Ministry of Information - State of Kuwait,1600,1800,Urdu,KABD,Kuwait,1234567,,250,0,Kuwait,HFCC
15540000,AM,Ministry of Information - State of Kuwait,1800,2100,English,KABD,Kuwait,1234567,,250,0,Kuwait,HFCC
15550000,AM,China National Radio,0000,1100,Chinese,Huhhot,China,1234567,,100,175,China,HFCC
15550000,AM,Islamic Republic of Iran Broadcasting,1020,1150,Hausa,Sirjan,Iran (Islamic Rep. of),1234567,,500,257,Iran (Islamic Rep. of),HFCC
15550000,AM,"Adventist Broadcasting Service, Inc.",1330,1400,Assamese,"Agat, Guam",United States,14,,100,285,United States,HFCC
15550000,AM,Joode Radiocommunications Consultancy (The Netherl,1700,1800,Sudanese Arabic,S. Maria di Galeria,Vatican,1234567,,250,144,Vatican,HFCC
15555000,AM,China Radio International,1200,1300,English,Xian,China,1234567,,500,292,China,HFCC
15555000,AM,Hill Radio International,1400,2200,English,"Milton, FL",United States,1234567,,50,5,United States,HFCC
15560000,AM,Far East Broadcasting Company,0100,0130,Javanese,Bocaue,Philippines,1234567,,100,200,Philippines,HFCC
15560000,AM,China Radio International,0800,0900,Standard Chinese,Xian,China,1234567,,500,292,China,HFCC
15560000,AM,China Radio International,0900,1000,Standard Chinese,Xian,China,1234567,,500,292,China,HFCC
15560000,AM,Islamic Republic of Iran Broadcasting,1020,1150,Hausa,Sirjan,Iran (Islamic Rep. of),1234567,,500,257,Iran (Islamic Rep. of),HFCC
15565000,AM,Vatican Radio,0700,0930,Portuguese,S. Maria di Galeria,Vatican,1234567,,250,162,Vatican,HFCC
15565000,AM,Vatican Radio,1530,1600,Amharic,S. Maria di Galeria,Vatican,1234567,,250,140,Vatican,HFCC
15565000,AM,Vatican Radio,1600,1615,Swahili (macrolanguage),S. Maria di Galeria,Vatican,7,,250,138,Vatican,HFCC
15565000,AM,Vatican Radio,1600,1630,Swahili (macrolanguage),S. Maria di Galeria,Vatican,123456,,250,147,Vatican,HFCC
15565000,AM,Vatican Radio,1615,1630,Somali,S. Maria di Galeria,Vatican,7,,250,138,Vatican,HFCC
15565000,AM,Vatican Radio,1630,1700,English,S. Maria di Galeria,Vatican,1234567,,250,147,Vatican,HFCC
15565000,AM,Vatican Radio,1700,1730,French,S. Maria di Galeria,Vatican,1234567,,250,175,Vatican,HFCC
15565000,AM,Vatican Radio,1730,1800,Tigrinya,S. Maria di Galeria,Vatican,1234567,,250,140,Vatican,HFCC
15565000,AM,Vatican Radio,1800,1830,Portuguese,S. Maria di Galeria,Vatican,1234567,,250,162,Vatican,HFCC
15570000,AM,China National Radio,0000,1300,Tibetan,Baoji,China,1234567,,100,255,China,HFCC
15575000,AM,Korean Broadcasting System,0000,0300,Spanish,Kimjae,Korea (Rep. of),1234567,,250,40,Korea (Rep. of),HFCC
15575000,AM,Korean Broadcasting System,1300,1400,English,Kimjae,Korea (Rep. of),1234567,,250,40,Korea (Rep. of),HFCC
15575000,AM,Korean Broadcasting System,1400,1500,Korean,Kimjae,Korea (Rep. of),1234567,,250,40,Korea (Rep. of),HFCC
15575000,AM,Broadcasting Serv. of the Kingdom of Saudi Arabia,1400,1600,Pushto,Riyadh,Saudi Arabia,1234567,,500,55,Saudi Arabia,HFCC
15575000,AM,Korean Broadcasting System,1600,2200,English,Kimjae,Korea (Rep. of),1234567,,250,290,Korea (Rep. of),HFCC
15575000,AM,Korean Broadcasting System,2200,2400,English,Kimjae,Korea (Rep. of),1234567,,100,40,Korea (Rep. of),HFCC
15575000,AM,Korean Broadcasting System,2300,2400,English,Kimjae,Korea (Rep. of),1234567,,100,0,Korea (Rep. of),HFCC
15580000,AM,Far East Broadcasting Company,0900,1000,Multiple languages,Bocaue,Philippines,1234567,,100,185,Philippines,HFCC
15580000,AM,Far East Broadcasting Company,1000,1100,Multiple languages,Bocaue,Philippines,1234567,,100,215,Philippines,HFCC
15585000,AM,Radio Russia,2200,0100,Russian,Petropavlo Kam.,Russia,1234567,,200,247,Russia,HFCC
15590000,AM,China Radio International,0300,0400,Standard Chinese,Kunming,China,1234567,,150,135,China,HFCC
15590000,AM,Nippon Hoso Kyokai,1000,1200,Japanese,Tokyo Yamata,Japan,1234567,,300,270,Japan,HFCC
15590000,AM,China Radio International,1200,1300,English,Urumqi,China,1234567,,500,308,China,HFCC
15590000,AM,China Radio International,1300,1400,English,Urumqi,China,1234567,,500,308,China,HFCC
15590000,AM,China Radio International,1400,1500,English,Urumqi,China,1234567,,500,308,China,HFCC
15590000,AM,"WRNO Worldwide, Inc.",1600,2200,English,"New Orleans, LA",United States,1234567,,50,20,United States,HFCC
15595000,AM,Vatican Radio,0500,0600,Italian,S. Maria di Galeria,Vatican,1234567,,100,110,Vatican,HFCC
15595000,AM,Vatican Radio,0600,0610,Italian,S. Maria di Galeria,Vatican,234567,,250,110,Vatican,HFCC
15595000,AM,Vatican Radio,0610,0630,Arabic,S. Maria di Galeria,Vatican,234567,,250,110,Vatican,HFCC
15595000,AM,Vatican Radio,0630,0645,French,S. Maria di Galeria,Vatican,234567,,250,110,Vatican,HFCC
15595000,AM,Vatican Radio,0830,0950,Arabic,S. Maria di Galeria,Vatican,1,,250,110,Vatican,HFCC
15595000,AM,Vatican Radio,0830,0950,Russian,S. Maria di Galeria,Vatican,1,,250,41,Vatican,HFCC
15595000,AM,Vatican Radio,0830,0950,Amharic,S. Maria di Galeria,Vatican,1,,250,113,Vatican,HFCC
15595000,AM,Vatican Radio,0830,0950,Armenian,S. Maria di Galeria,Vatican,1,,250,90,Vatican,HFCC
15595000,AM,Vatican Radio,1130,1200,English,S. Maria di Galeria,Vatican,6,,250,106,Vatican,HFCC
15595000,AM,Vatican Radio,1530,1600,Arabic,S. Maria di Galeria,Vatican,1234567,,250,100,Vatican,HFCC
15595000,AM,Vatican Radio,1600,1615,French,S. Maria di Galeria,Vatican,1234567,,250,116,Vatican,HFCC
15595000,AM,Vatican Radio,1615,1630,English,S. Maria di Galeria,Vatican,1234567,,250,116,Vatican,HFCC
15595000,AM,Vatican Radio,1840,1900,Latin,S. Maria di Galeria,Vatican,1234567,,250,110,Vatican,HFCC
15600000,AM,For new organization,0200,0800,Multiple languages,Sofia,Bulgaria,1234567,,50,306,Bulgaria,HFCC
15600000,AM,"Adventist Broadcasting Service, Inc.",1230,1300,Uighur,"Agat, Guam",United States,17,,100,315,United States,HFCC
15600000,AM,"Adventist Broadcasting Service, Inc.",1300,1400,Mandarin Chinese,"Agat, Guam",United States,1234567,,100,315,United States,HFCC
15600000,AM,For new organization,1700,2200,Multiple languages,Sofia,Bulgaria,1234567,,50,306,Bulgaria,HFCC
15610000,AM,"Eternal Word Television Network, Inc.",0000,0600,English,"Vandiver, AL",United States,1234567,,250,85,United States,HFCC
15610000,AM,United States Agency for Global Media (USAGM),0600,1400,English,Moepeng Hill,Botswana,36,,100,350,Botswana,HFCC
15610000,AM,"Eternal Word Television Network, Inc.",1900,2400,English,"Vandiver, AL",United States,1234567,,250,85,United States,HFCC
15620000,AM,Ministry of Information - State of Kuwait,0200,0800,Arabic,KABD,Kuwait,1234567,,250,0,Kuwait,HFCC
15620000,AM,Islamic Republic of Iran Broadcasting,0920,1250,Dari,Sirjan,Iran (Islamic Rep. of),1234567,,500,46,Iran (Islamic Rep. of),HFCC
15620000,AM,Far East Broadcasting Company,1400,1430,Javanese,Bocaue,Philippines,1234567,,100,200,Philippines,HFCC
15620000,AM,Media Broadcast GmbH,1800,2000,Multiple languages,Nauen,Germany,7,,125,300,Germany,HFCC
15625000,AM,"Adventist Broadcasting Service, Inc.",2100,2200,Mandarin Chinese,"Agat, Guam",United States,1234567,,100,315,United States,HFCC
15625000,AM,"Adventist Broadcasting Service, Inc.",2200,2300,Mandarin Chinese,"Agat, Guam",United States,1234567,,100,330,United States,HFCC
15630000,AM,China National Radio,0000,1100,Tibetan,Dongfang,China,1234567,,150,310,China,HFCC
15630000,AM,Trans World Radio,1100,1200,Korean,Tashkent,Ouzbékistan,123456,,100,66,Ouzbékistan,HFCC
15630000,AM,"Adventist Broadcasting Service, Inc.",1200,1230,Mon,"Agat, Guam",United States,1234567,,100,285,United States,HFCC
15630000,AM,"Adventist Broadcasting Service, Inc.",1300,1330,Ngaju,"Agat, Guam",United States,1234567,,100,255,United States,HFCC
15640000,AM,Nippon Hoso Kyokai,0000,0100,Japanese,Tokyo Yamata,Japan,1234567,,300,305,Japan,HFCC
15640000,AM,Philippines Broadcasting Service,0200,0330,Filipino,Tinang 1,Philippines,1234567,,250,270,Philippines,HFCC
15640000,AM,China Radio International,0400,0500,Standard Chinese,Kunming,China,1234567,,150,135,China,HFCC
15640000,AM,Radio Russia,1000,1200,Russian,Irkutsk,Russia,1234567,,15,224,Russia,HFCC
15650000,AM,"HFCC, Intl. Radio for Disaster Relief project",0000,2400,Undetermined,S. Maria di Galeria,Vatican,1234567,,100,0,Vatican,HFCC
15660000,AM,China Radio International,1100,1300,English,Kashi,China,1234567,,100,173,China,HFCC
15660000,AM,United States Agency for Global Media (USAGM),1330,1630,Dari,Kuwait,Kuwait,1234567,,250,70,Kuwait,HFCC
15665000,AM,China Radio International,0400,0500,Russian,Urumqi,China,1234567,,500,308,China,HFCC
15665000,AM,China Radio International,0500,0600,Russian,Urumqi,China,1234567,,500,308,China,HFCC
15665000,AM,China Radio International,0800,0900,Russian,Urumqi,China,1234567,,500,308,China,HFCC
15665000,AM,China Radio International,0900,1000,Russian,Urumqi,China,1234567,,500,308,China,HFCC
15670000,AM,China Radio International,0100,0200,Standard Chinese,Kunming,China,1234567,,150,135,China,HFCC
15670000,AM,China Radio International,0600,0700,Standard Chinese,Kunming,China,1234567,,150,135,China,HFCC
15670000,AM,China Radio International,0700,0730,Standard Chinese,Kunming,China,1234567,,150,135,China,HFCC
15670000,AM,Radio Russia,1100,1500,Russian,Novosibirsk,Russia,1234567,,250,145,Russia,HFCC
15675000,AM,Broadcasting Serv. of the Kingdom of Saudi Arabia,0600,0900,Arabic,Jeddah,Saudi Arabia,1234567,,250,300,Saudi Arabia,HFCC
15680000,AM,Republic of Palau,0000,1500,English,Rep. of Palau,United States,1234567,,100,270,United States,HFCC
15680000,AM,Radio Romania International,0700,0800,Romanian,Tiganesti,Romania,1,,300,142,Romania,HFCC
15680000,AM,"Adventist Broadcasting Service, Inc.",1530,1600,Kannada,"Agat, Guam",United States,1234567,,100,285,United States,HFCC
15680000,AM,"Adventist Broadcasting Service, Inc.",1600,1630,Telugu,"Agat, Guam",United States,1234567,,100,285,United States,HFCC
15690000,AM,Nippon Hoso Kyokai,0500,0700,Japanese,Tokyo Yamata,Japan,1234567,,300,290,Japan,HFCC
15700000,AM,For new organization,0000,2359,English,Sofia,Bulgaria,1234567,,50,90,Bulgaria,HFCC
15700000,AM,World Music Radio,0000,2359,Multiple languages,Randers,Denmark,1234567,,4,180,Denmark,HFCC
15710000,AM,China National Radio,0100,0900,Chinese,Beijing,China,1234567,,100,163,China,HFCC
15710000,AM,Radio Romania International,0630,0700,Arabic,Tiganesti,Romania,1234567,,300,142,Romania,HFCC
15710000,AM,"Adventist Broadcasting Service, Inc.",1400,1500,Mandarin Chinese,"Agat, Guam",United States,1234567,,100,300,United States,HFCC
15710000,AM,Radio Miami International,1600,1630,Amharic,Issoudun,France,7,,150,106,France,HFCC
15720000,AM,Radio New Zealand,0000,0600,English,Rangitaiki,New Zealand,1234567,,50,325,New Zealand,HFCC
15720000,AM,Radio New Zealand,0000,0600,English,Rangitaiki,New Zealand,1234567,,50,35,New Zealand,HFCC
15720000,AM,China Radio International,0730,0800,Standard Chinese,Kunming,China,1234567,,150,135,China,HFCC
15720000,AM,Turkish Radio-TV Corp,0830,1000,Persian,Emirler,Turkey,1234567,,250,105,Turkey,HFCC
15720000,AM,Radio Russia,1500,1800,Russian,Moskva,Russia,1234567,,500,190,Russia,HFCC
15720000,AM,Radio New Zealand,1845,2400,English,Rangitaiki,New Zealand,1234567,,50,325,New Zealand,HFCC
15720000,AM,Radio New Zealand,1845,2400,English,Rangitaiki,New Zealand,1234567,,50,35,New Zealand,HFCC
15730000,AM,China National Radio,0000,1200,Chinese,Xingyang,China,1234567,,100,262,China,HFCC
15730000,AM,China Radio International,0500,0600,Standard Chinese,Kunming,China,1234567,,150,135,China,HFCC
15740000,AM,China National Radio,1100,1605,Tibetan,Dongfang,China,1234567,,150,310,China,HFCC
15740000,AM,Voice of Russia,2200,0700,Russian,Komsomolsk Amur,Russia,1234567,,20,33,Russia,HFCC
15745000,AM,China National Radio,0000,1200,Chinese,Lingshi,China,1234567,,100,253,China,HFCC
15755000,AM,The Overcomer Ministry,0700,1100,Multiple languages,Sofia,Bulgaria,1234567,,250,156,Bulgaria,HFCC
15755000,AM,The Overcomer Ministry,1100,1700,Multiple languages,Sofia,Bulgaria,1234567,,250,156,Bulgaria,HFCC
15770000,AM,Radio Miami International,0000,2400,Russian / English / Slovak,"Okeechobee, FL",United States,1234567,,100,44,United States,HFCC
15785000,AM,BitExpress (Germany),0000,2400,German,Erlangen,Germany,1234567,,1,0,Germany,HFCC
15785000,AM,China Radio International,0300,0400,English,Xian,China,1234567,,500,354,China,HFCC
15785000,AM,China Radio International,0400,0500,English,Xian,China,1234567,,500,354,China,HFCC
15785000,AM,China Radio International,0500,0600,Standard Chinese,Xian,China,1234567,,500,354,China,HFCC
15785000,AM,China Radio International,0600,0700,Standard Chinese,Xian,China,1234567,,500,354,China,HFCC
15790000,AM,Broadcasting Serv. of the Kingdom of Saudi Arabia,0900,1200,Arabic,Riyadh,Saudi Arabia,1234567,,500,310,Saudi Arabia,HFCC
15795000,AM,"WNQM, Inc.",0900,2200,English,"Nashville, TN",United States,1234567,,100,46,United States,HFCC
15795000,AM,"WNQM, Inc.",0900,2200,English,"Nashville, TN",United States,1234567,,100,46,United States,HFCC
15795000,AM,"WNQM, Inc.",0900,2200,English,"Nashville, TN",United States,1234567,,100,46,United States,HFCC
15795000,AM,Radio Russia,1300,1800,Russian,Irkutsk,Russia,1234567,,240,224,Russia,HFCC
15825000,AM,"WNQM, Inc.",0900,2200,English,"Nashville, TN",United States,1234567,,100,46,United States,HFCC
15825000,AM,"WNQM, Inc.",0900,2200,English,"Nashville, TN",United States,1234567,,100,46,United States,HFCC
15825000,AM,"WNQM, Inc.",0900,2200,English,"Nashville, TN",United States,1234567,,100,46,United States,HFCC
17485000,AM,China Radio International,0500,0700,Arabic,Kashi,China,1234567,,500,269,China,HFCC
17490000,AM,China Radio International,0000,0100,Cantonese,Beijing,China,1234567,,500,193,China,HFCC
17490000,AM,China Radio International,0100,0200,Min Nan Chinese,Beijing,China,1234567,,500,193,China,HFCC
17490000,AM,China Radio International,0200,0300,Min Nan Chinese,Beijing,China,1234567,,500,193,China,HFCC
17490000,AM,China Radio International,0300,0400,Standard Chinese,Kunming,China,1234567,,150,135,China,HFCC
17490000,AM,China Radio International,0400,0500,Standard Chinese,Kunming,China,1234567,,150,135,China,HFCC
17490000,AM,China Radio International,0700,0900,English,Kashi,China,1234567,,500,308,China,HFCC
17490000,AM,China Radio International,0900,1000,English,Kashi,China,1234567,,500,308,China,HFCC
17490000,AM,China Radio International,1000,1100,English,Kashi,China,1234567,,500,308,China,HFCC
17490000,AM,China Radio International,1100,1300,English,Kashi,China,1234567,,500,308,China,HFCC
17500000,AM,"HFCC, Intl. Radio for Disaster Relief project",0000,2400,Undetermined,S. Maria di Galeria,Vatican,1234567,,100,0,Vatican,HFCC
17510000,AM,China Radio International,0400,0500,Hakka Chinese,Kunming,China,1234567,,150,177,China,HFCC
17510000,AM,China Radio International,0400,0500,Hakka Chinese,Xian,China,1234567,,500,200,China,HFCC
17510000,AM,China Radio International,0500,0600,English,Kashi,China,1234567,,500,269,China,HFCC
17510000,AM,China Radio International,0600,0700,English,Kashi,China,1234567,,500,269,China,HFCC
17510000,AM,For new organization,0700,1900,Multiple languages,Sofia,Bulgaria,1234567,,50,306,Bulgaria,HFCC
17510000,AM,United States Agency for Global Media (USAGM),0900,1100,Mandarin Chinese,Tinang 1,Philippines,1234567,,250,332,Philippines,HFCC
17510000,AM,China Radio International,1200,1230,Filipino,Nanning,China,1234567,,100,130,China,HFCC
17515000,AM,BBC Worldservice,1330,1400,Burmese,Dhabayya,United Arab Emirates,1234567,,250,85,United Arab Emirates,HFCC
17515000,AM,Media Broadcast GmbH,1600,1800,Multiple languages,Nauen,Germany,1234567,,100,150,Germany,HFCC
17520000,AM,Radio Romania International,0200,0300,Spanish,Tiganesti,Romania,1234567,,300,247,Romania,HFCC
17520000,AM,China Radio International,0600,0700,Italian,Kashi,China,1234567,,500,294,China,HFCC
17520000,AM,Broadcasting Serv. of the Kingdom of Saudi Arabia,0900,1200,Arabic,Riyadh,Saudi Arabia,1234567,,500,70,Saudi Arabia,HFCC
17520000,AM,Media Broadcast GmbH,1430,1500,Multiple languages,Tashkent,Ouzbékistan,1234567,,100,236,Ouzbékistan,HFCC
17520000,AM,Radio Romania International,2100,2200,Spanish,Tiganesti,Romania,1234567,,300,247,Romania,HFCC
17520000,AM,Radio Romania International,2300,2400,Spanish,Tiganesti,Romania,1234567,,300,247,Romania,HFCC
17525000,AM,Radio Piepzender,0000,2400,Dutch,Zwolle,Netherlands,1234567,,2,0,Netherlands,HFCC
17525000,AM,Vatican Radio,0700,1000,French,S. Maria di Galeria,Vatican,1234567,,250,210,Vatican,HFCC
17525000,AM,Vatican Radio,1500,1800,French,S. Maria di Galeria,Vatican,1234567,,250,170,Vatican,HFCC
17525000,AM,Assemblies of Yahweh,1730,2230,English,"Bethel, PA",United States,123456,,300,53,United States,HFCC
17530000,AM,World Christian Broadcasting (USA),0400,0500,Standard Chinese,Madagascar World Voice,Madagascar,1234567,,100,55,Madagascar,HFCC
17530000,AM,China Radio International,0900,1100,Standard Chinese,Xian,China,1234567,,500,190,China,HFCC
17530000,AM,China Radio International,1100,1200,Vietnamese,Xian,China,1234567,,500,190,China,HFCC
17530000,AM,Radio Romania International,1230,1300,Chinese,Tiganesti,Romania,1234567,,300,67,Romania,HFCC
17530000,AM,"Adventist Broadcasting Service, Inc.",2300,2400,Mandarin Chinese,"Agat, Guam",United States,1234567,,100,315,United States,HFCC
17535000,AM,Broadcasting Serv. of the Kingdom of Saudi Arabia,1200,1400,Arabic,Riyadh,Saudi Arabia,1234567,,500,100,Saudi Arabia,HFCC
17540000,AM,China Radio International,0000,0100,Hakka Chinese,Beijing,China,1234567,,500,165,China,HFCC
17540000,AM,China Radio International,0100,0200,Min Nan Chinese,Beijing,China,1234567,,500,165,China,HFCC
17540000,AM,China Radio International,0300,0400,Standard Chinese,Beijing,China,1234567,,500,257,China,HFCC
17540000,AM,China Radio International,0400,0500,Hakka Chinese,Kashi,China,1234567,,100,173,China,HFCC
17540000,AM,China Radio International,0500,0600,English,Kashi,China,1234567,,100,173,China,HFCC
17540000,AM,China Radio International,0600,0700,English,Kashi,China,1234567,,100,173,China,HFCC
17540000,AM,China Radio International,0700,0900,English,Kashi,China,1234567,,100,173,China,HFCC
17540000,AM,Vatican Radio,0700,1000,English,S. Maria di Galeria,Vatican,1234567,,250,184,Vatican,HFCC
17540000,AM,Vatican Radio,1500,1800,English,S. Maria di Galeria,Vatican,1234567,,250,150,Vatican,HFCC
17540000,AM,China Radio International,2300,2400,Cantonese,Beijing,China,1234567,,500,165,China,HFCC
17545000,AM,TDF (France),1500,1600,French,Issoudun,France,1234567,,250,258,France,HFCC
17550000,AM,China National Radio,0000,1200,Chinese,Beijing,China,1234567,,100,251,China,HFCC
17550000,AM,Broadcasting Serv. of the Kingdom of Saudi Arabia,1200,1500,Urdu,Riyadh,Saudi Arabia,1234567,,500,70,Saudi Arabia,HFCC
17550000,AM,Ministry of Information - State of Kuwait,2000,2400,Arabic,KABD,Kuwait,1234567,,250,0,Kuwait,HFCC
17560000,AM,United States Agency for Global Media (USAGM),0000,0100,Mandarin Chinese,Tinang 1,Philippines,1234567,,250,349,Philippines,HFCC
17560000,AM,Nippon Hoso Kyokai,0100,0500,Japanese,Tokyo Yamata,Japan,1234567,,300,305,Japan,HFCC
17560000,AM,China Radio International,0800,0900,Standard Chinese,Xian,China,1234567,,500,292,China,HFCC
17560000,AM,China Radio International,0900,1000,Standard Chinese,Xian,China,1234567,,500,292,China,HFCC
17560000,AM,China Radio International,1200,1400,French,Kashi,China,1234567,,500,308,China,HFCC
17560000,AM,Broadcasting Serv. of the Kingdom of Saudi Arabia,1600,1800,Arabic,Riyadh,Saudi Arabia,1234567,,500,270,Saudi Arabia,HFCC
17560000,AM,China Radio International,2200,2300,Japanese,Xian,China,1234567,,500,73,China,HFCC
17560000,AM,China Radio International,2300,2400,Japanese,Xian,China,1234567,,500,73,China,HFCC
17565000,AM,China National Radio,0100,0730,Chinese,Huhhot,China,1234567,,100,175,China,HFCC
17570000,AM,Nippon Hoso Kyokai,0500,0800,Japanese,Tokyo Yamata,Japan,1234567,,300,305,Japan,HFCC
17570000,AM,China Radio International,0900,1000,English,Urumqi,China,1234567,,500,308,China,HFCC
17570000,AM,Broadcasting Serv. of the Kingdom of Saudi Arabia,0900,1200,Arabic,Riyadh,Saudi Arabia,1234567,,500,70,Saudi Arabia,HFCC
17570000,AM,China Radio International,1000,1100,Hungarian,Kashi,China,1234567,,500,298,China,HFCC
17570000,AM,China Radio International,1100,1200,Czech,Kashi,China,1234567,,500,298,China,HFCC
17575000,AM,BBC Worldservice,1458,1600,English,Woofferton,United Kingdom,1234567,,100,82,United Kingdom,HFCC
17580000,AM,Turkish Radio-TV Corp,1200,1300,Urdu,Emirler,Turkey,1234567,,250,95,Turkey,HFCC
17580000,AM,Media Broadcast GmbH,1700,1730,Multiple languages,Issoudun,France,1234567,,150,120,France,HFCC
17580000,AM,Media Broadcast GmbH,1700,1800,Multiple languages,Issoudun,France,246,,100,125,France,HFCC
17580000,AM,Radio Romania International,2100,2200,Spanish,Tiganesti,Romania,1234567,,90,247,Romania,HFCC
17580000,AM,China National Radio,2330,1200,Chinese,Lingshi,China,1234567,,100,286,China,HFCC
17585000,AM,Nippon Hoso Kyokai,0500,0700,Japanese,Tokyo Yamata,Japan,1234567,,300,235,Japan,HFCC
17585000,AM,Broadcasting Serv. of the Kingdom of Saudi Arabia,0900,1200,Indonesian,Riyadh,Saudi Arabia,1234567,,500,100,Saudi Arabia,HFCC
17590000,AM,Trans World Radio,1130,1145,English,Duchanbe,Tajikistan,1,,250,95,Tajikistan,HFCC
17590000,AM,Trans World Radio,1145,1245,Mandarin Chinese,Duchanbe,Tajikistan,1,,250,95,Tajikistan,HFCC
17590000,AM,Broadcasting Serv. of the Kingdom of Saudi Arabia,1200,1500,English,Jeddah,Saudi Arabia,1234567,,250,255,Saudi Arabia,HFCC
17590000,AM,Trans World Radio,1230,1245,Mandarin Chinese,Duchanbe,Tajikistan,23456,,250,95,Tajikistan,HFCC
17590000,AM,Trans World Radio,1245,1300,Huli,Duchanbe,Tajikistan,1234567,,250,95,Tajikistan,HFCC
17590000,AM,Trans World Radio,1300,1330,Mandarin Chinese,Duchanbe,Tajikistan,1,,250,95,Tajikistan,HFCC
17590000,AM,Trans World Radio,1300,1340,Mandarin Chinese,Duchanbe,Tajikistan,23456,,250,95,Tajikistan,HFCC
17590000,AM,Trans World Radio,1300,1345,Mandarin Chinese,Duchanbe,Tajikistan,7,,250,95,Tajikistan,HFCC
17595000,AM,China National Radio,2300,1100,Chinese,Shijiazhuang,China,1234567,,100,217,China,HFCC
17600000,AM,Telediffusion d'Algerie,0000,0100,Standard Arabic,Bechar,Algeria,1234567,,300,131,Algeria,HFCC
17600000,AM,Telediffusion d'Algerie,0700,0800,Standard Arabic,Bechar,Algeria,1234567,,300,131,Algeria,HFCC
17600000,AM,Telediffusion d'Algerie,0800,0900,Standard Arabic,Bechar,Algeria,1234567,,300,131,Algeria,HFCC
17600000,AM,Telediffusion d'Algerie,0900,1000,Standard Arabic,Bechar,Algeria,1234567,,300,131,Algeria,HFCC
17600000,AM,Telediffusion d'Algerie,1000,1100,Standard Arabic,Bechar,Algeria,1234567,,300,131,Algeria,HFCC
17600000,AM,Broadcasting Serv. of the Kingdom of Saudi Arabia,1000,1300,English,Jeddah,Saudi Arabia,1234567,,250,230,Saudi Arabia,HFCC
17600000,AM,Telediffusion d'Algerie,1100,1200,Standard Arabic,Bechar,Algeria,1234567,,300,131,Algeria,HFCC
17600000,AM,Telediffusion d'Algerie,1200,1300,Standard Arabic,Bechar,Algeria,1234567,,300,131,Algeria,HFCC
17600000,AM,Telediffusion d'Algerie,1300,1400,Standard Arabic,Bechar,Algeria,1234567,,300,131,Algeria,HFCC
17600000,AM,Telediffusion d'Algerie,1400,1500,Standard Arabic,Bechar,Algeria,1234567,,300,131,Algeria,HFCC
17600000,AM,Telediffusion d'Algerie,1500,1600,Standard Arabic,Bechar,Algeria,1234567,,300,131,Algeria,HFCC
17600000,AM,Telediffusion d'Algerie,1600,1700,Standard Arabic,Bechar,Algeria,1234567,,300,131,Algeria,HFCC
17600000,AM,Telediffusion d'Algerie,1700,1800,Standard Arabic,Bechar,Algeria,1234567,,300,131,Algeria,HFCC
17600000,AM,Telediffusion d'Algerie,1800,1900,Standard Arabic,Bechar,Algeria,1234567,,300,131,Algeria,HFCC
17600000,AM,Telediffusion d'Algerie,1900,2000,Standard Arabic,Bechar,Algeria,1234567,,300,131,Algeria,HFCC
17600000,AM,Telediffusion d'Algerie,2000,2100,Standard Arabic,Bechar,Algeria,1234567,,300,131,Algeria,HFCC
17600000,AM,Telediffusion d'Algerie,2100,2200,Standard Arabic,Bechar,Algeria,1234567,,300,131,Algeria,HFCC
17600000,AM,Telediffusion d'Algerie,2200,2300,Standard Arabic,Bechar,Algeria,1234567,,300,131,Algeria,HFCC
17600000,AM,Telediffusion d'Algerie,2300,2400,Standard Arabic,Bechar,Algeria,1234567,,300,131,Algeria,HFCC
17605000,AM,China Radio International,0200,0300,Standard Chinese,Kunming,China,1234567,,150,135,China,HFCC
17605000,AM,China Radio International,1030,1130,Indonesian,Kunming,China,1234567,,500,177,China,HFCC
17610000,AM,Media Broadcast GmbH,1200,1230,Multiple languages,Madagascar,Madagascar,7,,125,45,Madagascar,HFCC
17615000,AM,Radio Russia,0100,0500,Russian,Khabarovsk,Russia,1234567,,100,218,Russia,HFCC
17615000,AM,China Radio International,0500,0700,German,Urumqi,China,1234567,,500,308,China,HFCC
17615000,AM,China Radio International,0600,0700,Standard Chinese,Kunming,China,1234567,,500,177,China,HFCC
17615000,AM,China Radio International,0700,0800,Standard Chinese,Kunming,China,1234567,,500,177,China,HFCC
17615000,AM,Broadcasting Serv. of the Kingdom of Saudi Arabia,0900,1200,Arabic,Riyadh,Saudi Arabia,1234567,,500,100,Saudi Arabia,HFCC
17615000,AM,Broadcasting Serv. of the Kingdom of Saudi Arabia,0900,1200,Arabic,Jeddah,Saudi Arabia,1234567,,250,110,Saudi Arabia,HFCC
17615000,AM,Turkish Radio-TV Corp,1000,1030,Tatar,Emirler,Turkey,1234567,,250,32,Turkey,HFCC
17615000,AM,Broadcasting Serv. of the Kingdom of Saudi Arabia,1300,1600,Arabic,Riyadh,Saudi Arabia,1234567,,500,190,Saudi Arabia,HFCC
17620000,AM,Radio France Internationale,0700,0730,Hausa,Issoudun,France,1234567,,250,170,France,HFCC
17620000,AM,Radio France Internationale,0800,0830,Mandingo,Issoudun,France,1234567,,250,198,France,HFCC
17620000,AM,Radio France Internationale,0830,0900,Fulah,Issoudun,France,1234567,,250,180,France,HFCC
17620000,AM,China Radio International,0900,1000,Romanian,Kashi,China,1234567,,500,294,China,HFCC
17620000,AM,Turkish Radio-TV Corp,1100,1200,Chinese,Emirler,Turkey,1234567,,300,72,Turkey,HFCC
17620000,AM,Radio France Internationale,1200,1230,Mandingo,Issoudun,France,1234567,,500,200,France,HFCC
17620000,AM,Turkish Radio-TV Corp,1230,1330,English,Emirler,Turkey,1234567,,250,310,Turkey,HFCC
17620000,AM,Radio France Internationale,1600,1700,Hausa,Issoudun,France,1234567,,250,170,France,HFCC
17620000,AM,Radio France Internationale,1700,1800,French,Issoudun,France,1234567,,250,200,France,HFCC
17620000,AM,Radio France Internationale,1800,1900,French,Issoudun,France,1234567,,250,200,France,HFCC
17620000,AM,Radio France Internationale,1900,2000,French,Issoudun,France,1234567,,250,175,France,HFCC
17620000,AM,"Adventist Broadcasting Service, Inc.",2300,2400,Mandarin Chinese,"Agat, Guam",United States,1234567,,100,330,United States,HFCC
17625000,AM,China National Radio,0000,0900,Chinese,Beijing,China,1234567,,100,163,China,HFCC
17625000,AM,Broadcasting Serv. of the Kingdom of Saudi Arabia,1200,1400,Arabic,Riyadh,Saudi Arabia,1234567,,500,100,Saudi Arabia,HFCC
17630000,AM,Radio Romania International,0700,0800,Romanian,Tiganesti,Romania,1,,300,112,Romania,HFCC
17630000,AM,Radio Romania International,0900,1000,Romanian,Tiganesti,Romania,1,,300,247,Romania,HFCC
17630000,AM,Radio Romania International,1000,1100,French,Tiganesti,Romania,1234567,,300,247,Romania,HFCC
17630000,AM,China Radio International,1430,1500,English,Bamako,Mali,1234567,,100,85,Mali,HFCC
17630000,AM,China Radio International,1500,1600,English,Bamako,Mali,1234567,,100,85,Mali,HFCC
17630000,AM,Media Broadcast GmbH,1700,1800,Multiple languages,Issoudun,France,246,,100,125,France,HFCC
17640000,AM,China Radio International,0100,0200,English,Kashi,China,1234567,,500,308,China,HFCC
17640000,AM,China Radio International,0200,0300,Russian,Xian,China,1234567,,500,292,China,HFCC
17640000,AM,China Radio International,0300,0400,Russian,Xian,China,1234567,,500,292,China,HFCC
17640000,AM,China Radio International,0400,0500,Russian,Xian,China,1234567,,500,292,China,HFCC
17640000,AM,China Radio International,0700,0800,Standard Chinese,Kunming,China,1234567,,150,135,China,HFCC
17640000,AM,BBC Worldservice,1200,1230,French,Ascension,United Kingdom,1234567,,250,27,United Kingdom,HFCC
17640000,AM,BBC Worldservice,1400,1600,English,Ascension,United Kingdom,7,,125,27,United Kingdom,HFCC
17640000,AM,BBC Worldservice,1530,1730,English,Ascension,United Kingdom,1,,125,27,United Kingdom,HFCC
17640000,AM,BBC Worldservice,1730,1750,Amharic,Woofferton,United Kingdom,23456,,250,120,United Kingdom,HFCC
17640000,AM,BBC Worldservice,1750,1810,Oromo,Woofferton,United Kingdom,23456,,250,120,United Kingdom,HFCC
17640000,AM,BBC Worldservice,1810,1830,Tigrinya,Woofferton,United Kingdom,23456,,250,120,United Kingdom,HFCC
17640000,AM,BBC Worldservice,1830,1850,Amharic,Woofferton,United Kingdom,23456,,250,120,United Kingdom,HFCC
17640000,AM,BBC Worldservice,1850,1910,Oromo,Woofferton,United Kingdom,23456,,250,120,United Kingdom,HFCC
17640000,AM,BBC Worldservice,1910,1930,Tigrinya,Woofferton,United Kingdom,23456,,250,120,United Kingdom,HFCC
17650000,AM,"Adventist Broadcasting Service, Inc.",0000,0030,Burmese,"Agat, Guam",United States,1234567,,100,285,United States,HFCC
17650000,AM,China Radio International,0600,0700,Standard Chinese,Kashi,China,1234567,,500,308,China,HFCC
17650000,AM,China Radio International,0700,0800,Standard Chinese,Kashi,China,1234567,,500,308,China,HFCC
17650000,AM,China Radio International,0800,0900,Standard Chinese,Kashi,China,1234567,,500,308,China,HFCC
17650000,AM,China Radio International,0900,1000,English,Kashi,China,1234567,,500,308,China,HFCC
17650000,AM,China Radio International,1000,1100,Standard Chinese,Kashi,China,1234567,,500,308,China,HFCC
17650000,AM,China Radio International,1100,1200,Standard Chinese,Kashi,China,1234567,,500,308,China,HFCC
17650000,AM,China Radio International,1200,1300,Standard Chinese,Kashi,China,1234567,,500,308,China,HFCC
17650000,AM,China Radio International,1300,1400,French,Kashi,China,1234567,,500,308,China,HFCC
17650000,AM,Media Broadcast GmbH,1400,1430,Multiple languages,Nauen,Germany,7,,250,102,Germany,HFCC
17650000,AM,Media Broadcast GmbH,1430,1445,Multiple languages,Nauen,Germany,17,,250,94,Germany,HFCC
17650000,AM,Media Broadcast GmbH,1430,1500,Multiple languages,Nauen,Germany,7,,250,102,Germany,HFCC
17650000,AM,Broadcasting Serv. of the Kingdom of Saudi Arabia,1600,1800,Bambara,Riyadh,Saudi Arabia,1234567,,500,250,Saudi Arabia,HFCC
17650000,AM,HCJB Australia,2225,2230,Japanese,Kununurra WA,Australia,1234567,,75,5,Australia,HFCC
17650000,AM,HCJB Australia,2230,2300,Japanese,Kununurra WA,Australia,1234567,,75,5,Australia,HFCC
17655000,AM,China Radio International,0200,0300,Tamil,Kashi,China,1234567,,100,173,China,HFCC
17655000,AM,China Radio International,0300,0400,Hindi,Kashi,China,1234567,,100,173,China,HFCC
17660000,AM,Radio France Internationale,0530,0600,Swahili (macrolanguage),Issoudun,France,1234567,,250,140,France,HFCC
17660000,AM,Radio France Internationale,0800,0900,French,Issoudun,France,1234567,,250,175,France,HFCC
17660000,AM,Radio France Internationale,0900,1000,French,Issoudun,France,1234567,,250,175,France,HFCC
17660000,AM,Radio France Internationale,1300,1330,Fulah,Issoudun,France,1234567,,500,180,France,HFCC
17660000,AM,Broadcasting Serv. of the Kingdom of Saudi Arabia,1400,1800,French,Riyadh,Saudi Arabia,1234567,,500,270,Saudi Arabia,HFCC
17665000,AM,China National Radio,2055,0600,Mongolian,Urumqi,China,1234567,,100,80,China,HFCC
17670000,AM,China Radio International,0700,0900,English,Kashi,China,1234567,,500,269,China,HFCC
17670000,AM,Turkish Radio-TV Corp,1030,1100,Uzbek,Emirler,Turkey,1234567,,250,72,Turkey,HFCC
17670000,AM,Media Broadcast GmbH,1200,1245,Multiple languages,Tashkent,Ouzbékistan,7,,100,90,Ouzbékistan,HFCC
17670000,AM,Media Broadcast GmbH,1230,1245,Multiple languages,Tashkent,Ouzbékistan,1,,100,121,Ouzbékistan,HFCC
17670000,AM,Media Broadcast GmbH,1300,1400,Multiple languages,Nauen,Germany,35,,100,62,Germany,HFCC
17670000,AM,IBRA Radio,1730,1900,Arabic,Woofferton,United Kingdom,1234567,,250,126,United Kingdom,HFCC
17675000,AM,Radio New Zealand,0000,0500,English,Rangitaiki,New Zealand,1234567,,50,325,New Zealand,HFCC
17675000,AM,Radio New Zealand,0000,0500,English,Rangitaiki,New Zealand,1234567,,50,35,New Zealand,HFCC
17675000,AM,Radio New Zealand,2045,2400,English,Rangitaiki,New Zealand,1234567,,50,35,New Zealand,HFCC
17675000,AM,Radio New Zealand,2045,2400,English,Rangitaiki,New Zealand,1234567,,50,325,New Zealand,HFCC
17680000,AM,Radio Russia,0100,0600,Russian,Khabarovsk,Russia,1234567,,100,218,Russia,HFCC
17680000,AM,Radio Romania International,0530,0600,English,Tiganesti,Romania,1234567,,90,97,Romania,HFCC
17680000,AM,China Radio International,0600,0700,Spanish,Kashi,China,1234567,,500,294,China,HFCC
17680000,AM,China Radio International,0700,0800,Spanish,Kashi,China,1234567,,500,294,China,HFCC
17680000,AM,China Radio International,0930,1030,Malay (individual language),Kunming,China,1234567,,100,175,China,HFCC
17680000,AM,Abu Dhabi Media Company,1300,1315,Afar,Dhabayya,United Arab Emirates,1567,,250,230,United Arab Emirates,HFCC
17690000,AM,China Radio International,0000,0100,Standard Chinese,Xian,China,1234567,,500,200,China,HFCC
17690000,AM,China Radio International,0100,0200,Standard Chinese,Xian,China,1234567,,500,200,China,HFCC
17690000,AM,United States Agency for Global Media (USAGM),0600,1400,English,Moepeng Hill,Botswana,36,,100,350,Botswana,HFCC
17700000,AM,China Radio International,0800,0900,Standard Chinese,Kunming,China,1234567,,150,135,China,HFCC
17700000,AM,For new organization,0900,1200,Multiple languages,Sofia,Bulgaria,1234567,,50,306,Bulgaria,HFCC
17700000,AM,Trans World Radio,1400,1420,Huarijio,Madagascar,Madagascar,7,,250,45,Madagascar,HFCC
17700000,AM,Trans World Radio,1400,1452,Huarijio,Madagascar,Madagascar,23456,,250,45,Madagascar,HFCC
17700000,AM,Trans World Radio,1400,1500,Huarijio,Madagascar,Madagascar,1,,250,45,Madagascar,HFCC
17700000,AM,BBC Worldservice,1600,1900,Hausa,Ascension,United Kingdom,7,,250,65,United Kingdom,HFCC
17705000,AM,Broadcasting Serv. of the Kingdom of Saudi Arabia,1200,1500,Arabic,Riyadh,Saudi Arabia,1234567,,500,310,Saudi Arabia,HFCC
17710000,AM,China Radio International,0400,0500,Hakka Chinese,Beijing,China,1234567,,500,193,China,HFCC
17710000,AM,China Radio International,0600,0700,English,Beijing,China,1234567,,500,193,China,HFCC
17710000,AM,China Radio International,0700,0800,English,Beijing,China,1234567,,500,193,China,HFCC
17710000,AM,Vatican Radio,0700,1000,Arabic,S. Maria di Galeria,Vatican,1234567,,250,98,Vatican,HFCC
17710000,AM,Vatican Radio,1500,1800,Portuguese,S. Maria di Galeria,Vatican,1234567,,250,162,Vatican,HFCC
17710000,AM,Broadcasting Serv. of the Kingdom of Saudi Arabia,1600,1800,Bambara,Riyadh,Saudi Arabia,1234567,,500,250,Saudi Arabia,HFCC
17715000,AM,Radio Exterior de Espana,1400,2200,Spanish,Noblejas,Spain,23456,,200,230,Spain,HFCC
17715000,AM,Radio Exterior de Espana,1800,0200,Spanish,Noblejas,Spain,17,,200,230,Spain,HFCC
17720000,AM,Radio Romania International,0200,0300,Spanish,Tiganesti,Romania,1234567,,300,247,Romania,HFCC
17720000,AM,Turkish Radio-TV Corp,0400,0500,Malay (individual language),Emirler,Turkey,1234567,,300,105,Turkey,HFCC
17720000,AM,China Radio International,0500,0700,German,Kashi,China,1234567,,500,308,China,HFCC
17720000,AM,Encompass Digital Media Services,1300,1350,Multiple languages,Dhabayya,United Arab Emirates,23456,,250,90,United Arab Emirates,HFCC
17720000,AM,Media Broadcast GmbH,1830,1915,Arabic,Nauen,Germany,4,,250,150,Germany,HFCC
17730000,AM,China Radio International,0400,0500,English,Xian,China,1234567,,500,292,China,HFCC
17730000,AM,China Radio International,0500,0600,English,Xian,China,1234567,,500,292,China,HFCC
17730000,AM,Broadcasting Serv. of the Kingdom of Saudi Arabia,0600,0900,Arabic,Riyadh,Saudi Arabia,1234567,,500,295,Saudi Arabia,HFCC
17730000,AM,Turkish Radio-TV Corp,0800,0830,Turkmen,Emirler,Turkey,1234567,,250,72,Turkey,HFCC
17730000,AM,Radio France Internationale,1700,1730,Mandingo,Issoudun,France,1234567,,250,200,France,HFCC
17730000,AM,Radio France Internationale,1730,1800,Fulah,Issoudun,France,1234567,,250,180,France,HFCC
17735000,AM,China Radio International,0830,0930,Indonesian,Kunming,China,1234567,,100,175,China,HFCC
17735000,AM,China Radio International,1300,1400,Standard Chinese,Kashi,China,1234567,,500,308,China,HFCC
17735000,AM,China Radio International,1400,1500,Standard Chinese,Kashi,China,1234567,,500,308,China,HFCC
17735000,AM,China Radio International,1500,1600,Standard Chinese,Kashi,China,1234567,,500,308,China,HFCC
17740000,AM,China Radio International,0000,0100,English,Xian,China,1234567,,500,200,China,HFCC
17740000,AM,China Radio International,0100,0200,English,Xian,China,1234567,,500,200,China,HFCC
17740000,AM,China Radio International,0400,0500,Vietnamese,Xian,China,1234567,,500,190,China,HFCC
17740000,AM,China Radio International,0500,0600,Vietnamese,Xian,China,1234567,,500,190,China,HFCC
17740000,AM,China Radio International,0600,0700,Standard Chinese,Xian,China,1234567,,500,190,China,HFCC
17740000,AM,Broadcasting Serv. of the Kingdom of Saudi Arabia,0600,0900,Arabic,Riyadh,Saudi Arabia,1234567,,250,310,Saudi Arabia,HFCC
17740000,AM,China Radio International,0700,0800,Standard Chinese,Xian,China,1234567,,500,190,China,HFCC
17740000,AM,Turkish Radio-TV Corp,1000,1100,French,Emirler,Turkey,1234567,,250,290,Turkey,HFCC
17745000,AM,BBC Worldservice,0400,0430,Somali,Dhabayya,United Arab Emirates,23456,,250,225,United Arab Emirates,HFCC
17745000,AM,Abu Dhabi Media Company,1100,1130,Somali,Dhabayya,United Arab Emirates,1234567,,250,220,United Arab Emirates,HFCC
17745000,AM,BBC Worldservice,1100,1400,Somali,Dhabayya,United Arab Emirates,1,,250,220,United Arab Emirates,HFCC
17745000,AM,BBC Worldservice,1100,1800,Somali,Dhabayya,United Arab Emirates,17,,250,225,United Arab Emirates,HFCC
17745000,AM,Abu Dhabi Media Company,1130,1600,Somali,Dhabayya,United Arab Emirates,7,,250,225,United Arab Emirates,HFCC
17745000,AM,Abu Dhabi Media Company,1330,1400,Somali,Dhabayya,United Arab Emirates,7,,250,225,United Arab Emirates,HFCC
17745000,AM,Abu Dhabi Media Company,1400,1500,Somali,Dhabayya,United Arab Emirates,123456,,250,225,United Arab Emirates,HFCC
17745000,AM,Abu Dhabi Media Company,1400,1500,Somali,Dhabayya,United Arab Emirates,7,,250,225,United Arab Emirates,HFCC
17745000,AM,BBC Worldservice,1600,1900,Somali,A'Seela,Oman,17,,250,225,Oman,HFCC
17745000,AM,BBC Worldservice,1630,1700,Kinyarwanda,Madagascar,Madagascar,23456,,250,315,Madagascar,HFCC
17750000,AM,Philippines Broadcasting Service,0200,0330,Filipino,Tinang 1,Philippines,1234567,,250,283,Philippines,HFCC
17750000,AM,BBC Worldservice,0500,0600,Kinyarwanda,S. Maria di Galeria,Vatican,7,,250,155,Vatican,HFCC
17750000,AM,BBC Worldservice,0529,0600,Kinyarwanda,S. Maria di Galeria,Vatican,1,,250,155,Vatican,HFCC
17750000,AM,China Radio International,0700,0800,Min Nan Chinese,Xian,China,1234567,,500,200,China,HFCC
17750000,AM,China Radio International,0900,1000,English,Kashi,China,1234567,,100,173,China,HFCC
17750000,AM,China Radio International,1000,1100,English,Kashi,China,1234567,,100,173,China,HFCC
17755000,AM,Radio Exterior de Espana,1500,2400,Spanish,Noblejas,Spain,17,,200,161,Spain,HFCC
17760000,AM,Broadcasting Serv. of the Kingdom of Saudi Arabia,0300,0500,Somali,Riyadh,Saudi Arabia,1234567,,500,175,Saudi Arabia,HFCC
17760000,AM,Radio Romania International,0400,0430,Chinese,Tiganesti,Romania,1234567,,300,67,Romania,HFCC
17760000,AM,China Radio International,0500,0600,Standard Chinese,Kunming,China,1234567,,150,135,China,HFCC
17760000,AM,Radio Romania International,0530,0600,English,Galbeni,Romania,1234567,,300,100,Romania,HFCC
17760000,AM,China Radio International,0600,0700,Standard Chinese,Kunming,China,1234567,,150,135,China,HFCC
17760000,AM,Ministry of Information - State of Kuwait,1000,1200,Filipino,KABD,Kuwait,1234567,,250,0,Kuwait,HFCC
17760000,AM,Radio Romania International,1230,1300,Chinese,Tiganesti,Romania,1234567,,90,67,Romania,HFCC
17765000,AM,China Radio International,1600,1800,French,Kashi,China,1234567,,500,308,China,HFCC
17770000,AM,China National Radio,0100,0900,Chinese,Dongfang,China,1234567,,30,16,China,HFCC
17780000,AM,China National Radio,0900,1300,Chinese,Kunming,China,1234567,,100,32,China,HFCC
17780000,AM,Radio Romania International,1000,1100,French,Tiganesti,Romania,1234567,,300,247,Romania,HFCC
17780000,AM,Radio Romania International,1200,1230,Arabic,Tiganesti,Romania,1234567,,300,247,Romania,HFCC
17780000,AM,BBC Worldservice,1700,1730,English,Ascension,United Kingdom,23456,,125,27,United Kingdom,HFCC
17780000,AM,BBC Worldservice,1730,1800,English,Ascension,United Kingdom,23456,,125,27,United Kingdom,HFCC
17780000,AM,China National Radio,2300,0600,Chinese,Kunming,China,1234567,,100,32,China,HFCC
17785000,AM,Broadcasting Serv. of the Kingdom of Saudi Arabia,0800,1000,French,Riyadh,Saudi Arabia,1234567,,500,270,Saudi Arabia,HFCC
17790000,AM,Radio Romania International,0300,0400,English,Tiganesti,Romania,1234567,,90,112,Romania,HFCC
17790000,AM,Nippon Hoso Kyokai,0500,0700,Japanese,Tokyo Yamata,Japan,1234567,,300,55,Japan,HFCC
17790000,AM,Radio Romania International,0700,0800,Romanian,Galbeni,Romania,1,,300,110,Romania,HFCC
17790000,AM,Vatican Radio,0830,0950,Amharic,S. Maria di Galeria,Vatican,1,,250,144,Vatican,HFCC
17790000,AM,Vatican Radio,0830,0950,Russian,S. Maria di Galeria,Vatican,1,,250,72,Vatican,HFCC
17790000,AM,Vatican Radio,0830,0950,Armenian,S. Maria di Galeria,Vatican,1,,250,74,Vatican,HFCC
17790000,AM,Vatican Radio,0830,0950,Arabic,S. Maria di Galeria,Vatican,1,,250,94,Vatican,HFCC
17790000,AM,Vatican Radio,1130,1200,English,S. Maria di Galeria,Vatican,6,,250,98,Vatican,HFCC
17790000,AM,Vatican Radio,1230,1250,Russian,S. Maria di Galeria,Vatican,1234567,,250,44,Vatican,HFCC
17790000,AM,Vatican Radio,1430,1450,Hindi,S. Maria di Galeria,Vatican,1234567,,250,98,Vatican,HFCC
17790000,AM,Vatican Radio,1450,1510,Tamil,S. Maria di Galeria,Vatican,1234567,,250,98,Vatican,HFCC
17790000,AM,Radio Miami International,1500,0200,English / Spanish / French,"Okeechobee, FL",United States,1234567,,100,160,United States,HFCC
17790000,AM,Vatican Radio,1510,1530,Malayalam,S. Maria di Galeria,Vatican,1234567,,250,98,Vatican,HFCC
17790000,AM,Vatican Radio,1530,1600,Arabic,S. Maria di Galeria,Vatican,1234567,,100,112,Vatican,HFCC
17800000,AM,Media Broadcast GmbH,0630,0700,Hausa,Issoudun,France,1234567,,500,160,France,HFCC
17800000,AM,Media Broadcast GmbH,1215,1300,Arabic,Issoudun,France,4,,250,133,France,HFCC
17800000,AM,Media Broadcast GmbH,1300,1400,Hausa,Issoudun,France,1234567,,250,172,France,HFCC
17800000,AM,Media Broadcast GmbH,1600,1700,Amharic,Issoudun,France,1234567,,250,130,France,HFCC
17800000,AM,Media Broadcast GmbH,1800,1900,Hausa,Issoudun,France,1234567,,250,167,France,HFCC
17800000,AM,Nippon Hoso Kyokai,2200,2400,Japanese,Tokyo Yamata,Japan,1234567,,300,305,Japan,HFCC
17800000,AM,China National Radio,2300,0600,Mongolian,Qiqihar,China,1234567,,300,254,China,HFCC
17805000,AM,Broadcasting Serv. of the Kingdom of Saudi Arabia,0900,1200,Arabic,Riyadh,Saudi Arabia,1234567,,500,295,Saudi Arabia,HFCC
17810000,AM,Nippon Hoso Kyokai,0100,0200,Japanese,Tokyo Yamata,Japan,1234567,,300,240,Japan,HFCC
17810000,AM,Nippon Hoso Kyokai,0200,0500,Japanese,Tokyo Yamata,Japan,1234567,,300,240,Japan,HFCC
17810000,AM,BBC Worldservice,0430,0500,Dari,A'Seela,Oman,1234567,,250,35,Oman,HFCC
17810000,AM,BBC Worldservice,0500,0530,Pushto,A'Seela,Oman,1234567,,250,35,Oman,HFCC
17810000,AM,BBC Worldservice,0700,0730,Arabic,A'Seela,Oman,12345,,250,260,Oman,HFCC
17810000,AM,BBC Worldservice,0830,0930,Dari,A'Seela,Oman,1234567,,250,35,Oman,HFCC
17810000,AM,BBC Worldservice,0930,1030,Pushto,A'Seela,Oman,1234567,,250,35,Oman,HFCC
17810000,AM,BBC Worldservice,1030,1100,Dari,A'Seela,Oman,1234567,,250,35,Oman,HFCC
17810000,AM,BBC Worldservice,1100,1130,Pushto,A'Seela,Oman,1234567,,250,35,Oman,HFCC
17810000,AM,Radio Miami International,1530,1630,Multiple languages,Issoudun,France,1,,250,80,France,HFCC
17815000,AM,Radio France Internationale,1200,1300,French,Issoudun,France,1234567,,500,170,France,HFCC
17815000,AM,TDF (France),1630,1700,Amharic / Sebat Bet Gurage,Issoudun,France,1,,150,127,France,HFCC
17820000,AM,China National Radio,0555,1600,Tibetan,Dongfang,China,1234567,,100,16,China,HFCC
17820000,AM,Broadcasting Serv. of the Kingdom of Saudi Arabia,1200,1500,Urdu,Riyadh,Saudi Arabia,1234567,,500,70,Saudi Arabia,HFCC
17820000,AM,China National Radio,1600,0205,Uighur,Dongfang,China,1234567,,100,16,China,HFCC
17825000,AM,BBC Worldservice,0500,0600,English,A'Seela,Oman,1,,250,225,Oman,HFCC
17825000,AM,BBC Worldservice,0500,0600,English,A'Seela,Oman,234567,,250,225,Oman,HFCC
17825000,AM,BBC Worldservice,1200,1300,English,A'Seela,Oman,1234567,,250,60,Oman,HFCC
17830000,AM,China National Radio,0100,0800,Chinese,Urumqi,China,1234567,,30,98,China,HFCC
17830000,AM,BBC Worldservice,1700,1730,English,Ascension,United Kingdom,23456,,125,85,United Kingdom,HFCC
17830000,AM,BBC Worldservice,1730,1900,English,Ascension,United Kingdom,23456,,125,85,United Kingdom,HFCC
17830000,AM,Radio France Internationale,1900,2000,French,Issoudun,France,1,,250,185,France,HFCC
17840000,AM,China Radio International,0200,0300,Standard Chinese,Beijing,China,1234567,,500,322,China,HFCC
17840000,AM,China Radio International,0300,0400,English,Beijing,China,1234567,,500,322,China,HFCC
17840000,AM,China Radio International,0400,0500,English,Beijing,China,1234567,,500,322,China,HFCC
17840000,AM,China Radio International,0500,0600,Standard Chinese,Beijing,China,1234567,,500,322,China,HFCC
17840000,AM,China Radio International,0600,0700,Standard Chinese,Beijing,China,1234567,,500,322,China,HFCC
17840000,AM,China Radio International,0700,0800,Standard Chinese,Kashi,China,1234567,,100,174,China,HFCC
17840000,AM,China Radio International,0800,0900,Standard Chinese,Kashi,China,1234567,,100,174,China,HFCC
17840000,AM,China Radio International,0900,1100,Standard Chinese,Kashi,China,1234567,,100,174,China,HFCC
17840000,AM,Media Broadcast GmbH,1325,1530,Hausa,Issoudun,France,7,,250,175,France,HFCC
17840000,AM,Media Broadcast GmbH,1830,1915,Arabic,Nauen,Germany,4,,250,150,Germany,HFCC
17845000,AM,Abu Dhabi Media Company,1200,1300,Somali,Dhabayya,United Arab Emirates,1234567,,250,225,United Arab Emirates,HFCC
17850000,AM,Radio France Internationale,0600,0700,French,Issoudun,France,1234567,,250,147,France,HFCC
17850000,AM,Radio France Internationale,0700,0800,French,Issoudun,France,1234567,,250,147,France,HFCC
17850000,AM,Radio France Internationale,0800,0900,French,Issoudun,France,1234567,,250,157,France,HFCC
17850000,AM,Radio France Internationale,0900,1000,French,Issoudun,France,1234567,,500,160,France,HFCC
17850000,AM,Radio France Internationale,1200,1300,French,Issoudun,France,1234567,,500,200,France,HFCC
17850000,AM,Radio France Internationale,1800,1900,French,Issoudun,France,1234567,,250,160,France,HFCC
17850000,AM,Radio France Internationale,1900,2000,French,Issoudun,France,1234567,,250,160,France,HFCC
17855000,AM,China Radio International,0400,0500,English,Beijing,China,1234567,,500,288,China,HFCC
17855000,AM,China Radio International,0500,0600,English,Beijing,China,1234567,,500,288,China,HFCC
17855000,AM,Radio Exterior de Espana,1400,2200,Spanish,Noblejas,Spain,17,,200,290,Spain,HFCC
17855000,AM,Radio Exterior de Espana,1800,0200,Spanish,Noblejas,Spain,23456,,200,290,Spain,HFCC
17860000,AM,Radio Romania International,1100,1200,English,Tiganesti,Romania,1234567,,300,172,Romania,HFCC
17865000,AM,China Radio International,0600,0700,French,Kashi,China,1234567,,500,308,China,HFCC
17865000,AM,China Radio International,0700,0800,French,Kashi,China,1234567,,500,308,China,HFCC
17865000,AM,IBRA Radio,0830,0900,Dari,Dhabayya,United Arab Emirates,1234567,,250,45,United Arab Emirates,HFCC
17865000,AM,IBRA Radio,0900,1030,Dari,Dhabayya,United Arab Emirates,1234567,,250,45,United Arab Emirates,HFCC
17870000,AM,China Radio International,0100,0200,Standard Chinese,Kunming,China,1234567,,150,135,China,HFCC
17870000,AM,Media Broadcast GmbH,1700,1800,Multiple languages,Issoudun,France,4,,100,144,France,HFCC
17870000,AM,Media Broadcast GmbH,1700,1800,Multiple languages,Issoudun,France,7,,100,140,France,HFCC
17880000,AM,China Radio International,0000,0100,Portuguese,Beijing,China,1234567,,500,318,China,HFCC
17880000,AM,China Radio International,1300,1400,French,Bamako,Mali,1234567,,100,111,Mali,HFCC
17880000,AM,China Radio International,1600,1700,Arabic,Bamako,Mali,1234567,,100,20,Mali,HFCC
17880000,AM,China Radio International,2200,2300,Spanish,Beijing,China,1234567,,500,318,China,HFCC
17880000,AM,China Radio International,2300,2400,Portuguese,Beijing,China,1234567,,500,318,China,HFCC
17885000,AM,Broadcasting Serv. of the Kingdom of Saudi Arabia,1200,1400,Arabic,Riyadh,Saudi Arabia,1234567,,500,100,Saudi Arabia,HFCC
17890000,AM,China National Radio,0100,1000,Chinese,Beijing,China,1234567,,100,222,China,HFCC
17890000,AM,Radio Russia,1000,1400,Russian,Armavir,Russia,1234567,,100,104,Russia,HFCC
17895000,AM,Broadcasting Serv. of the Kingdom of Saudi Arabia,0300,0800,Arabic,Riyadh,Saudi Arabia,1234567,,500,40,Saudi Arabia,HFCC
17895000,AM,Nippon Hoso Kyokai,0800,0900,Japanese,Tokyo Yamata,Japan,1234567,,300,305,Japan,HFCC
17895000,AM,Broadcasting Serv. of the Kingdom of Saudi Arabia,1200,1500,Arabic,Riyadh,Saudi Arabia,1234567,,500,295,Saudi Arabia,HFCC
17900000,AM,For new organization,0500,1900,Multiple languages,Sofia,Bulgaria,1234567,,50,306,Bulgaria,HFCC
18925000,AM,Radio Europe Netherlands,0000,2400,Dutch,Alphen aan den Rijn,Netherlands,1234567,,2,0,Netherlands,HFCC
18950000,AM,"HFCC, Intl. Radio for Disaster Relief project",0000,2400,Undetermined,S. Maria di Galeria,Vatican,1234567,,100,0,Vatican,HFCC
18975000,AM,China Radio International,0700,0730,Standard Chinese,Kunming,China,1234567,,150,135,China,HFCC
18985000,AM,China Radio International,0200,0300,Standard Chinese,Kunming,China,1234567,,150,135,China,HFCC
18985000,AM,China Radio International,0500,0600,Standard Chinese,Kunming,China,1234567,,150,135,China,HFCC
19005000,AM,China Radio International,0330,0400,Standard Chinese,Kunming,China,1234567,,150,135,China,HFCC
19015000,AM,China Radio International,0130,0200,Standard Chinese,Kunming,China,1234567,,150,135,China,HFCC
19015000,AM,China Radio International,0300,0330,Standard Chinese,Kunming,China,1234567,,150,135,China,HFCC
19015000,AM,China Radio International,0400,0500,Standard Chinese,Kunming,China,1234567,,150,135,China,HFCC
19015000,AM,China Radio International,0600,0700,Standard Chinese,Kunming,China,1234567,,150,135,China,HFCC
19015000,AM,China Radio International,0800,0830,Standard Chinese,Kunming,China,1234567,,150,135,China,HFCC
21455000,AM,Media Broadcast GmbH,1100,1200,Multiple languages,Madagascar,Madagascar,3457,,125,45,Madagascar,HFCC
21455000,AM,Media Broadcast GmbH,1200,1230,Multiple languages,Madagascar,Madagascar,7,,125,45,Madagascar,HFCC
21460000,AM,Broadcasting Serv. of the Kingdom of Saudi Arabia,1300,1600,Arabic,Riyadh,Saudi Arabia,1234567,,500,190,Saudi Arabia,HFCC
21460000,AM,Media Broadcast GmbH,1400,1500,Multiple languages,Issoudun,France,1357,,250,83,France,HFCC
21470000,AM,Radio Romania International,0400,0430,Chinese,Tiganesti,Romania,1234567,,300,67,Romania,HFCC
21470000,AM,Radio Romania International,0900,1000,Romanian,Tiganesti,Romania,1,,300,247,Romania,HFCC
21470000,AM,Abu Dhabi Media Company,1330,1600,Somali,Dhabayya,United Arab Emirates,7,,250,225,United Arab Emirates,HFCC
21470000,AM,BBC Worldservice,1400,1430,Hausa,Dhabayya,United Arab Emirates,23456,,250,260,United Arab Emirates,HFCC
21470000,AM,BBC Worldservice,1400,1600,English,Dhabayya,United Arab Emirates,7,,250,245,United Arab Emirates,HFCC
21470000,AM,BBC Worldservice,1530,1730,English,S. Maria di Galeria,Vatican,1,,250,170,Vatican,HFCC
21480000,AM,Media Broadcast GmbH,1200,1229,Multiple languages,Madagascar,Madagascar,1,,125,70,Madagascar,HFCC
21480000,AM,Media Broadcast GmbH,1200,1230,Multiple languages,Tashkent,Ouzbékistan,7,,100,90,Ouzbékistan,HFCC
21480000,AM,Media Broadcast GmbH,1230,1245,Multiple languages,Duchanbe,Tajikistan,1,,100,125,Tajikistan,HFCC
21480000,AM,Radio Romania International,2030,2100,English,Tiganesti,Romania,1234567,,300,307,Romania,HFCC
21485000,AM,Broadcasting Serv. of the Kingdom of Saudi Arabia,0900,1200,Arabic,Riyadh,Saudi Arabia,1234567,,500,295,Saudi Arabia,HFCC
21495000,AM,Broadcasting Serv. of the Kingdom of Saudi Arabia,0900,1200,Arabic,Riyadh,Saudi Arabia,1234567,,500,70,Saudi Arabia,HFCC
21500000,AM,Nippon Hoso Kyokai,0200,0400,Japanese,Tokyo Yamata,Japan,1234567,,300,85,Japan,HFCC
21500000,AM,Nippon Hoso Kyokai,0500,0520,French,Tokyo Yamata,Japan,1234567,,300,330,Japan,HFCC
21500000,AM,Nippon Hoso Kyokai,0700,0900,Japanese,Tokyo Yamata,Japan,1234567,,300,330,Japan,HFCC
21505000,AM,Broadcasting Serv. of the Kingdom of Saudi Arabia,1200,1500,Arabic,Riyadh,Saudi Arabia,1234567,,500,295,Saudi Arabia,HFCC
21510000,AM,Radio Romania International,1100,1200,English,Tiganesti,Romania,1234567,,300,172,Romania,HFCC
21520000,AM,BBC Worldservice,1200,1230,French,Dhabayya,United Arab Emirates,1234567,,250,240,United Arab Emirates,HFCC
21530000,AM,Broadcasting Serv. of the Kingdom of Saudi Arabia,1000,1300,English,Jeddah,Saudi Arabia,1234567,,250,300,Saudi Arabia,HFCC
21550000,AM,Radio France Internationale,1200,1300,French,Issoudun,France,1234567,,500,150,France,HFCC
21555000,AM,Broadcasting Serv. of the Kingdom of Saudi Arabia,0900,1200,Arabic,Riyadh,Saudi Arabia,1234567,,500,310,Saudi Arabia,HFCC
21565000,AM,BBC Worldservice,1200,1400,English,Madagascar,Madagascar,1234567,,250,85,Madagascar,HFCC
21580000,AM,Radio France Internationale,0700,0800,French,Issoudun,France,1234567,,250,155,France,HFCC
21580000,AM,Radio France Internationale,0800,0900,French,Issoudun,France,1234567,,250,147,France,HFCC
21580000,AM,Radio France Internationale,0900,1000,French,Issoudun,France,1234567,,500,160,France,HFCC
21580000,AM,Radio France Internationale,1700,1800,French,Issoudun,France,1234567,,250,147,France,HFCC
21580000,AM,Radio France Internationale,1900,2000,French,Issoudun,France,1234567,,250,150,France,HFCC
21595000,AM,Encompass Digital Media Services,1200,1230,Somali,Dhabayya,United Arab Emirates,1234567,,250,225,United Arab Emirates,HFCC
21600000,AM,Broadcasting Serv. of the Kingdom of Saudi Arabia,0600,0900,Arabic,Jeddah,Saudi Arabia,1234567,,250,75,Saudi Arabia,HFCC
21600000,AM,Broadcasting Serv. of the Kingdom of Saudi Arabia,1200,1400,Arabic,Riyadh,Saudi Arabia,1234567,,500,100,Saudi Arabia,HFCC
21620000,AM,Radio Exterior de Espana,1400,1800,Spanish,Noblejas,Spain,17,,200,161,Spain,HFCC
21620000,AM,Radio Exterior de Espana,2000,2400,Spanish,Noblejas,Spain,23456,,200,161,Spain,HFCC
21630000,AM,BBC Worldservice,1100,1400,Hausa,Ascension,United Kingdom,1,,250,55,United Kingdom,HFCC
21630000,AM,BBC Worldservice,1100,1430,Hausa,Ascension,United Kingdom,7,,250,65,United Kingdom,HFCC
21630000,AM,Abu Dhabi Media Company,1400,1430,Hausa,Dhabayya,United Arab Emirates,23456,,250,260,United Arab Emirates,HFCC
21630000,AM,BBC Worldservice,1400,1430,Hausa,Ascension,United Kingdom,23456,,250,65,United Kingdom,HFCC
21640000,AM,Broadcasting Serv. of the Kingdom of Saudi Arabia,1200,1500,Arabic,Riyadh,Saudi Arabia,1234567,,500,310,Saudi Arabia,HFCC
21645000,AM,BBC Worldservice,1300,1700,Hausa,Ascension,United Kingdom,7,,250,65,United Kingdom,HFCC
21650000,AM,China Radio International,0300,0330,Standard Chinese,Kunming,China,1234567,,150,135,China,HFCC
21650000,AM,China Radio International,0630,0700,Standard Chinese,Kunming,China,1234567,,150,135,China,HFCC
21650000,AM,Broadcasting Serv. of the Kingdom of Saudi Arabia,0900,1200,Persian,Jeddah,Saudi Arabia,1234567,,250,50,Saudi Arabia,HFCC
21655000,AM,China Radio International,0730,0800,Standard Chinese,Kunming,China,1234567,,150,135,China,HFCC
21660000,AM,Broadcasting Serv. of the Kingdom of Saudi Arabia,0800,1000,French,Jeddah,Saudi Arabia,1234567,,250,300,Saudi Arabia,HFCC
21660000,AM,Broadcasting Serv. of the Kingdom of Saudi Arabia,1200,1500,Urdu,Riyadh,Saudi Arabia,1234567,,500,70,Saudi Arabia,HFCC
21660000,AM,Encompass Digital Media Services,1700,1730,Swahili (macrolanguage),Ascension,United Kingdom,1,,250,65,United Kingdom,HFCC
21665000,AM,Broadcasting Serv. of the Kingdom of Saudi Arabia,0300,0600,Chinese Sign Language,Riyadh,Saudi Arabia,1234567,,500,55,Saudi Arabia,HFCC
21670000,AM,Broadcasting Serv. of the Kingdom of Saudi Arabia,0800,1000,French,Jeddah,Saudi Arabia,1234567,,250,270,Saudi Arabia,HFCC
21670000,AM,Broadcasting Serv. of the Kingdom of Saudi Arabia,0900,1200,Indonesian,Riyadh,Saudi Arabia,1234567,,500,100,Saudi Arabia,HFCC
21680000,AM,Radio France Internationale,0900,1000,French,Issoudun,France,1234567,,500,147,France,HFCC
21680000,AM,Radio France Internationale,1200,1300,French,Issoudun,France,1234567,,500,155,France,HFCC
21680000,AM,Radio France Internationale,1500,1600,Swahili (macrolanguage),Issoudun,France,1234567,,250,145,France,HFCC
21680000,AM,Radio France Internationale,1700,1800,French,Issoudun,France,1234567,,250,165,France,HFCC
21680000,AM,Radio France Internationale,1800,1900,French,Issoudun,France,1234567,,250,155,France,HFCC
21690000,AM,Abu Dhabi Media Company,0600,0700,Tibetan,Dhabayya,United Arab Emirates,1234567,,500,75,United Arab Emirates,HFCC
21695000,AM,United States Agency for Global Media (USAGM),0900,1100,Mandarin Chinese,Tinang 1,Philippines,1234567,,250,349,Philippines,HFCC
21705000,AM,Broadcasting Serv. of the Kingdom of Saudi Arabia,0900,1200,Arabic,Riyadh,Saudi Arabia,1234567,,500,310,Saudi Arabia,HFCC
21720000,AM,Philippines Broadcasting Service,0200,0330,Filipino,Tinang 1,Philippines,1234567,,250,283,Philippines,HFCC
21730000,AM,Vatican Radio,1130,1145,Spanish,S. Maria di Galeria,Vatican,1234567,,250,285,Vatican,HFCC
21745000,AM,Vatican Radio,1100,1145,Chinese,S. Maria di Galeria,Vatican,7,,250,62,Vatican,HFCC
21760000,AM,Vatican Radio,1100,1145,Chinese,S. Maria di Galeria,Vatican,7,,250,43,Vatican,HFCC
21760000,AM,Vatican Radio,1230,1250,Russian,S. Maria di Galeria,Vatican,1234567,,250,41,Vatican,HFCC
21775000,AM,Vatican Radio,1100,1145,Chinese,S. Maria di Galeria,Vatican,7,,250,68,Vatican,HFCC
21800000,AM,For new organization,0000,2359,Multiple languages,Sofia,Bulgaria,1234567,,50,306,Bulgaria,HFCC
21830000,AM,China Radio International,0430,0500,Standard Chinese,Kunming,China,1234567,,150,135,China,HFCC
21830000,AM,China Radio International,0500,0530,Standard Chinese,Kunming,China,1234567,,150,135,China,HFCC
21840000,AM,"HFCC, Intl. Radio for Disaster Relief project",0000,2400,Undetermined,S. Maria di Galeria,Vatican,1234567,,100,0,Vatican,HFCC
25795000,AM,World Music Radio,0000,2359,Multiple languages,Marslet,Denmark,1234567,,10,0,Denmark,HFCC
25800000,AM,World Music Radio,0000,2359,Multiple languages,Marslet,Denmark,1234567,,10,0,Denmark,HFCC
25805000,AM,World Music Radio,0000,2359,Multiple languages,Marslet,Denmark,1234567,,10,0,Denmark,HFCC
25850000,AM,Radio Onda ASBL,0000,2400,Portuguese,Junglinster,Luxembourg,1234567,,1,0,Luxembourg,HFCC
26000000,AM,For new organization,0000,2359,Multiple languages,Sofia,Bulgaria,1234567,,50,306,Bulgaria,HFCC
26010000,AM,"HFCC, Intl. Radio for Disaster Relief project",0000,2400,Undetermined,S. Maria di Galeria,Vatican,1234567,,100,0,Vatican,HFCC
26040000,AM,For new organization,0000,2400,German,Berlin (Deutschlandradio),Germany,1234567,,1,0,Germany,HFCC